date,quarter,year,event_type,event_name,total_tickets,sold_tickets,avg_ticket_price,total_revenue,vip_revenue,merchandise_revenue,sponsor_revenue,month,sell_rate,revenue_per_ticket,vip_revenue_ratio,sponsor_revenue_ratio,is_weekend
2016-01-02,1,2016,演唱会,BLACKPINK世界巡演北京站,37940,33894,583.15,19765286.1,6484433.11,422700.09,3436299.17,1,0.8934,583.15,0.3281,0.1739,True
2016-01-02,1,2016,演唱会,2016周杰伦巡回演唱会,39643,35922,729.73,26213361.06,8947727.26,414115.54,3057426.41,1,0.9061,729.73,0.3413,0.1166,True
2016-01-04,1,2016,体育赛事,意大利超级杯,51242,33541,207.37,6955397.17,2987595.61,74136.06,1361116.04,1,0.6546,207.37,0.4295,0.1957,False
2016-01-06,1,2016,演唱会,华晨宇火星演唱会,49642,43865,1096.57,48101043.05,17338302.67,919077.87,4737252.66,1,0.8836,1096.57,0.3605,0.0985,False
2016-01-07,1,2016,文化活动,2016冰雪文化节,31348,27908,391.47,10925144.76,2634367.27,123243.94,2357980.95,1,0.8903,391.47,0.2411,0.2158,False
2016-01-07,1,2016,文化活动,国潮音乐节,23259,15209,254.61,3872363.49,594635.44,23724.88,479635.16,1,0.6539,254.61,0.1536,0.1239,False
2016-01-07,1,2016,展览,2016国际消费电子展,14443,9496,74.59,708306.64,144692.83,8010.23,90849.24,1,0.6575,74.59,0.2043,0.1283,False
2016-01-10,1,2016,商业活动,2016品牌新品发布会,15882,14607,1497.81,21878510.67,8922854.96,70058.67,8579276.79,1,0.9197,1497.81,0.4078,0.3921,True
2016-01-14,1,2016,文化活动,2016国庆文艺汇演,25171,18943,362.55,6867784.65,755317.94,59116.26,819646.43,1,0.7526,362.55,0.11,0.1193,False
2016-01-15,1,2016,展览,未来生活体验展,21121,17213,115.25,1983798.25,158586.19,33860.03,308237.0,1,0.815,115.25,0.0799,0.1554,False
2016-01-15,1,2016,文化活动,2016国潮音乐节,39081,25470,282.99,7207755.3,1079533.39,51022.17,1012789.23,1,0.6517,282.99,0.1498,0.1405,False
2016-01-16,1,2016,体育赛事,2016意大利超级杯,40307,27459,278.28,7641290.52,2452412.09,46127.48,2289797.31,1,0.6812,278.28,0.3209,0.2997,True
2016-01-18,1,2016,演唱会,2016周杰伦巡回演唱会,43698,40159,884.41,35517021.19,15537470.57,463535.96,4154264.21,1,0.919,884.41,0.4375,0.117,False
2016-01-20,1,2016,商业活动,2016创业大赛总决赛,4423,4056,846.27,3432471.12,1134023.47,20438.53,1323261.8,1,0.917,846.27,0.3304,0.3855,False
2016-01-24,1,2016,文化活动,2016央视春晚分会场,22628,16637,153.88,2560101.56,830379.37,21303.82,458765.3,1,0.7352,153.88,0.3244,0.1792,True
2016-01-25,1,2016,体育赛事,2016中超联赛北京德比,58453,45514,526.23,23950832.22,3758622.67,237173.23,6634360.68,1,0.7786,526.23,0.1569,0.277,False
2016-01-26,1,2016,商业活动,互联网大会开幕式,5351,4974,1310.45,6518178.3,1786131.91,41178.65,1636143.04,1,0.9295,1310.45,0.274,0.251,False
2016-01-29,1,2016,演唱会,周杰伦巡回演唱会,38841,33917,804.07,27271642.19,14200086.18,436476.91,3661327.68,1,0.8732,804.07,0.5207,0.1343,False
2016-01-31,1,2016,文化活动,2016北京国际电影节开幕式,39794,32144,375.31,12063964.64,2430179.5,125859.23,1489045.0,1,0.8078,375.31,0.2014,0.1234,True
2016-02-01,1,2016,演唱会,Ed Sheeran中国巡演,47869,43613,662.96,28913674.48,16386280.48,705202.61,3269414.62,2,0.9111,662.96,0.5667,0.1131,False
2016-02-04,1,2016,体育赛事,NFL中国赛,45026,32385,310.09,10042264.65,3969197.17,55161.29,1821042.26,2,0.7193,310.09,0.3952,0.1813,False
2016-02-10,1,2016,展览,数字艺术沉浸展,26568,21069,204.07,4299550.83,856195.53,55959.35,962146.49,2,0.793,204.07,0.1991,0.2238,False
2016-02-12,1,2016,商业活动,品牌周年庆典,9946,8331,1308.04,10897281.24,4569543.54,86188.83,4552739.17,2,0.8376,1308.04,0.4193,0.4178,False
2016-02-13,1,2016,演唱会,2016孙燕姿克卜勒巡演,27049,24828,1110.23,27564790.44,9820005.02,361361.09,2347642.82,2,0.9179,1110.23,0.3563,0.0852,True
2016-02-17,1,2016,体育赛事,2016中国足协杯决赛,44063,36928,258.31,9538871.68,1296416.62,76293.82,2415957.58,2,0.8381,258.31,0.1359,0.2533,False
2016-02-17,1,2016,演唱会,2016周杰伦巡回演唱会,29754,25654,574.77,14745149.58,8097975.29,275985.72,2148532.45,2,0.8622,574.77,0.5492,0.1457,False
2016-02-19,1,2016,文化活动,2016中秋赏月晚会,18302,12427,121.8,1513608.6,204190.23,18667.21,237486.49,2,0.679,121.8,0.1349,0.1569,False
2016-02-27,1,2016,体育赛事,2016法国超级杯北京站,45319,35013,414.23,14503434.99,4897006.68,168381.42,4062119.75,2,0.7726,414.23,0.3376,0.2801,True
2016-02-28,1,2016,文化活动,2016中秋赏月晚会,27623,21722,390.44,8481137.68,1849278.87,119992.46,1047377.56,2,0.7864,390.44,0.218,0.1235,True
2016-03-04,1,2016,体育赛事,2016法国超级杯北京站,52919,36166,433.22,15667834.52,4085600.48,181065.91,2442269.91,3,0.6834,433.22,0.2608,0.1559,False
2016-03-06,1,2016,文化活动,2016中秋赏月晚会,33331,24765,426.15,10553604.75,2165245.32,144855.77,1598652.48,3,0.743,426.15,0.2052,0.1515,True
2016-03-06,1,2016,展览,全球创新科技展,23498,16690,171.73,2866173.7,315692.81,25795.13,363869.6,3,0.7103,171.73,0.1101,0.127,True
2016-03-07,1,2016,商业活动,2016互联网大会开幕式,13227,11106,924.77,10270495.62,5895909.34,69447.78,4193605.73,3,0.8396,924.77,0.5741,0.4083,False
2016-03-07,1,2016,展览,2016当代艺术大展,16295,11648,159.34,1855992.32,329861.28,17020.69,257219.97,3,0.7148,159.34,0.1777,0.1386,False
2016-03-08,1,2016,演唱会,2016邓紫棋启示录巡演,36677,33066,1526.76,50483846.16,16070213.97,758871.41,6973361.02,3,0.9015,1526.76,0.3183,0.1381,False
2016-03-09,1,2016,商业活动,2016互联网大会开幕式,14372,12163,1083.73,13181407.99,8129803.7,61310.19,4440689.4,3,0.8463,1083.73,0.6168,0.3369,False
2016-03-09,1,2016,演唱会,2016Coldplay北京演唱会,31689,27425,643.98,17661151.5,8844467.77,345872.35,3112199.63,3,0.8654,643.98,0.5008,0.1762,False
2016-03-12,1,2016,商业活动,2016世界500强企业峰会,12090,9847,456.38,4493973.86,4653602.76,19166.58,1748525.35,3,0.8145,456.38,1.0355,0.3891,True
2016-03-17,1,2016,展览,国际文创博览会,36384,29728,162.52,4831394.56,661270.83,47740.03,871007.64,3,0.8171,162.52,0.1369,0.1803,False
2016-03-17,1,2016,体育赛事,中超联赛北京德比,53378,36466,413.96,15095465.36,1936950.06,118928.82,3629210.76,3,0.6832,413.96,0.1283,0.2404,False
2016-03-21,1,2016,文化活动,2016国潮音乐节,46984,40712,151.96,6186595.52,630267.42,82250.66,1351604.92,3,0.8665,151.96,0.1019,0.2185,False
2016-03-25,1,2016,体育赛事,中国足协杯决赛,46752,38399,450.46,17297213.54,6360445.05,157336.26,4478562.13,3,0.8213,450.46,0.3677,0.2589,False
2016-03-25,1,2016,展览,国际消费电子展,25137,14799,274.66,4064693.34,531869.08,59820.12,814388.43,3,0.5887,274.66,0.1309,0.2004,False
2016-03-25,1,2016,体育赛事,NBA中国赛北京站,56582,42571,584.12,24866572.52,6008490.98,292824.19,4059747.3,3,0.7524,584.12,0.2416,0.1633,False
2016-03-26,1,2016,体育赛事,2016NFL中国赛,59422,49041,305.83,14998209.03,1827641.44,111798.34,3576887.67,3,0.8253,305.83,0.1219,0.2385,True
2016-03-29,1,2016,体育赛事,2016NBA中国赛北京站,51927,39856,523.94,20882152.64,6267179.28,227503.53,5540821.54,3,0.7675,523.94,0.3001,0.2653,False
2016-04-01,2,2016,演唱会,张杰未LIVE巡演,36579,31705,743.44,23570765.2,5933885.22,479225.99,2314366.49,4,0.8668,743.44,0.2517,0.0982,False
2016-04-03,2,2016,文化活动,2016春节文化庙会,32159,27510,299.66,8243646.6,1001325.04,90172.62,1353036.48,4,0.8554,299.66,0.1215,0.1641,True
2016-04-05,2,2016,体育赛事,国际马术大师赛,72064,57718,279.7,16143724.6,6477526.12,87620.8,3092034.16,4,0.8009,279.7,0.4012,0.1915,False
2016-04-06,2,2016,演唱会,2016蔡依林Ugly Beauty巡演,46543,42360,1543.73,65392402.8,16224240.88,1391128.2,11085364.84,4,0.9101,1543.73,0.2481,0.1695,False
2016-04-06,2,2016,体育赛事,亚洲田径锦标赛,73851,52679,440.55,23207733.45,4270281.43,145651.44,5444412.75,4,0.7133,440.55,0.184,0.2346,False
2016-04-07,2,2016,体育赛事,2016意大利超级杯,66641,54466,640.48,34884383.68,6520551.38,305578.33,8303396.16,4,0.8173,640.48,0.1869,0.238,False
2016-04-08,2,2016,演唱会,2016李荣浩纵横四海巡演,64588,60001,893.7,53622893.7,19470068.17,1294349.07,4330232.93,4,0.929,893.7,0.3631,0.0808,False
2016-04-12,2,2016,展览,2016国际摄影大展,19045,13471,172.65,2325768.15,375668.74,27859.34,572211.43,4,0.7073,172.65,0.1615,0.246,False
2016-04-13,2,2016,演唱会,2016BLACKPINK世界巡演北京站,58427,53726,1193.79,64137561.54,25888535.53,1576752.87,9690880.76,4,0.9195,1193.79,0.4036,0.1511,False
2016-04-13,2,2016,演唱会,BTS巡演北京站,37904,35227,950.91,33497706.57,11354909.69,611494.65,4463868.98,4,0.9294,950.91,0.339,0.1333,False
2016-04-18,2,2016,展览,国际汽车展览会,17069,9985,188.66,1883770.1,340765.33,17080.13,434387.16,4,0.585,188.66,0.1809,0.2306,False
2016-04-19,2,2016,商业活动,2016国际商务大会,7330,5594,1999.88,11187328.72,8713537.06,41380.38,4576215.55,4,0.7632,1999.88,0.7789,0.4091,False
2016-04-23,2,2016,体育赛事,2016北京马拉松起点仪式,68996,51376,602.03,30929893.28,10895249.81,271517.06,6675032.89,4,0.7446,602.03,0.3523,0.2158,True
2016-04-23,2,2016,文化活动,2016鸟巢新年音乐会,36920,29014,538.25,15616785.5,2613326.19,225795.12,2738012.39,4,0.7859,538.25,0.1673,0.1753,True
2016-04-26,2,2016,体育赛事,2016NFL中国赛,77289,64982,598.56,38895625.92,9397505.34,250169.36,10000439.3,4,0.8408,598.56,0.2416,0.2571,False
2016-04-28,2,2016,体育赛事,2016亚洲田径锦标赛,54359,39526,644.62,25479250.12,3693267.73,256213.43,6573786.17,4,0.7271,644.62,0.145,0.258,False
2016-04-29,2,2016,体育赛事,2016国际马术大师赛,72786,66009,412.69,27241254.21,4891085.91,191111.22,6598990.6,4,0.9069,412.69,0.1795,0.2422,False
2016-04-30,2,2016,演唱会,周杰伦巡回演唱会,63652,61817,1308.15,80865908.55,45243358.97,1713880.33,7702793.51,4,0.9712,1308.15,0.5595,0.0953,True
2016-05-01,2,2016,体育赛事,北京马拉松起点仪式,81750,72873,336.0,24485328.0,3753924.49,154361.53,6748734.7,5,0.8914,336.0,0.1533,0.2756,True
2016-05-05,2,2016,展览,2016中国品牌日展览,19132,12436,189.48,2356373.28,424335.45,27012.19,389046.46,5,0.65,189.48,0.1801,0.1651,False
2016-05-06,2,2016,演唱会,2016毛不易小王巡演,47432,43878,885.0,38832030.0,9989225.31,859991.39,4184489.74,5,0.9251,885.0,0.2572,0.1078,False
2016-05-10,2,2016,文化活动,北京国际电影节开幕式,61646,47809,453.81,21696202.29,2894548.03,171164.6,4507744.33,5,0.7755,453.81,0.1334,0.2078,False
2016-05-14,2,2016,演唱会,2016蔡依林Ugly Beauty巡演,58050,53375,1340.69,71559328.75,33109704.7,954512.66,8117424.13,5,0.9195,1340.69,0.4627,0.1134,True
2016-05-16,2,2016,商业活动,2016企业年会盛典,5232,4087,2175.43,8890982.41,4515480.45,36540.7,2633641.99,5,0.7812,2175.43,0.5079,0.2962,False
2016-05-17,2,2016,演唱会,2016孙燕姿克卜勒巡演,71723,66155,1686.85,111593561.75,68139035.11,2214191.05,17931413.13,5,0.9224,1686.85,0.6106,0.1607,False
2016-05-18,2,2016,体育赛事,2016NFL中国赛,57382,35999,384.5,13841615.5,1648153.43,125699.74,2951221.81,5,0.6274,384.5,0.1191,0.2132,False
2016-05-18,2,2016,商业活动,2016金融峰会,9679,7994,1876.95,15004338.3,7885487.01,75727.77,5407705.11,5,0.8259,1876.95,0.5255,0.3604,False
2016-05-21,2,2016,展览,2016国际摄影大展,32425,19605,214.16,4198606.8,677318.81,62930.64,723552.23,5,0.6046,214.16,0.1613,0.1723,True
2016-05-21,2,2016,演唱会,2016张杰未LIVE巡演,43026,41609,1644.12,68410189.08,36246949.77,1291967.59,11048617.88,5,0.9671,1644.12,0.5298,0.1615,True
2016-05-22,2,2016,体育赛事,2016全国田径锦标赛,63079,38069,344.02,13096497.38,5229380.14,120250.62,3144174.73,5,0.6035,344.02,0.3993,0.2401,True
2016-05-23,2,2016,商业活动,2016科技产品首发仪式,19397,16184,1315.44,21289080.96,14889205.73,73483.2,8604986.6,5,0.8344,1315.44,0.6994,0.4042,False
2016-05-25,2,2016,商业活动,国际商务大会,15511,13110,2051.22,26891494.2,25646799.06,109574.82,6890585.77,5,0.8452,2051.22,0.9537,0.2562,False
2016-05-27,2,2016,体育赛事,北京马拉松起点仪式,75357,56650,462.3,26189295.0,5320830.08,260177.0,6278697.76,5,0.7518,462.3,0.2032,0.2397,False
2016-05-28,2,2016,演唱会,2016毛不易小王巡演,48341,44799,1167.25,52291632.75,19586268.31,720507.7,9152276.89,5,0.9267,1167.25,0.3746,0.175,True
2016-05-29,2,2016,体育赛事,2016NBA中国赛北京站,75817,63905,678.74,43374879.7,15138415.17,491157.48,10713583.92,5,0.8429,678.74,0.349,0.247,True
2016-05-30,2,2016,文化活动,2016中国传统文化周,61728,48700,395.77,19273999.0,2411347.26,242451.74,2372858.32,5,0.7889,395.77,0.1251,0.1231,False
2016-06-02,2,2016,体育赛事,2016国际马术大师赛,70319,55608,480.71,26731321.68,3350895.47,263945.64,5372494.3,6,0.7908,480.71,0.1254,0.201,False
2016-06-02,2,2016,展览,2016未来生活体验展,50737,36100,320.27,11561747.0,2026739.84,141841.48,2705061.47,6,0.7115,320.27,0.1753,0.234,False
2016-06-04,2,2016,演唱会,2016Coldplay北京演唱会,82744,81066,1395.04,113090312.64,49956156.59,2062584.44,16143703.91,6,0.9797,1395.04,0.4417,0.1428,True
2016-06-04,2,2016,展览,2016全球创新科技展,37412,25305,346.47,8767423.35,704961.99,101230.61,1379475.76,6,0.6764,346.47,0.0804,0.1573,True
2016-06-09,2,2016,体育赛事,NBA中国赛北京站,103096,88183,500.7,44153228.1,14846441.22,494047.81,10602062.84,6,0.8553,500.7,0.3362,0.2401,False
2016-06-10,2,2016,体育赛事,2016北京马拉松起点仪式,90665,69273,481.16,33331396.68,4959336.55,210156.72,8897405.4,6,0.7641,481.16,0.1488,0.2669,False
2016-06-10,2,2016,体育赛事,2016国际田联钻石联赛,76711,58748,734.12,43128081.76,9314332.16,371191.99,9646800.96,6,0.7658,734.12,0.216,0.2237,False
2016-06-10,2,2016,商业活动,2016行业峰会论坛,10912,8672,2118.8,18374233.6,12706822.53,63527.7,7818092.57,6,0.7947,2118.8,0.6916,0.4255,False
2016-06-13,2,2016,文化活动,鸟巢光影秀,44669,29091,607.04,17659400.64,2042350.74,258870.88,1997918.6,6,0.6513,607.04,0.1157,0.1131,False
2016-06-13,2,2016,商业活动,品牌新品发布会,26056,22231,3181.23,70721924.13,50223184.69,404451.23,29908201.01,6,0.8532,3181.23,0.7102,0.4229,False
2016-06-13,2,2016,展览,2016国际摄影大展,45716,36809,391.22,14400416.98,2905277.95,215642.13,3001310.43,6,0.8052,391.22,0.2017,0.2084,False
2016-06-13,2,2016,文化活动,北京国际电影节开幕式,69985,62309,474.65,29574966.85,5490443.02,395698.93,3768886.47,6,0.8903,474.65,0.1856,0.1274,False
2016-06-14,2,2016,文化活动,世界文化遗产日庆典,46053,37037,771.18,28562193.66,5311986.71,334350.51,4706999.4,6,0.8042,771.18,0.186,0.1648,False
2016-06-15,2,2016,展览,2016中国品牌日展览,51984,34706,153.93,5342294.58,1092413.74,52020.78,1176432.21,6,0.6676,153.93,0.2045,0.2202,False
2016-06-16,2,2016,展览,2016国际汽车展览会,34932,25719,107.78,2771993.82,676277.11,49033.18,602783.19,6,0.7363,107.78,0.244,0.2175,False
2016-06-18,2,2016,演唱会,2016薛之谦天外来物巡演,83664,73860,783.8,57891468.0,18131963.54,1405370.22,5222931.31,6,0.8828,783.8,0.3132,0.0902,True
2016-06-19,2,2016,展览,2016国际航空航天展,32427,27084,144.11,3903075.24,638600.71,47606.87,792356.95,6,0.8352,144.11,0.1636,0.203,True
2016-06-19,2,2016,体育赛事,2016意大利超级杯,80121,56296,821.85,46266867.6,11374085.49,512491.6,11901624.53,6,0.7026,821.85,0.2458,0.2572,True
2016-06-19,2,2016,文化活动,2016世界文化遗产日庆典,73469,51162,706.46,36143906.52,10055215.46,491667.33,6915156.25,6,0.6964,706.46,0.2782,0.1913,True
2016-06-20,2,2016,演唱会,张学友经典世界巡演,67256,57178,1827.88,104514522.64,38349679.65,2012883.31,10718383.84,6,0.8502,1827.88,0.3669,0.1026,False
2016-06-22,2,2016,文化活动,2016冰雪文化节,52822,34487,248.66,8575537.42,1472379.6,97762.71,1157693.34,6,0.6529,248.66,0.1717,0.135,False
2016-06-23,2,2016,演唱会,BLACKPINK世界巡演北京站,57134,55892,1031.08,57629123.36,24745082.55,1217821.21,7835536.17,6,0.9783,1031.08,0.4294,0.136,False
2016-06-23,2,2016,演唱会,2016周杰伦巡回演唱会,50041,44815,840.04,37646392.6,10602184.52,516708.21,5148297.97,6,0.8956,840.04,0.2816,0.1368,False
2016-06-24,2,2016,演唱会,2016Ed Sheeran中国巡演,51714,49982,1821.67,91050709.94,41782174.33,1446328.37,15799135.72,6,0.9665,1821.67,0.4589,0.1735,False
2016-06-24,2,2016,商业活动,2016世界500强企业峰会,13557,12377,805.33,9967569.41,8393422.62,70635.07,3393595.13,6,0.913,805.33,0.8421,0.3405,False
2016-06-25,2,2016,展览,2016国际文创博览会,43468,32387,257.35,8334794.45,1174723.34,105867.11,1806619.03,6,0.7451,257.35,0.1409,0.2168,True
2016-06-26,2,2016,演唱会,2016薛之谦天外来物巡演,56508,55350,2485.94,137596779.0,50071639.69,2867925.14,12001169.17,6,0.9795,2485.94,0.3639,0.0872,True
2016-06-26,2,2016,演唱会,2016周杰伦巡回演唱会,54012,52656,1509.01,79458430.56,41571681.03,1713088.32,12456887.97,6,0.9749,1509.01,0.5232,0.1568,True
2016-06-27,2,2016,体育赛事,2016意大利超级杯,94855,71685,924.66,66284252.1,20841381.74,459866.53,15832162.59,6,0.7557,924.66,0.3144,0.2389,False
2016-06-28,2,2016,文化活动,2016冰雪文化节,43990,37127,440.05,16337736.35,3696480.61,152849.94,2638770.28,6,0.844,440.05,0.2263,0.1615,False
2016-07-01,3,2016,体育赛事,2016全国运动会田径项目,92477,73033,491.55,35899371.15,10113194.89,244364.65,8921370.66,7,0.7897,491.55,0.2817,0.2485,False
2016-07-02,3,2016,演唱会,刘德华My Love巡演,64203,61948,1757.44,108869893.12,38158837.87,2253832.72,10296441.65,7,0.9649,1757.44,0.3505,0.0946,True
2016-07-03,3,2016,商业活动,电商购物节开幕式,10858,8223,3043.31,25025138.13,17226592.13,180702.82,10288685.91,7,0.7573,3043.31,0.6884,0.4111,True
2016-07-04,3,2016,演唱会,2016Coldplay北京演唱会,58394,51389,986.15,50677262.35,18653592.12,726718.82,4502956.45,7,0.88,986.15,0.3681,0.0889,False
2016-07-04,3,2016,演唱会,BLACKPINK世界巡演北京站,59713,58414,2791.07,163037562.98,57684752.67,3311058.0,27193333.4,7,0.9782,2791.07,0.3538,0.1668,False
2016-07-05,3,2016,体育赛事,2016世界斯诺克中国公开赛,83067,53367,475.96,25400557.32,9709617.84,155874.92,4527709.35,7,0.6425,475.96,0.3823,0.1783,False
2016-07-06,3,2016,演唱会,孙燕姿克卜勒巡演,88016,84403,2750.56,232155515.68,103697712.56,4650542.57,38744549.73,7,0.959,2750.56,0.4467,0.1669,False
2016-07-07,3,2016,商业活动,2016互联网大会开幕式,12107,10675,1930.06,20603390.5,11050752.97,129579.39,9269109.88,7,0.8817,1930.06,0.5364,0.4499,False
2016-07-09,3,2016,文化活动,国潮音乐节,68598,57711,835.69,48228505.59,10771830.48,670425.44,6658595.61,7,0.8413,835.69,0.2233,0.1381,True
2016-07-09,3,2016,展览,国际汽车展览会,47235,26060,230.59,6009175.4,685692.74,89865.25,1024639.84,7,0.5517,230.59,0.1141,0.1705,True
2016-07-09,3,2016,体育赛事,2016中国足协杯决赛,95910,57996,821.91,47667492.36,9040680.14,491709.74,10728369.8,7,0.6047,821.91,0.1897,0.2251,True
2016-07-10,3,2016,演唱会,2016Taylor Swift世界巡演北京站,79747,74087,2395.41,177468740.67,95639240.9,4334107.52,14521070.6,7,0.929,2395.41,0.5389,0.0818,True
2016-07-10,3,2016,演唱会,2016Taylor Swift世界巡演北京站,98697,87016,2715.82,236319793.12,86951693.85,3916077.73,21302358.37,7,0.8816,2715.82,0.3679,0.0901,True
2016-07-10,3,2016,体育赛事,国际田联钻石联赛,90383,77455,784.55,60767320.25,13266906.71,608466.5,11600092.53,7,0.857,784.55,0.2183,0.1909,True
2016-07-10,3,2016,体育赛事,2016意大利超级杯,82965,72595,987.83,71711518.85,11319699.85,756832.67,12749179.81,7,0.875,987.83,0.1579,0.1778,True
2016-07-10,3,2016,商业活动,2016互联网大会开幕式,27455,23612,791.09,18679217.08,16034746.8,112225.84,7730165.58,7,0.86,791.09,0.8584,0.4138,True
2016-07-11,3,2016,演唱会,王力宏龙的传人巡演,70760,68479,2405.41,164720071.39,59008806.41,2623461.41,25234424.23,7,0.9678,2405.41,0.3582,0.1532,False
2016-07-12,3,2016,演唱会,Coldplay北京演唱会,64232,61855,1818.43,112478987.65,37749474.74,1806360.04,11588104.61,7,0.963,1818.43,0.3356,0.103,False
2016-07-12,3,2016,演唱会,张杰未LIVE巡演,72327,67067,1865.61,125120865.87,51745119.93,2632152.54,15068540.7,7,0.9273,1865.61,0.4136,0.1204,False
2016-07-12,3,2016,体育赛事,2016NFL中国赛,78637,55765,1002.59,55909431.35,13522910.12,633938.79,14865949.3,7,0.7091,1002.59,0.2419,0.2659,False
2016-07-14,3,2016,体育赛事,中国足协杯决赛,92306,57434,768.87,44159279.58,7977996.67,293040.3,10200872.5,7,0.6222,768.87,0.1807,0.231,False
2016-07-15,3,2016,体育赛事,国际足球友谊赛,80109,57767,647.1,37381025.7,12647887.56,274189.33,8861966.53,7,0.7211,647.1,0.3384,0.2371,False
2016-07-15,3,2016,演唱会,陈奕迅Fear and Dreams,87880,76993,1942.8,149582000.4,44137664.25,3265393.51,17165604.42,7,0.8761,1942.8,0.2951,0.1148,False
2016-07-16,3,2016,体育赛事,NBA中国赛北京站,107708,91115,554.05,50482265.75,10886852.99,343245.63,13538601.5,7,0.8459,554.05,0.2157,0.2682,True
2016-07-16,3,2016,展览,2016当代艺术大展,56499,43087,118.1,5088574.7,494700.49,59034.41,668605.93,7,0.7626,118.1,0.0972,0.1314,True
2016-07-16,3,2016,商业活动,2016电商购物节开幕式,27957,22531,3712.76,83652195.56,54561013.18,579825.14,30526148.1,7,0.8059,3712.76,0.6522,0.3649,True
2016-07-17,3,2016,体育赛事,中国足协杯决赛,110943,80078,1048.82,83987407.96,31800421.69,884405.3,16436492.87,7,0.7218,1048.82,0.3786,0.1957,True
2016-07-21,3,2016,商业活动,2016科技产品首发仪式,9945,9173,3648.96,33471910.08,21505154.05,228413.95,9538414.08,7,0.9224,3648.96,0.6425,0.285,False
2016-07-22,3,2016,演唱会,林俊杰圣所演唱会,53342,46278,2787.12,128982339.36,67716232.11,2272987.72,14340464.58,7,0.8676,2787.12,0.525,0.1112,False
2016-07-23,3,2016,演唱会,薛之谦天外来物巡演,52919,49126,1604.84,78839369.84,30627521.13,1142632.54,7976615.43,7,0.9283,1604.84,0.3885,0.1012,True
2016-07-24,3,2016,演唱会,BLACKPINK世界巡演北京站,55880,53183,1408.41,74903469.03,26888885.43,1500666.42,10735087.48,7,0.9517,1408.41,0.359,0.1433,True
2016-07-24,3,2016,演唱会,2016陈奕迅Fear and Dreams,67925,63245,1925.43,121773820.35,36930997.4,2864833.22,15219105.13,7,0.9311,1925.43,0.3033,0.125,True
2016-07-28,3,2016,体育赛事,2016国际马术大师赛,109850,86373,895.16,77317654.68,14849585.2,561674.32,21273605.13,7,0.7863,895.16,0.1921,0.2751,False
2016-07-28,3,2016,文化活动,2016非遗文化展示周,82660,63810,305.33,19483107.3,3811979.31,264954.94,2177625.14,7,0.772,305.33,0.1957,0.1118,False
2016-07-28,3,2016,体育赛事,2016世界田径锦标赛,87812,71000,996.34,70740140.0,22935266.93,548006.61,20757514.75,7,0.8085,996.34,0.3242,0.2934,False
2016-07-31,3,2016,演唱会,Coldplay北京演唱会,98891,89990,2143.11,192858468.9,104381500.76,3910534.45,27268906.63,7,0.91,2143.11,0.5412,0.1414,True
2016-07-31,3,2016,演唱会,刘德华My Love巡演,90346,82810,2228.13,184511445.3,40842378.62,3932345.57,16090954.13,7,0.9166,2228.13,0.2214,0.0872,True
2016-07-31,3,2016,演唱会,2016Ed Sheeran中国巡演,90350,80946,1469.95,118986572.7,50339467.03,2450863.76,11722504.41,7,0.8959,1469.95,0.4231,0.0985,True
2016-08-03,3,2016,演唱会,2016Taylor Swift世界巡演北京站,64772,61533,2036.86,125334106.38,38947299.77,1701789.43,17734938.59,8,0.95,2036.86,0.3107,0.1415,False
2016-08-03,3,2016,展览,2016全球创新科技展,42934,35151,220.83,7762395.33,669499.04,70944.93,1421931.22,8,0.8187,220.83,0.0862,0.1832,False
2016-08-04,3,2016,演唱会,2016王力宏龙的传人巡演,96404,84758,1557.12,131978376.96,49161707.36,2635372.55,23004832.0,8,0.8792,1557.12,0.3725,0.1743,False
2016-08-04,3,2016,演唱会,毛不易小王巡演,94346,88114,1393.22,122762187.08,71080094.87,2824105.62,21101918.07,8,0.9339,1393.22,0.579,0.1719,False
2016-08-06,3,2016,展览,数字艺术沉浸展,27019,17454,382.45,6675282.3,735221.79,101994.79,894706.0,8,0.646,382.45,0.1101,0.134,True
2016-08-06,3,2016,文化活动,2016国庆文艺汇演,46841,36370,750.44,27293502.8,6519589.5,308774.92,4394343.08,8,0.7765,750.44,0.2389,0.161,True
2016-08-08,3,2016,展览,2016全球创新科技展,31002,21343,103.5,2209000.5,260800.29,39581.09,293561.04,8,0.6884,103.5,0.1181,0.1329,False
2016-08-10,3,2016,文化活动,2016央视春晚分会场,67594,50277,561.68,28239585.36,6660418.22,382919.62,5645704.68,8,0.7438,561.68,0.2359,0.1999,False
2016-08-12,3,2016,展览,2016数字艺术沉浸展,43826,25744,244.52,6294922.88,1169087.24,64032.53,868176.73,8,0.5874,244.52,0.1857,0.1379,False
2016-08-12,3,2016,文化活动,2016北京国际电影节开幕式,37640,30296,447.18,13547765.28,2536675.4,153006.03,2136709.47,8,0.8049,447.18,0.1872,0.1577,False
2016-08-13,3,2016,文化活动,2016央视春晚分会场,39810,30719,599.61,18419419.59,2818632.85,163913.9,3248796.56,8,0.7716,599.61,0.153,0.1764,True
2016-08-15,3,2016,展览,2016国际消费电子展,30529,19796,262.76,5201596.96,360201.36,72730.04,1121652.63,8,0.6484,262.76,0.0692,0.2156,False
2016-08-15,3,2016,商业活动,世界500强企业峰会,10587,9290,2175.52,20210580.8,9917464.22,160787.95,8072993.57,8,0.8775,2175.52,0.4907,0.3994,False
2016-08-15,3,2016,展览,2016中国品牌日展览,31917,21022,225.44,4739199.68,254201.39,77329.38,736941.78,8,0.6586,225.44,0.0536,0.1555,False
2016-08-16,3,2016,商业活动,2016科技产品首发仪式,11888,9812,2067.92,20290431.04,11771698.29,155967.81,7937693.76,8,0.8254,2067.92,0.5802,0.3912,False
2016-08-17,3,2016,商业活动,2016行业峰会论坛,24487,22114,1121.59,24802841.26,13162475.65,167589.71,9459581.21,8,0.9031,1121.59,0.5307,0.3814,False
2016-08-18,3,2016,演唱会,邓紫棋启示录巡演,95312,84107,1366.7,114949036.9,52033693.44,2540056.14,9947300.64,8,0.8824,1366.7,0.4527,0.0865,False
2016-08-19,3,2016,演唱会,张杰未LIVE巡演,76621,69222,1509.95,104521758.9,38015798.93,2156207.16,18431308.79,8,0.9034,1509.95,0.3637,0.1763,False
2016-08-20,3,2016,体育赛事,2016全国运动会田径项目,113025,77093,840.63,64806688.59,12208279.82,534494.94,19169870.29,8,0.6821,840.63,0.1884,0.2958,True
2016-08-20,3,2016,文化活动,国潮音乐节,38464,31925,486.24,15523212.0,2067765.81,169295.37,3378813.66,8,0.83,486.24,0.1332,0.2177,True
2016-08-23,3,2016,体育赛事,中超联赛北京德比,92759,70042,474.33,33223021.86,13498884.81,321703.72,7287281.61,8,0.7551,474.33,0.4063,0.2193,False
2016-08-25,3,2016,演唱会,华晨宇火星演唱会,67798,66248,2358.58,156251207.84,57037639.98,3646553.83,21013408.67,8,0.9771,2358.58,0.365,0.1345,False
2016-08-26,3,2016,演唱会,2016孙燕姿克卜勒巡演,93528,82402,1707.35,140689054.7,84744697.66,1737956.72,12172481.61,8,0.881,1707.35,0.6024,0.0865,False
2016-08-26,3,2016,体育赛事,NBA中国赛北京站,90140,77112,628.95,48499592.4,10722510.24,274209.7,10483711.84,8,0.8555,628.95,0.2211,0.2162,False
2016-08-31,3,2016,体育赛事,2016意大利超级杯,110459,85116,468.47,39874292.52,13321576.9,287786.0,11108056.34,8,0.7706,468.47,0.3341,0.2786,False
2016-09-01,3,2016,商业活动,2016品牌新品发布会,5951,4896,2448.17,11986240.32,8358572.1,83819.38,5316510.98,9,0.8227,2448.17,0.6973,0.4436,False
2016-09-02,3,2016,展览,2016数字艺术沉浸展,34159,28872,294.39,8499628.08,1092469.67,142957.6,1492310.81,9,0.8452,294.39,0.1285,0.1756,False
2016-09-05,3,2016,展览,北京国际科技博览会,32939,27735,190.1,5272423.5,728419.27,48018.52,1153320.04,9,0.842,190.1,0.1382,0.2187,False
2016-09-06,3,2016,演唱会,2016张学友经典世界巡演,64068,56492,894.26,50518535.92,17130089.32,882131.61,8615228.41,9,0.8818,894.26,0.3391,0.1705,False
2016-09-06,3,2016,展览,2016北京国际科技博览会,41511,30563,195.0,5959785.0,1100899.33,106030.83,1206489.8,9,0.7363,195.0,0.1847,0.2024,False
2016-09-06,3,2016,演唱会,Taylor Swift世界巡演北京站,55226,46969,1801.94,84635319.86,29573772.9,2106797.74,7385877.84,9,0.8505,1801.94,0.3494,0.0873,False
2016-09-09,3,2016,体育赛事,国际田联钻石联赛,72893,58971,885.13,52197001.23,19420089.66,549067.11,13036082.86,9,0.809,885.13,0.3721,0.2497,False
2016-09-11,3,2016,演唱会,2016蔡依林Ugly Beauty巡演,78311,72129,1321.12,95291064.48,38478209.76,1666938.94,8023742.76,9,0.9211,1321.12,0.4038,0.0842,True
2016-09-11,3,2016,展览,2016中国品牌日展览,25014,19068,390.42,7444528.56,1539450.08,122050.14,1843517.12,9,0.7623,390.42,0.2068,0.2476,True
2016-09-12,3,2016,文化活动,国潮音乐节,63573,43111,558.44,24074906.84,3697881.18,196861.58,2443325.81,9,0.6781,558.44,0.1536,0.1015,False
2016-09-15,3,2016,演唱会,李荣浩纵横四海巡演,79921,76787,1779.82,136667038.34,71160997.14,1969275.31,12012611.22,9,0.9608,1779.82,0.5207,0.0879,False
2016-09-17,3,2016,文化活动,2016春节文化庙会,55711,39726,304.62,12101334.12,2617780.12,129812.92,1257540.16,9,0.7131,304.62,0.2163,0.1039,True
2016-09-18,3,2016,商业活动,2016明星代言签约仪式,14288,11621,1665.81,19358378.01,15493176.75,144464.15,6556218.09,9,0.8133,1665.81,0.8003,0.3387,True
2016-09-19,3,2016,文化活动,中秋赏月晚会,50329,34025,390.87,13299351.75,2751618.17,193569.13,2288527.55,9,0.6761,390.87,0.2069,0.1721,False
2016-09-20,3,2016,文化活动,2016北京国际电影节开幕式,31607,20858,506.14,10557068.12,2369294.29,107964.77,1626377.96,9,0.6599,506.14,0.2244,0.1541,False
2016-09-22,3,2016,体育赛事,世界田径锦标赛,79814,48029,298.83,14352506.07,1962897.11,82615.61,2882400.84,9,0.6018,298.83,0.1368,0.2008,False
2016-09-23,3,2016,体育赛事,国际马术大师赛,72043,62053,473.27,29367823.31,9322931.36,327716.68,6937177.16,9,0.8613,473.27,0.3175,0.2362,False
2016-09-25,3,2016,体育赛事,亚洲田径锦标赛,75843,55743,552.94,30822534.42,11436144.37,285272.93,6053727.85,9,0.735,552.94,0.371,0.1964,True
2016-09-26,3,2016,文化活动,2016央视春晚分会场,61987,40920,646.59,26458462.8,4341356.67,349336.21,4749816.4,9,0.6601,646.59,0.1641,0.1795,False
2016-09-26,3,2016,演唱会,2016孙燕姿克卜勒巡演,73549,63195,841.97,53208294.15,24451057.73,1100956.46,7867750.6,9,0.8592,841.97,0.4595,0.1479,False
2016-09-26,3,2016,体育赛事,2016国际马术大师赛,79345,51132,366.91,18760842.12,2627990.71,177573.99,4899341.16,9,0.6444,366.91,0.1401,0.2611,False
2016-09-27,3,2016,商业活动,企业年会盛典,14112,11416,1800.75,20557362.0,9924511.13,74315.2,7436183.29,9,0.809,1800.75,0.4828,0.3617,False
2016-09-29,3,2016,展览,2016国际设计周,33722,19332,254.9,4927726.8,987908.71,50572.23,837472.84,9,0.5733,254.9,0.2005,0.17,False
2016-10-01,4,2016,演唱会,2016张杰未LIVE巡演,49362,45814,1577.24,72259673.36,30095974.2,1023860.51,8891764.81,10,0.9281,1577.24,0.4165,0.1231,True
2016-10-03,4,2016,演唱会,2016王力宏龙的传人巡演,58928,52698,710.1,37420849.8,12697926.06,778449.78,5260545.41,10,0.8943,710.1,0.3393,0.1406,False
2016-10-06,4,2016,文化活动,2016春节文化庙会,27867,21634,595.81,12889753.54,1635243.8,80929.63,1889101.8,10,0.7763,595.81,0.1269,0.1466,False
2016-10-09,4,2016,演唱会,2016陈奕迅Fear and Dreams,49334,44337,1260.44,55884128.28,27872644.04,1066825.47,4963637.8,10,0.8987,1260.44,0.4988,0.0888,True
2016-10-10,4,2016,演唱会,2016Taylor Swift世界巡演北京站,71283,65018,1340.13,87132572.34,23942555.36,1995435.22,10074142.95,10,0.9121,1340.13,0.2748,0.1156,False
2016-10-11,4,2016,体育赛事,亚洲田径锦标赛,80963,63027,439.53,27702257.31,5759348.53,224618.39,6757554.24,10,0.7785,439.53,0.2079,0.2439,False
2016-10-11,4,2016,体育赛事,2016国际足球友谊赛,74494,51859,427.94,22192540.46,6650627.29,224493.66,3821502.7,10,0.6962,427.94,0.2997,0.1722,False
2016-10-12,4,2016,演唱会,2016林俊杰圣所演唱会,55201,53163,790.73,42037578.99,15643218.73,938477.96,4522266.41,10,0.9631,790.73,0.3721,0.1076,False
2016-10-12,4,2016,展览,2016未来生活体验展,43626,30707,97.29,2987484.03,522323.04,32935.44,549351.6,10,0.7039,97.29,0.1748,0.1839,False
2016-10-14,4,2016,文化活动,2016国潮音乐节,49860,43558,367.19,15994062.02,3091016.07,181095.34,3147483.0,10,0.8736,367.19,0.1933,0.1968,False
2016-10-15,4,2016,演唱会,2016Ed Sheeran中国巡演,68151,58481,1820.58,106469338.98,41753245.79,2144899.64,18380681.5,10,0.8581,1820.58,0.3922,0.1726,True
2016-10-15,4,2016,演唱会,2016张杰未LIVE巡演,54980,51254,1493.64,76555024.56,33307216.36,1648204.07,10170932.98,10,0.9322,1493.64,0.4351,0.1329,True
2016-10-16,4,2016,商业活动,明星代言签约仪式,4757,4269,2326.83,9933237.27,5840562.49,67219.6,4010887.8,10,0.8974,2326.83,0.588,0.4038,True
2016-10-16,4,2016,文化活动,2016鸟巢新年音乐会,46328,31139,381.43,11877348.77,1334102.93,114782.2,1281817.51,10,0.6721,381.43,0.1123,0.1079,True
2016-10-19,4,2016,商业活动,2016国际商务大会,16771,12957,2344.67,30379889.19,14316326.09,113194.94,11909585.26,10,0.7726,2344.67,0.4712,0.392,False
2016-10-19,4,2016,文化活动,2016世界文化遗产日庆典,39641,28665,230.55,6608715.75,728141.05,74343.54,1328799.21,10,0.7231,230.55,0.1102,0.2011,False
2016-10-25,4,2016,展览,2016中国品牌日展览,34869,19928,256.31,5107745.68,595407.33,82874.95,1146763.51,10,0.5715,256.31,0.1166,0.2245,False
2016-10-29,4,2016,体育赛事,2016全国运动会田径项目,76983,63969,398.64,25500602.16,4425602.43,161247.36,6820199.69,10,0.8309,398.64,0.1735,0.2675,True
2016-10-30,4,2016,商业活动,2016明星代言签约仪式,4568,3651,2117.03,7729276.53,3081256.3,37109.57,2350308.03,10,0.7993,2117.03,0.3986,0.3041,True
2016-10-31,4,2016,展览,2016国际消费电子展,42568,28230,332.3,9380829.0,856631.16,121370.48,1598440.21,10,0.6632,332.3,0.0913,0.1704,False
2016-11-01,4,2016,演唱会,2016张杰未LIVE巡演,58981,55969,1593.88,89207869.72,35678514.96,1192686.38,14111113.71,11,0.9489,1593.88,0.3999,0.1582,False
2016-11-02,4,2016,体育赛事,2016NFL中国赛,55060,41100,304.0,12494400.0,2514541.38,67051.01,3312704.55,11,0.7465,304.0,0.2013,0.2651,False
2016-11-04,4,2016,文化活动,2016鸟巢光影秀,39502,33539,417.76,14011252.64,1465507.23,201443.5,1612511.8,11,0.849,417.76,0.1046,0.1151,False
2016-11-04,4,2016,展览,2016国际设计周,23890,18251,104.82,1913069.82,327108.9,22340.56,244015.79,11,0.764,104.82,0.171,0.1276,False
2016-11-06,4,2016,展览,2016当代艺术大展,33860,25828,273.49,7063699.72,596464.6,79836.96,1679667.02,11,0.7628,273.49,0.0844,0.2378,True
2016-11-08,4,2016,体育赛事,2016中国足协杯决赛,62995,53377,444.58,23730346.66,6434501.06,121466.95,6300970.2,11,0.8473,444.58,0.2712,0.2655,False
2016-11-08,4,2016,展览,北京国际科技博览会,24798,16109,136.91,2205483.19,322073.32,31799.98,428270.54,11,0.6496,136.91,0.146,0.1942,False
2016-11-10,4,2016,展览,国际消费电子展,35217,27643,235.58,6512137.94,822499.74,71823.39,837072.37,11,0.7849,235.58,0.1263,0.1285,False
2016-11-14,4,2016,演唱会,2016华晨宇火星演唱会,53555,52423,1130.71,59275210.33,23163085.82,993087.97,6077969.03,11,0.9789,1130.71,0.3908,0.1025,False
2016-11-17,4,2016,文化活动,2016鸟巢光影秀,36340,31855,196.46,6258233.3,1602128.5,90910.58,879161.73,11,0.8766,196.46,0.256,0.1405,False
2016-11-18,4,2016,演唱会,蔡依林Ugly Beauty巡演,34419,29291,1229.25,36005961.75,11098564.25,880458.95,4787567.72,11,0.851,1229.25,0.3082,0.133,False
2016-11-21,4,2016,演唱会,2016Coldplay北京演唱会,35409,32208,1149.4,37019875.2,18007434.0,876251.96,5458021.52,11,0.9096,1149.4,0.4864,0.1474,False
2016-11-23,4,2016,体育赛事,2016世界斯诺克中国公开赛,49578,44841,657.67,29490580.47,10883386.77,265025.31,5571692.75,11,0.9045,657.67,0.369,0.1889,False
2016-11-27,4,2016,展览,2016国际文创博览会,30712,20532,274.4,5633980.8,1086260.8,93198.54,1242301.64,11,0.6685,274.4,0.1928,0.2205,True
2016-11-27,4,2016,体育赛事,2016全国运动会田径项目,60498,39448,464.29,18315311.92,5528496.1,93128.27,2772128.15,11,0.6521,464.29,0.3019,0.1514,True
2016-11-29,4,2016,文化活动,2016冰雪文化节,27169,21155,438.1,9268005.5,1183665.1,89203.44,1921787.07,11,0.7786,438.1,0.1277,0.2074,False
2016-12-01,4,2016,商业活动,2016企业年会盛典,4128,3724,1000.52,3725936.48,2372788.33,28287.8,1640104.03,12,0.9021,1000.52,0.6368,0.4402,False
2016-12-04,4,2016,文化活动,2016鸟巢光影秀,41758,36561,433.07,15833472.27,3184571.62,214675.69,3011726.89,12,0.8755,433.07,0.2011,0.1902,True
2016-12-06,4,2016,文化活动,2016国潮音乐节,35249,26759,329.03,8804513.77,1975026.06,75212.25,1253463.82,12,0.7591,329.03,0.2243,0.1424,False
2016-12-07,4,2016,展览,2016中国品牌日展览,25434,15548,109.61,1704216.28,200020.98,14192.88,345419.96,12,0.6113,109.61,0.1174,0.2027,False
2016-12-07,4,2016,体育赛事,2016法国超级杯北京站,53000,38743,536.57,20788331.51,5930238.21,204875.79,5522803.24,12,0.731,536.57,0.2853,0.2657,False
2016-12-07,4,2016,文化活动,2016中秋赏月晚会,32350,21394,227.51,4867348.94,1223480.61,53152.93,797479.11,12,0.6613,227.51,0.2514,0.1638,False
2016-12-11,4,2016,演唱会,BTS巡演北京站,28041,26493,1504.72,39864546.96,14596775.14,862854.26,6571373.09,12,0.9448,1504.72,0.3662,0.1648,True
2016-12-15,4,2016,演唱会,2016Taylor Swift世界巡演北京站,50587,49475,1278.52,63254777.0,25037774.56,1302617.34,5556652.68,12,0.978,1278.52,0.3958,0.0878,False
2016-12-17,4,2016,展览,全球创新科技展,27197,18889,131.96,2492592.44,543911.94,23179.65,480601.54,12,0.6945,131.96,0.2182,0.1928,True
2016-12-18,4,2016,商业活动,明星代言签约仪式,6022,4634,1756.16,8138045.44,2647853.19,59020.02,2595392.1,12,0.7695,1756.16,0.3254,0.3189,True
2016-12-18,4,2016,演唱会,李荣浩纵横四海巡演,37669,33662,1517.15,51070303.3,27892665.33,1095546.76,6956147.07,12,0.8936,1517.15,0.5462,0.1362,True
2016-12-19,4,2016,体育赛事,2016亚洲田径锦标赛,50403,44863,202.75,9095973.25,2173491.51,96261.15,2204743.73,12,0.8901,202.75,0.239,0.2424,False
2016-12-20,4,2016,文化活动,2016中秋赏月晚会,34090,26766,276.36,7397051.76,1164548.54,52270.76,1593188.85,12,0.7852,276.36,0.1574,0.2154,False
2016-12-21,4,2016,展览,全球创新科技展,20505,13061,239.0,3121579.0,599380.48,32791.19,628166.68,12,0.637,239.0,0.192,0.2012,False
2016-12-21,4,2016,文化活动,2016央视春晚分会场,21297,17431,144.14,2512504.34,443839.59,22012.02,357667.61,12,0.8185,144.14,0.1767,0.1424,False
2016-12-24,4,2016,演唱会,周杰伦巡回演唱会,40117,37674,829.73,31259248.02,8524148.64,758906.76,4506753.31,12,0.9391,829.73,0.2727,0.1442,True
2016-12-25,4,2016,演唱会,2016BLACKPINK世界巡演北京站,44830,43877,822.07,36069965.39,22782555.7,438222.98,4509165.98,12,0.9787,822.07,0.6316,0.125,True
2016-12-26,4,2016,体育赛事,2016世界斯诺克中国公开赛,58012,47886,373.55,17887815.3,3583313.84,122530.35,3234115.95,12,0.8254,373.55,0.2003,0.1808,False
2016-12-30,4,2016,演唱会,2016孙燕姿克卜勒巡演,36324,31310,1113.38,34859927.8,16367461.22,539500.13,2841469.96,12,0.862,1113.38,0.4695,0.0815,False
2016-12-30,4,2016,商业活动,2016国际商务大会,13392,11677,897.59,10481158.43,5448131.74,76831.9,4604862.85,12,0.8719,897.59,0.5198,0.4393,False
2017-01-02,1,2017,演唱会,2017五月天人生无限公司,44993,40631,468.64,19041311.84,6915115.81,339950.35,3346664.82,1,0.9031,468.64,0.3632,0.1758,False
2017-01-02,1,2017,体育赛事,2017北京马拉松起点仪式,55516,37123,452.38,16793702.74,4677497.6,122414.55,4761158.38,1,0.6687,452.38,0.2785,0.2835,False
2017-01-04,1,2017,体育赛事,国际马术大师赛,52403,41726,441.47,18420777.22,3945095.2,103888.4,3313723.75,1,0.7963,441.47,0.2142,0.1799,False
2017-01-04,1,2017,展览,国际航空航天展,18378,11290,107.43,1212884.7,95205.81,15269.5,261079.92,1,0.6143,107.43,0.0785,0.2153,False
2017-01-06,1,2017,商业活动,2017科技产品首发仪式,8479,7196,805.0,5792780.0,4161175.28,32254.52,1741723.47,1,0.8487,805.0,0.7183,0.3007,False
2017-01-07,1,2017,展览,2017国际汽车展览会,25128,17878,107.04,1913661.12,285230.96,28063.13,425522.29,1,0.7115,107.04,0.149,0.2224,True
2017-01-11,1,2017,体育赛事,世界斯诺克中国公开赛,56441,41439,386.46,16014515.94,5158124.21,102616.07,3820020.94,1,0.7342,386.46,0.3221,0.2385,False
2017-01-17,1,2017,体育赛事,全国田径锦标赛,43500,27081,260.76,7061641.56,2404096.86,75551.65,1784972.17,1,0.6226,260.76,0.3404,0.2528,False
2017-01-26,1,2017,商业活动,2017金融峰会,8093,6888,1900.68,13091883.84,8196803.2,64983.58,4721905.23,1,0.8511,1900.68,0.6261,0.3607,False
2017-01-26,1,2017,体育赛事,2017全国田径锦标赛,56659,50029,324.38,16228407.02,3658058.09,82647.34,3154663.3,1,0.883,324.38,0.2254,0.1944,False
2017-01-29,1,2017,体育赛事,北京马拉松起点仪式,40211,33374,479.33,15997159.42,3201350.86,89342.22,2445475.28,1,0.83,479.33,0.2001,0.1529,True
2017-01-31,1,2017,体育赛事,2017世界斯诺克中国公开赛,42627,28466,310.87,8849225.42,1322254.29,60822.55,1772951.83,1,0.6678,310.87,0.1494,0.2004,False
2017-02-01,1,2017,商业活动,2017电商购物节开幕式,8391,7200,1378.26,9923472.0,5793420.5,54584.69,3298478.92,2,0.8581,1378.26,0.5838,0.3324,False
2017-02-02,1,2017,体育赛事,2017北京马拉松起点仪式,46576,41853,334.23,13988528.19,4872478.26,81133.47,3703045.22,2,0.8986,334.23,0.3483,0.2647,False
2017-02-03,1,2017,商业活动,品牌新品发布会,12888,9843,1036.67,10203942.81,7057487.39,65745.62,3067861.09,2,0.7637,1036.67,0.6916,0.3007,False
2017-02-05,1,2017,展览,2017全球创新科技展,16131,9488,101.88,966637.44,140445.13,15665.31,166835.75,2,0.5882,101.88,0.1453,0.1726,True
2017-02-16,1,2017,体育赛事,中国足协杯决赛,44273,37951,332.15,12605424.65,4553081.68,91365.82,2307003.21,2,0.8572,332.15,0.3612,0.183,False
2017-02-22,1,2017,展览,2017国际文创博览会,27773,22293,118.06,2631911.58,320660.62,23784.02,332477.54,2,0.8027,118.06,0.1218,0.1263,False
2017-02-28,1,2017,演唱会,2017BLACKPINK世界巡演北京站,43068,37558,600.46,22552076.68,12839085.45,536896.62,3515226.74,2,0.8721,600.46,0.5693,0.1559,False
2017-03-02,1,2017,文化活动,2017北京国际电影节开幕式,31472,23721,412.35,9781354.35,1773511.76,75006.9,1682124.53,3,0.7537,412.35,0.1813,0.172,False
2017-03-03,1,2017,展览,2017国际汽车展览会,18547,12670,165.46,2096378.2,411202.33,28287.33,396891.94,3,0.6831,165.46,0.1961,0.1893,False
2017-03-03,1,2017,文化活动,2017中秋赏月晚会,31948,22918,211.76,4853115.68,922800.24,55120.37,639428.1,3,0.7174,211.76,0.1901,0.1318,False
2017-03-04,1,2017,展览,2017国际设计周,33379,25847,96.23,2487256.81,244612.09,26464.52,432736.24,3,0.7743,96.23,0.0983,0.174,True
2017-03-04,1,2017,商业活动,2017金融峰会,17120,15523,1208.83,18764668.09,8617786.65,125369.46,6329020.81,3,0.9067,1208.83,0.4593,0.3373,True
2017-03-05,1,2017,展览,2017国际汽车展览会,17008,9838,291.87,2871417.06,379435.31,46134.05,664856.59,3,0.5784,291.87,0.1321,0.2315,True
2017-03-06,1,2017,演唱会,刘德华My Love巡演,31592,28333,1438.55,40758437.15,15240335.29,835810.69,4206344.81,3,0.8968,1438.55,0.3739,0.1032,False
2017-03-08,1,2017,展览,2017数字艺术沉浸展,29807,21431,205.55,4405142.05,883275.82,60832.83,1095947.76,3,0.719,205.55,0.2005,0.2488,False
2017-03-09,1,2017,展览,2017国际文创博览会,28647,23219,148.94,3458237.86,450510.2,49559.06,625965.54,3,0.8105,148.94,0.1303,0.181,False
2017-03-12,1,2017,商业活动,2017国际商务大会,16729,13759,2044.19,28126010.21,14255029.41,173206.09,7337461.5,3,0.8225,2044.19,0.5068,0.2609,True
2017-03-13,1,2017,文化活动,2017鸟巢新年音乐会,39378,27361,409.41,11201867.01,2266773.14,151631.87,1348339.74,3,0.6948,409.41,0.2024,0.1204,False
2017-03-13,1,2017,演唱会,Taylor Swift世界巡演北京站,36197,32901,1054.27,34686537.27,19182015.18,704394.01,6082406.05,3,0.9089,1054.27,0.553,0.1754,False
2017-03-14,1,2017,展览,2017北京国际科技博览会,28965,21082,143.35,3022104.7,171053.28,36970.47,395876.07,3,0.7278,143.35,0.0566,0.131,False
2017-03-15,1,2017,商业活动,国际商务大会,17195,15943,762.32,12153667.76,7866155.05,85236.12,5462436.56,3,0.9272,762.32,0.6472,0.4494,False
2017-03-17,1,2017,商业活动,2017明星代言签约仪式,15850,12293,1052.24,12935186.32,7039130.27,82093.72,5541157.27,3,0.7756,1052.24,0.5442,0.4284,False
2017-03-19,1,2017,体育赛事,法国超级杯北京站,57583,39498,261.83,10341761.34,1446458.62,122152.1,2729127.49,3,0.6859,261.83,0.1399,0.2639,True
2017-03-20,1,2017,演唱会,华晨宇火星演唱会,50384,44265,546.73,24201003.45,10780643.34,401689.63,2668109.88,3,0.8786,546.73,0.4455,0.1102,False
2017-03-21,1,2017,商业活动,2017企业年会盛典,17221,13449,543.38,7307917.62,3918109.15,42510.46,3001807.39,3,0.781,543.38,0.5361,0.4108,False
2017-03-26,1,2017,体育赛事,2017中国足协杯决赛,69919,50805,545.13,27695329.65,5087643.46,175452.18,5596100.45,3,0.7266,545.13,0.1837,0.2021,True
2017-03-28,1,2017,演唱会,2017邓紫棋启示录巡演,54543,53029,541.24,28701415.96,11517387.37,589203.2,3902183.82,3,0.9722,541.24,0.4013,0.136,False
2017-03-28,1,2017,文化活动,2017世界文化遗产日庆典,46421,34894,264.54,9230858.76,1957956.34,65853.11,1140660.04,3,0.7517,264.54,0.2121,0.1236,False
2017-03-29,1,2017,文化活动,2017国潮音乐节,46686,35046,511.31,17919370.26,5468594.03,152578.83,2075034.95,3,0.7507,511.31,0.3052,0.1158,False
2017-03-30,1,2017,展览,国际消费电子展,34585,21986,275.32,6053185.52,1296407.87,57081.61,1021119.56,3,0.6357,275.32,0.2142,0.1687,False
2017-03-31,1,2017,演唱会,2017Ed Sheeran中国巡演,48612,43453,1677.84,72907181.52,17915668.11,1367808.92,9637986.76,3,0.8939,1677.84,0.2457,0.1322,False
2017-04-01,2,2017,文化活动,2017中国传统文化周,45487,38098,223.06,8498139.88,1440101.8,58161.17,1345558.57,4,0.8376,223.06,0.1695,0.1583,True
2017-04-02,2,2017,演唱会,2017华晨宇火星演唱会,62539,57954,600.97,34828615.38,18235016.17,696513.01,5434741.82,4,0.9267,600.97,0.5236,0.156,True
2017-04-04,2,2017,展览,北京国际科技博览会,18310,11193,158.68,1776105.24,267817.29,30382.16,330854.7,4,0.6113,158.68,0.1508,0.1863,False
2017-04-04,2,2017,体育赛事,2017NFL中国赛,60087,52453,729.26,38251874.78,15618897.88,393081.56,6974277.42,4,0.873,729.26,0.4083,0.1823,False
2017-04-07,2,2017,商业活动,2017世界500强企业峰会,18410,15251,2070.9,31583295.9,15182194.95,132165.56,12174685.51,4,0.8284,2070.9,0.4807,0.3855,False
2017-04-07,2,2017,文化活动,2017央视春晚分会场,37476,27339,483.29,13212665.31,1822241.94,112905.0,1984937.05,4,0.7295,483.29,0.1379,0.1502,False
2017-04-12,2,2017,文化活动,2017冰雪文化节,52253,46337,542.29,25128091.73,5139643.37,214456.81,5417697.95,4,0.8868,542.29,0.2045,0.2156,False
2017-04-14,2,2017,文化活动,2017中秋赏月晚会,36682,24567,349.72,8591571.24,1178749.2,116081.97,1823630.95,4,0.6697,349.72,0.1372,0.2123,False
2017-04-17,2,2017,演唱会,2017Taylor Swift世界巡演北京站,44578,39869,1186.77,47315333.13,19604308.75,570875.83,4069574.82,4,0.8944,1186.77,0.4143,0.086,False
2017-04-18,2,2017,演唱会,陈奕迅Fear and Dreams,67992,64724,1204.79,77978827.96,32867284.59,1662708.81,12914327.12,4,0.9519,1204.79,0.4215,0.1656,False
2017-04-18,2,2017,体育赛事,2017世界斯诺克中国公开赛,61048,50128,385.95,19346901.6,2855316.4,143065.57,4149787.4,4,0.8211,385.95,0.1476,0.2145,False
2017-04-19,2,2017,展览,国际汽车展览会,35426,29579,105.53,3121471.87,579959.96,43188.84,532884.04,4,0.835,105.53,0.1858,0.1707,False
2017-04-24,2,2017,展览,2017国际摄影大展,41106,27535,155.12,4271229.2,362448.07,68381.56,570546.9,4,0.6699,155.12,0.0849,0.1336,False
2017-04-25,2,2017,演唱会,2017刘德华My Love巡演,42944,41502,1630.04,67649920.08,32579829.99,1571173.08,6921006.67,4,0.9664,1630.04,0.4816,0.1023,False
2017-04-26,2,2017,文化活动,2017北京国际电影节开幕式,50581,33279,497.51,16556635.29,1939309.09,116580.43,1709803.75,4,0.6579,497.51,0.1171,0.1033,False
2017-04-26,2,2017,体育赛事,全国田径锦标赛,69193,47114,545.91,25720003.74,6565410.32,276358.18,5699618.66,4,0.6809,545.91,0.2553,0.2216,False
2017-04-29,2,2017,演唱会,2017Ed Sheeran中国巡演,47568,46077,1341.59,61816442.43,15940828.93,1205058.49,9655008.84,4,0.9687,1341.59,0.2579,0.1562,True
2017-04-30,2,2017,演唱会,2017薛之谦天外来物巡演,37701,34108,1389.26,47384880.08,21550139.63,722479.07,6890520.45,4,0.9047,1389.26,0.4548,0.1454,True
2017-05-01,2,2017,商业活动,2017品牌周年庆典,7169,6255,2771.49,17335669.95,9166672.75,82748.89,6243141.21,5,0.8725,2771.49,0.5288,0.3601,False
2017-05-03,2,2017,体育赛事,2017国际马术大师赛,72181,60632,583.27,35364826.64,7810755.61,230532.47,6832512.87,5,0.84,583.27,0.2209,0.1932,False
2017-05-03,2,2017,文化活动,2017世界文化遗产日庆典,34707,24469,427.61,10463189.09,1844722.5,92696.03,2262569.98,5,0.705,427.61,0.1763,0.2162,False
2017-05-06,2,2017,体育赛事,2017NFL中国赛,77814,56728,712.24,40403950.72,11195102.58,323199.5,10493894.67,5,0.729,712.24,0.2771,0.2597,True
2017-05-07,2,2017,展览,2017国际设计周,26531,15448,302.29,4669775.92,629326.74,49009.44,892727.1,5,0.5823,302.29,0.1348,0.1912,True
2017-05-09,2,2017,商业活动,2017行业峰会论坛,18842,16756,1276.45,21388196.2,8441627.75,155833.51,8856539.01,5,0.8893,1276.45,0.3947,0.4141,False
2017-05-13,2,2017,展览,2017全球创新科技展,38929,29446,113.07,3329459.22,548375.19,47369.99,495915.93,5,0.7564,113.07,0.1647,0.1489,True
2017-05-15,2,2017,演唱会,2017刘德华My Love巡演,56449,53831,1734.09,93347798.79,38106825.76,2097014.29,7956885.12,5,0.9536,1734.09,0.4082,0.0852,False
2017-05-20,2,2017,演唱会,2017林俊杰圣所演唱会,55564,47595,720.45,34289817.75,13540182.78,424250.14,4743147.24,5,0.8566,720.45,0.3949,0.1383,True
2017-05-20,2,2017,演唱会,2017毛不易小王巡演,48841,45944,1201.07,55181960.08,16586861.39,706578.19,7368822.04,5,0.9407,1201.07,0.3006,0.1335,True
2017-05-21,2,2017,体育赛事,亚洲田径锦标赛,71635,62061,743.35,46133044.35,7280705.86,494598.7,13358273.39,5,0.8664,743.35,0.1578,0.2896,True
2017-05-21,2,2017,演唱会,2017孙燕姿克卜勒巡演,42409,37211,1775.88,66082270.68,19251024.28,1172787.93,7496380.58,5,0.8774,1775.88,0.2913,0.1134,True
2017-05-23,2,2017,文化活动,2017非遗文化展示周,34625,23798,305.84,7278380.32,1160100.85,88194.14,777343.04,5,0.6873,305.84,0.1594,0.1068,False
2017-05-26,2,2017,文化活动,2017国庆文艺汇演,60030,43481,287.25,12489917.25,1882705.79,150521.67,2487089.27,5,0.7243,287.25,0.1507,0.1991,False
2017-05-27,2,2017,演唱会,2017张杰未LIVE巡演,65413,57902,782.38,45301366.76,19044696.57,1125715.09,8051321.01,5,0.8852,782.38,0.4204,0.1777,True
2017-05-27,2,2017,展览,2017国际消费电子展,44994,28653,214.52,6146641.56,914384.21,75449.19,1001515.38,5,0.6368,214.52,0.1488,0.1629,True
2017-05-28,2,2017,商业活动,国际商务大会,7420,5712,1955.27,11168502.24,5996369.56,59804.54,3891625.1,5,0.7698,1955.27,0.5369,0.3484,True
2017-05-28,2,2017,演唱会,孙燕姿克卜勒巡演,69096,61004,1943.27,118547243.08,28447044.95,2931551.24,17471953.81,5,0.8829,1943.27,0.24,0.1474,True
2017-05-29,2,2017,文化活动,2017鸟巢新年音乐会,55582,36203,175.93,6369193.79,868045.37,39269.11,991607.06,5,0.6513,175.93,0.1363,0.1557,False
2017-05-30,2,2017,文化活动,北京国际电影节开幕式,31407,21442,470.32,10084601.44,1892908.42,127140.21,1421507.65,5,0.6827,470.32,0.1877,0.141,False
2017-06-01,2,2017,体育赛事,2017意大利超级杯,100693,87547,671.45,58783433.15,19587764.61,591936.34,13161014.08,6,0.8694,671.45,0.3332,0.2239,False
2017-06-02,2,2017,展览,2017当代艺术大展,43728,30613,118.84,3638048.92,317764.7,41508.63,870384.46,6,0.7001,118.84,0.0873,0.2392,False
2017-06-02,2,2017,体育赛事,2017NBA中国赛北京站,107475,89482,885.08,79198728.56,29291868.83,566683.11,21829515.86,6,0.8326,885.08,0.3699,0.2756,False
2017-06-03,2,2017,展览,2017国际文创博览会,35268,20749,250.73,5202396.77,436783.45,88581.5,1190538.28,6,0.5883,250.73,0.084,0.2288,True
2017-06-03,2,2017,演唱会,蔡依林Ugly Beauty巡演,51853,49680,2447.04,121568947.2,41293543.33,2094189.7,18587152.89,6,0.9581,2447.04,0.3397,0.1529,True
2017-06-04,2,2017,演唱会,2017张学友经典世界巡演,59437,50621,1769.6,89578921.6,55206135.42,1733771.75,11774802.82,6,0.8517,1769.6,0.6163,0.1314,True
2017-06-06,2,2017,文化活动,世界文化遗产日庆典,51699,39808,293.52,11684444.16,1654951.45,172826.36,1735922.91,6,0.77,293.52,0.1416,0.1486,False
2017-06-09,2,2017,体育赛事,2017国际田联钻石联赛,85857,69990,812.53,56868974.7,9268611.94,536090.96,9625010.24,6,0.8152,812.53,0.163,0.1692,False
2017-06-10,2,2017,展览,2017国际航空航天展,59036,34108,370.25,12628487.0,2392281.85,139864.26,2323225.92,6,0.5777,370.25,0.1894,0.184,True
2017-06-10,2,2017,展览,国际文创博览会,28151,23619,132.51,3129753.69,449703.72,41981.72,410574.17,6,0.839,132.51,0.1437,0.1312,True
2017-06-13,2,2017,演唱会,2017王力宏龙的传人巡演,49350,45143,2036.59,91937782.37,27973865.82,1836667.99,15610440.55,6,0.9148,2036.59,0.3043,0.1698,False
2017-06-14,2,2017,体育赛事,2017国际马术大师赛,107663,88729,874.95,77633438.55,20497802.01,676031.81,20173690.8,6,0.8241,874.95,0.264,0.2599,False
2017-06-14,2,2017,商业活动,2017电商购物节开幕式,13100,12357,2440.36,30155528.52,27832815.53,136791.35,9770539.15,6,0.9433,2440.36,0.923,0.324,False
2017-06-15,2,2017,体育赛事,2017国际马术大师赛,84944,52652,570.02,30012693.04,5962748.55,288323.4,8993675.88,6,0.6198,570.02,0.1987,0.2997,False
2017-06-17,2,2017,演唱会,BLACKPINK世界巡演北京站,76470,71127,1621.15,115307536.05,42390979.32,2005715.28,17647731.65,6,0.9301,1621.15,0.3676,0.153,True
2017-06-22,2,2017,展览,国际汽车展览会,37610,22520,353.99,7971854.8,591544.51,107808.66,1573483.63,6,0.5988,353.99,0.0742,0.1974,False
2017-06-23,2,2017,展览,2017北京国际科技博览会,47796,34787,146.76,5105340.12,584343.38,69348.51,1190013.52,6,0.7278,146.76,0.1145,0.2331,False
2017-06-23,2,2017,体育赛事,国际田联钻石联赛,105570,88852,744.94,66189408.88,15796255.88,551878.83,16184235.07,6,0.8416,744.94,0.2387,0.2445,False
2017-06-24,2,2017,商业活动,2017品牌新品发布会,29322,23901,1750.84,41846826.84,32711340.09,223779.81,13999069.48,6,0.8151,1750.84,0.7817,0.3345,True
2017-06-24,2,2017,商业活动,2017电商购物节开幕式,9455,8577,2410.34,20673486.18,13284518.79,63354.65,6105668.76,6,0.9071,2410.34,0.6426,0.2953,True
2017-06-25,2,2017,文化活动,2017央视春晚分会场,37797,30232,744.03,22493514.96,3242937.1,224557.17,2379893.18,6,0.7999,744.03,0.1442,0.1058,True
2017-06-26,2,2017,体育赛事,北京马拉松起点仪式,79081,71119,659.71,46917915.49,7917487.99,315841.94,13134382.62,6,0.8993,659.71,0.1688,0.2799,False
2017-06-26,2,2017,演唱会,2017BLACKPINK世界巡演北京站,74462,65081,908.31,59113723.11,29117639.48,1111587.33,6069635.27,6,0.874,908.31,0.4926,0.1027,False
2017-06-27,2,2017,体育赛事,亚洲田径锦标赛,98326,66677,752.99,50207114.23,13337640.61,585761.74,14185252.42,6,0.6781,752.99,0.2657,0.2825,False
2017-06-30,2,2017,演唱会,2017华晨宇火星演唱会,74197,71536,1801.09,128842774.24,49256304.92,1710271.86,10875178.72,6,0.9641,1801.09,0.3823,0.0844,False
2017-07-02,3,2017,商业活动,明星代言签约仪式,8762,6869,1089.13,7481233.97,3135555.94,31639.91,2406173.9,7,0.784,1089.13,0.4191,0.3216,True
2017-07-02,3,2017,商业活动,2017金融峰会,10512,8687,2514.2,21840855.4,6109284.5,138736.86,8263791.3,7,0.8264,2514.2,0.2797,0.3784,True
2017-07-04,3,2017,演唱会,周杰伦巡回演唱会,106506,91103,2866.29,261127617.87,136955326.79,3523080.76,33696130.27,7,0.8554,2866.29,0.5245,0.129,False
2017-07-07,3,2017,文化活动,2017春节文化庙会,76801,58312,658.09,38374544.08,10022937.25,342466.14,7002412.87,7,0.7593,658.09,0.2612,0.1825,False
2017-07-08,3,2017,展览,国际设计周,58882,38288,398.77,15268105.76,2054612.02,249268.89,3428323.73,7,0.6502,398.77,0.1346,0.2245,True
2017-07-08,3,2017,展览,2017国际汽车展览会,62536,46632,290.34,13539134.88,2379681.29,185290.14,1728853.01,7,0.7457,290.34,0.1758,0.1277,True
2017-07-08,3,2017,文化活动,2017中秋赏月晚会,46403,32003,872.3,27916216.9,8909635.14,416615.9,3489467.0,7,0.6897,872.3,0.3192,0.125,True
2017-07-09,3,2017,体育赛事,2017NFL中国赛,119303,84938,568.02,48246482.76,11093745.97,347619.46,8862414.08,7,0.712,568.02,0.2299,0.1837,True
2017-07-11,3,2017,体育赛事,2017世界田径锦标赛,94061,78852,702.82,55418762.64,10112382.18,327720.62,11974934.67,7,0.8383,702.82,0.1825,0.2161,False
2017-07-13,3,2017,文化活动,春节文化庙会,40472,31327,430.15,13475309.05,2291098.0,151778.47,2869929.66,7,0.774,430.15,0.17,0.213,False
2017-07-15,3,2017,文化活动,2017鸟巢新年音乐会,46045,32848,667.64,21930638.72,3349668.3,155603.53,3740736.16,7,0.7134,667.64,0.1527,0.1706,True
2017-07-16,3,2017,展览,2017全球创新科技展,63456,45792,178.87,8190815.04,729778.36,85746.12,1309170.8,7,0.7216,178.87,0.0891,0.1598,True
2017-07-17,3,2017,体育赛事,意大利超级杯,83984,55008,787.3,43307798.4,7017444.8,337895.67,11770189.92,7,0.655,787.3,0.162,0.2718,False
2017-07-19,3,2017,商业活动,2017行业峰会论坛,25628,22617,3356.96,75924364.32,73064013.38,234965.18,30155911.64,7,0.8825,3356.96,0.9623,0.3972,False
2017-07-19,3,2017,演唱会,2017李荣浩纵横四海巡演,56196,49454,2723.67,134696376.18,38799524.81,1858221.21,22347634.14,7,0.88,2723.67,0.2881,0.1659,False
2017-07-20,3,2017,演唱会,2017李荣浩纵横四海巡演,70302,63510,1330.81,84519743.1,47539011.49,2041073.23,9325786.27,7,0.9034,1330.81,0.5625,0.1103,False
2017-07-21,3,2017,商业活动,世界500强企业峰会,11581,10921,2092.64,22853721.44,17595179.19,110493.33,6386367.67,7,0.943,2092.64,0.7699,0.2794,False
2017-07-21,3,2017,演唱会,2017BTS巡演北京站,65997,59574,1451.26,86457363.24,33016964.96,2059439.04,10117518.92,7,0.9027,1451.26,0.3819,0.117,False
2017-07-22,3,2017,商业活动,品牌周年庆典,27796,25868,1557.08,40278545.44,23813138.06,241664.8,13981866.23,7,0.9306,1557.08,0.5912,0.3471,True
2017-07-22,3,2017,体育赛事,2017北京马拉松起点仪式,115922,97917,490.38,48016538.46,17162789.34,469495.31,9590944.75,7,0.8447,490.38,0.3574,0.1997,True
2017-07-22,3,2017,体育赛事,NBA中国赛北京站,90450,63128,424.02,26767534.56,3401872.21,217295.28,4353426.49,7,0.6979,424.02,0.1271,0.1626,True
2017-07-23,3,2017,商业活动,2017行业峰会论坛,15074,13893,1104.93,15350792.49,12583401.99,98070.32,4612344.35,7,0.9217,1104.93,0.8197,0.3005,True
2017-07-24,3,2017,演唱会,2017周杰伦巡回演唱会,99037,89117,1246.93,111122660.81,55392567.24,1606783.15,16894911.54,7,0.8998,1246.93,0.4985,0.152,False
2017-07-25,3,2017,体育赛事,2017国际田联钻石联赛,119046,107002,694.68,74332149.36,19806892.52,851500.3,12733033.18,7,0.8988,694.68,0.2665,0.1713,False
2017-07-28,3,2017,体育赛事,2017亚洲田径锦标赛,108531,87046,589.41,51305782.86,12354873.12,363650.63,13664053.38,7,0.802,589.41,0.2408,0.2663,False
2017-07-29,3,2017,演唱会,Ed Sheeran中国巡演,56568,49962,1974.63,98656464.06,25734133.28,1777169.54,8220727.17,7,0.8832,1974.63,0.2608,0.0833,True
2017-08-03,3,2017,展览,2017国际航空航天展,56073,34132,417.78,14259666.96,2187118.3,179390.69,2186921.52,8,0.6087,417.78,0.1534,0.1534,False
2017-08-04,3,2017,体育赛事,2017全国田径锦标赛,111002,75822,360.01,27296678.22,6221031.49,227952.76,7624273.99,8,0.6831,360.01,0.2279,0.2793,False
2017-08-06,3,2017,演唱会,林俊杰圣所演唱会,57698,49550,2281.3,113038415.0,55096171.21,1531538.13,14835080.43,8,0.8588,2281.3,0.4874,0.1312,True
2017-08-09,3,2017,演唱会,薛之谦天外来物巡演,63480,60149,1405.85,84560471.65,27854263.57,1511825.57,13014629.66,8,0.9475,1405.85,0.3294,0.1539,False
2017-08-09,3,2017,文化活动,2017中国传统文化周,73466,60087,250.95,15078832.65,2203762.35,200135.47,2088221.44,8,0.8179,250.95,0.1461,0.1385,False
2017-08-10,3,2017,展览,2017国际航空航天展,58872,34099,374.01,12753366.99,1084422.41,153484.34,1919612.25,8,0.5792,374.01,0.085,0.1505,False
2017-08-11,3,2017,展览,2017国际设计周,62497,36942,309.13,11419880.46,1050083.17,98373.72,1702820.62,8,0.5911,309.13,0.092,0.1491,False
2017-08-12,3,2017,商业活动,2017行业峰会论坛,9187,8642,833.54,7203452.68,3226051.45,33150.34,2037549.67,8,0.9407,833.54,0.4478,0.2829,True
2017-08-13,3,2017,文化活动,2017中秋赏月晚会,39560,33239,258.01,8575994.39,1719154.12,64722.07,1348002.04,8,0.8402,258.01,0.2005,0.1572,True
2017-08-14,3,2017,体育赛事,全国田径锦标赛,97676,82655,1077.37,89050017.35,34851939.13,998904.27,16018580.07,8,0.8462,1077.37,0.3914,0.1799,False
2017-08-19,3,2017,文化活动,中国传统文化周,58776,50397,650.06,32761073.82,6338612.49,231424.28,4854526.52,8,0.8574,650.06,0.1935,0.1482,True
2017-08-20,3,2017,演唱会,2017刘德华My Love巡演,100612,90128,955.19,86089364.32,26165196.66,2093791.14,8102722.91,8,0.8958,955.19,0.3039,0.0941,True
2017-08-21,3,2017,商业活动,2017品牌周年庆典,18750,16942,2654.0,44964068.0,29814522.21,254296.42,17947116.97,8,0.9036,2654.0,0.6631,0.3991,False
2017-08-22,3,2017,文化活动,2017北京国际电影节开幕式,45317,36213,752.34,27244488.42,3698598.9,211694.95,3500862.18,8,0.7991,752.34,0.1358,0.1285,False
2017-08-22,3,2017,演唱会,2017毛不易小王巡演,87348,78362,2475.99,194023528.38,62895330.59,4348494.78,19017383.92,8,0.8971,2475.99,0.3242,0.098,False
2017-08-22,3,2017,演唱会,2017邓紫棋启示录巡演,61766,55812,1012.01,56482302.12,28589102.64,1210344.12,6554172.67,8,0.9036,1012.01,0.5062,0.116,False
2017-08-22,3,2017,演唱会,李荣浩纵横四海巡演,59078,52504,1046.06,54922334.24,19834279.2,1004539.54,5070690.55,8,0.8887,1046.06,0.3611,0.0923,False
2017-08-24,3,2017,商业活动,2017明星代言签约仪式,12623,10587,1545.08,16357761.96,7802161.16,108686.68,5075692.68,8,0.8387,1545.08,0.477,0.3103,False
2017-08-25,3,2017,商业活动,2017互联网大会开幕式,25439,22118,3462.24,76577824.32,24798985.8,407790.83,22620760.62,8,0.8695,3462.24,0.3238,0.2954,False
2017-08-26,3,2017,体育赛事,2017世界斯诺克中国公开赛,110352,72932,1063.86,77589437.52,17601119.81,621957.55,15271834.53,8,0.6609,1063.86,0.2268,0.1968,True
2017-08-26,3,2017,展览,2017国际汽车展览会,39780,31353,464.19,14553749.07,2604558.06,233601.84,3345254.24,8,0.7882,464.19,0.179,0.2299,True
2017-08-27,3,2017,体育赛事,2017法国超级杯北京站,95777,76443,727.98,55648975.14,13032169.11,322202.13,13325987.02,8,0.7981,727.98,0.2342,0.2395,True
2017-08-28,3,2017,体育赛事,2017国际足球友谊赛,105792,95877,687.09,65876127.93,19387063.02,571498.16,16870338.6,8,0.9063,687.09,0.2943,0.2561,False
2017-08-30,3,2017,演唱会,五月天人生无限公司,52637,47190,1521.05,71778349.5,21353758.91,1550138.7,11893417.09,8,0.8965,1521.05,0.2975,0.1657,False
2017-08-31,3,2017,展览,2017国际消费电子展,50796,28980,447.44,12966811.2,1013782.53,209510.65,2562898.13,8,0.5705,447.44,0.0782,0.1977,False
2017-08-31,3,2017,体育赛事,2017NFL中国赛,100555,66993,1013.27,67881997.11,9824413.24,662710.96,12973475.23,8,0.6662,1013.27,0.1447,0.1911,False
2017-09-01,3,2017,演唱会,张学友经典世界巡演,52420,44839,1258.72,56439746.08,28358507.7,1166612.76,6972545.48,9,0.8554,1258.72,0.5025,0.1235,False
2017-09-01,3,2017,商业活动,2017科技产品首发仪式,16819,13485,680.26,9173306.1,5255986.08,41407.16,3270230.25,9,0.8018,680.26,0.573,0.3565,False
2017-09-02,3,2017,演唱会,2017王力宏龙的传人巡演,82122,76024,934.88,71073317.12,24796531.94,1022688.22,8019810.04,9,0.9257,934.88,0.3489,0.1128,True
2017-09-03,3,2017,演唱会,2017林俊杰圣所演唱会,57727,52965,1055.03,55879663.95,21880879.97,732278.51,6908101.25,9,0.9175,1055.03,0.3916,0.1236,True
2017-09-04,3,2017,演唱会,2017毛不易小王巡演,83615,81101,1553.68,126005001.68,51555958.76,1572198.21,16062727.07,9,0.9699,1553.68,0.4092,0.1275,False
2017-09-06,3,2017,文化活动,春节文化庙会,44732,36599,375.22,13732676.78,1639462.72,138949.67,2156666.11,9,0.8182,375.22,0.1194,0.157,False
2017-09-07,3,2017,展览,中国品牌日展览,38011,29672,106.1,3148199.2,371330.51,26333.46,399370.2,9,0.7806,106.1,0.118,0.1269,False
2017-09-07,3,2017,展览,2017数字艺术沉浸展,49013,30815,222.26,6848941.9,502641.53,94351.92,1330187.23,9,0.6287,222.26,0.0734,0.1942,False
2017-09-13,3,2017,展览,2017国际航空航天展,43860,27939,151.15,4222979.85,367031.63,37822.73,736858.05,9,0.637,151.15,0.0869,0.1745,False
2017-09-13,3,2017,演唱会,2017Coldplay北京演唱会,69664,64162,1140.41,73170986.42,32001271.22,1409992.89,9620098.32,9,0.921,1140.41,0.4373,0.1315,False
2017-09-13,3,2017,演唱会,2017张杰未LIVE巡演,66310,63782,1868.67,119187509.94,31642258.17,2748747.01,13657206.4,9,0.9619,1868.67,0.2655,0.1146,False
2017-09-13,3,2017,演唱会,2017李荣浩纵横四海巡演,81321,75980,2202.93,167378621.4,57173144.25,2682408.49,16767905.74,9,0.9343,2202.93,0.3416,0.1002,False
2017-09-14,3,2017,体育赛事,2017世界田径锦标赛,80786,54308,699.53,37990075.24,5080123.37,314553.98,6541653.52,9,0.6722,699.53,0.1337,0.1722,False
2017-09-14,3,2017,商业活动,明星代言签约仪式,26001,21278,3190.55,67888522.9,63110173.63,311575.96,17091305.12,9,0.8184,3190.55,0.9296,0.2518,False
2017-09-18,3,2017,文化活动,2017世界文化遗产日庆典,37505,33148,598.08,19825155.84,5887201.76,183791.79,4214466.14,9,0.8838,598.08,0.297,0.2126,False
2017-09-21,3,2017,展览,2017国际设计周,34579,21531,151.8,3268405.8,824744.66,27683.15,536167.89,9,0.6227,151.8,0.2523,0.164,False
2017-09-21,3,2017,体育赛事,2017中超联赛北京德比,79458,69784,418.01,29170409.84,8299970.3,212463.95,7684327.08,9,0.8783,418.01,0.2845,0.2634,False
2017-09-21,3,2017,体育赛事,意大利超级杯,73021,50628,898.22,45475082.16,7534950.98,344950.28,11348825.66,9,0.6933,898.22,0.1657,0.2496,False
2017-09-23,3,2017,演唱会,2017薛之谦天外来物巡演,46611,41330,1689.34,69820422.2,29871727.33,956802.46,11153074.85,9,0.8867,1689.34,0.4278,0.1597,True
2017-09-23,3,2017,体育赛事,2017亚洲田径锦标赛,78995,60085,888.94,53411959.9,16250829.02,565345.98,14936918.44,9,0.7606,888.94,0.3043,0.2797,True
2017-09-23,3,2017,体育赛事,2017全国运动会田径项目,97300,80086,355.09,28437737.74,9033338.33,155875.13,6610567.93,9,0.8231,355.09,0.3177,0.2325,True
2017-09-24,3,2017,演唱会,BTS巡演北京站,85302,78191,1207.7,94431270.7,44928438.82,1507476.31,9373969.35,9,0.9166,1207.7,0.4758,0.0993,True
2017-09-27,3,2017,演唱会,毛不易小王巡演,59519,56940,743.53,42336598.2,14972613.54,536923.84,5293075.13,9,0.9567,743.53,0.3537,0.125,False
2017-09-30,3,2017,演唱会,Ed Sheeran中国巡演,51232,43809,767.59,33627350.31,12496618.6,607994.87,4727658.47,9,0.8551,767.59,0.3716,0.1406,True
2017-10-03,4,2017,展览,2017国际汽车展览会,40565,34318,143.23,4915367.14,857126.93,77917.9,901295.58,10,0.846,143.23,0.1744,0.1834,False
2017-10-04,4,2017,商业活动,2017互联网大会开幕式,9801,9230,790.62,7297422.6,4182119.65,32072.47,2415401.03,10,0.9417,790.62,0.5731,0.331,False
2017-10-05,4,2017,文化活动,2017国潮音乐节,51494,38076,195.52,7444619.52,685434.6,102937.74,1166327.48,10,0.7394,195.52,0.0921,0.1567,False
2017-10-06,4,2017,演唱会,2017Ed Sheeran中国巡演,37309,35644,1957.1,69758872.4,17012643.07,1708373.99,9330529.22,10,0.9554,1957.1,0.2439,0.1338,False
2017-10-10,4,2017,商业活动,2017金融峰会,9023,8360,684.91,5725847.6,1711423.89,18830.63,2399144.16,10,0.9265,684.91,0.2989,0.419,False
2017-10-16,4,2017,展览,国际文创博览会,29233,19120,193.3,3695896.0,657227.29,58913.12,720491.11,10,0.6541,193.3,0.1778,0.1949,False
2017-10-18,4,2017,演唱会,周杰伦巡回演唱会,42402,37063,882.59,32711433.17,15883879.08,426389.15,4929470.09,10,0.8741,882.59,0.4856,0.1507,False
2017-10-19,4,2017,体育赛事,2017亚洲田径锦标赛,66311,41748,511.75,21364539.0,5759478.23,143312.63,6302755.52,10,0.6296,511.75,0.2696,0.295,False
2017-10-19,4,2017,商业活动,2017金融峰会,17429,15990,1206.14,19286178.6,12697014.52,74543.38,5850547.38,10,0.9174,1206.14,0.6583,0.3034,False
2017-10-23,4,2017,展览,2017未来生活体验展,38317,21152,285.2,6032550.4,993171.36,79780.29,1226617.97,10,0.552,285.2,0.1646,0.2033,False
2017-10-24,4,2017,演唱会,2017BLACKPINK世界巡演北京站,40364,37861,717.17,27152773.37,13152352.02,400302.71,4457459.03,10,0.938,717.17,0.4844,0.1642,False
2017-10-26,4,2017,演唱会,王力宏龙的传人巡演,39635,36181,935.91,33862159.71,14089602.45,445773.6,5131350.17,10,0.9129,935.91,0.4161,0.1515,False
2017-10-28,4,2017,体育赛事,2017国际田联钻石联赛,83680,75771,701.18,53129109.78,7632785.17,383503.39,10095550.0,10,0.9055,701.18,0.1437,0.19,True
2017-10-28,4,2017,体育赛事,NBA中国赛北京站,77075,46555,615.02,28632256.1,4326958.58,270558.33,8559370.16,10,0.604,615.02,0.1511,0.2989,True
2017-10-29,4,2017,演唱会,孙燕姿克卜勒巡演,69050,66018,2006.93,132493504.74,80023310.79,1680477.02,11982916.2,10,0.9561,2006.93,0.604,0.0904,True
2017-10-30,4,2017,体育赛事,2017意大利超级杯,71950,49493,520.9,25780903.7,5661870.91,289339.19,6068715.1,10,0.6879,520.9,0.2196,0.2354,False
2017-10-31,4,2017,演唱会,2017张杰未LIVE巡演,48072,46670,802.03,37430740.1,12256105.49,666275.25,5068045.43,10,0.9708,802.03,0.3274,0.1354,False
2017-11-05,4,2017,商业活动,互联网大会开幕式,13810,12661,1493.98,18915280.78,12729271.27,106749.08,4858869.78,11,0.9168,1493.98,0.673,0.2569,True
2017-11-06,4,2017,体育赛事,亚洲田径锦标赛,52698,38903,676.06,26300762.18,3788241.21,239211.91,5872470.21,11,0.7382,676.06,0.144,0.2233,False
2017-11-08,4,2017,商业活动,2017世界500强企业峰会,16657,14578,529.05,7712490.9,2342077.85,33066.5,2137380.29,11,0.8752,529.05,0.3037,0.2771,False
2017-11-11,4,2017,展览,2017国际消费电子展,21825,16188,140.13,2268424.44,411365.9,24479.26,546661.69,11,0.7417,140.13,0.1813,0.241,True
2017-11-11,4,2017,演唱会,2017张杰未LIVE巡演,56744,55420,1662.74,92149050.8,32291635.69,1880027.62,13337120.39,11,0.9767,1662.74,0.3504,0.1447,True
2017-11-13,4,2017,体育赛事,国际足球友谊赛,48673,30204,488.63,14758580.52,5569889.51,121689.73,3949996.75,11,0.6205,488.63,0.3774,0.2676,False
2017-11-13,4,2017,商业活动,2017企业年会盛典,11978,9141,2253.53,20599517.73,10963355.77,98391.95,7961761.93,11,0.7631,2253.53,0.5322,0.3865,False
2017-11-14,4,2017,演唱会,2017华晨宇火星演唱会,51508,44468,536.68,23865086.24,8423456.93,588186.51,4255299.28,11,0.8633,536.68,0.353,0.1783,False
2017-11-16,4,2017,文化活动,2017北京国际电影节开幕式,46890,33329,350.0,11665150.0,1249751.28,165646.12,2315076.17,11,0.7108,350.0,0.1071,0.1985,False
2017-11-16,4,2017,展览,2017国际航空航天展,29488,21808,183.05,3991954.4,668537.73,61999.8,856548.91,11,0.7396,183.05,0.1675,0.2146,False
2017-11-17,4,2017,体育赛事,2017NFL中国赛,66474,40256,237.85,9574889.6,2947161.83,69773.87,1938361.33,11,0.6056,237.85,0.3078,0.2024,False
2017-11-18,4,2017,演唱会,BLACKPINK世界巡演北京站,56806,53569,1325.44,71002495.36,39250431.8,1113984.65,10606801.22,11,0.943,1325.44,0.5528,0.1494,True
2017-11-20,4,2017,演唱会,王力宏龙的传人巡演,34164,32649,1199.03,39147130.47,19607901.0,827672.28,6398435.05,11,0.9557,1199.03,0.5009,0.1634,False
2017-11-22,4,2017,文化活动,2017鸟巢新年音乐会,24067,21383,219.06,4684159.98,1317177.77,37283.85,817606.93,11,0.8885,219.06,0.2812,0.1745,False
2017-11-22,4,2017,演唱会,刘德华My Love巡演,35357,33542,1107.72,37155144.24,14926561.24,757855.8,3837677.37,11,0.9487,1107.72,0.4017,0.1033,False
2017-11-24,4,2017,展览,2017国际消费电子展,36956,22159,62.04,1374744.36,351886.08,11760.19,313846.51,11,0.5996,62.04,0.256,0.2283,False
2017-11-27,4,2017,商业活动,2017企业年会盛典,6469,6104,1254.76,7659055.04,7138475.63,34526.52,2203207.64,11,0.9436,1254.76,0.932,0.2877,False
2017-12-03,4,2017,演唱会,2017张杰未LIVE巡演,53066,48865,582.55,28466305.75,7780044.52,387710.97,3318884.59,12,0.9208,582.55,0.2733,0.1166,True
2017-12-18,4,2017,演唱会,2017BLACKPINK世界巡演北京站,31926,30377,1480.56,44974971.12,18066331.05,791193.19,5566844.76,12,0.9515,1480.56,0.4017,0.1238,False
2017-12-20,4,2017,展览,2017全球创新科技展,24674,20052,115.83,2322623.16,132205.66,26699.08,374043.94,12,0.8127,115.83,0.0569,0.161,False
2017-12-20,4,2017,展览,2017国际航空航天展,17580,14009,107.99,1512831.91,230828.18,21119.79,202671.93,12,0.7969,107.99,0.1526,0.134,False
2017-12-20,4,2017,演唱会,2017Coldplay北京演唱会,33954,28891,1366.37,39475795.67,11214289.05,822104.58,4092840.96,12,0.8509,1366.37,0.2841,0.1037,False
2017-12-22,4,2017,商业活动,电商购物节开幕式,14194,12126,741.18,8987548.68,5677290.15,38676.19,2413208.15,12,0.8543,741.18,0.6317,0.2685,False
2017-12-26,4,2017,演唱会,林俊杰圣所演唱会,30473,26378,1121.29,29577387.62,14983979.84,679046.28,3685007.15,12,0.8656,1121.29,0.5066,0.1246,False
2017-12-26,4,2017,展览,国际摄影大展,22233,16478,72.62,1196632.36,147202.67,21494.2,217415.37,12,0.7412,72.62,0.123,0.1817,False
2017-12-27,4,2017,展览,2017中国品牌日展览,32018,24477,110.95,2715723.15,430285.8,38747.14,336054.86,12,0.7645,110.95,0.1584,0.1237,False
2017-12-28,4,2017,体育赛事,2017国际马术大师赛,50412,38410,270.86,10403732.6,4267242.43,114925.12,2195354.69,12,0.7619,270.86,0.4102,0.211,False
2017-12-29,4,2017,演唱会,2017华晨宇火星演唱会,41393,38009,705.62,26819910.58,14193186.47,372574.82,4500323.02,12,0.9182,705.62,0.5292,0.1678,False
2017-12-31,4,2017,演唱会,华晨宇火星演唱会,46952,44974,941.18,42328629.32,17578121.35,876223.27,5282974.8,12,0.9579,941.18,0.4153,0.1248,True
2018-01-05,1,2018,体育赛事,全国田径锦标赛,59900,53276,191.41,10197559.16,3038342.64,95155.76,1654574.01,1,0.8894,191.41,0.2979,0.1623,False
2018-01-08,1,2018,体育赛事,2018世界斯诺克中国公开赛,52936,33953,345.0,11713785.0,2016175.0,95211.04,3124040.05,1,0.6414,345.0,0.1721,0.2667,False
2018-01-12,1,2018,体育赛事,亚洲田径锦标赛,59605,42605,449.54,19152651.7,5333970.85,136847.54,5637237.06,1,0.7148,449.54,0.2785,0.2943,False
2018-01-12,1,2018,商业活动,2018电商购物节开幕式,14149,12517,1389.74,17395375.58,10810405.3,80968.06,5212654.69,1,0.8847,1389.74,0.6215,0.2997,False
2018-01-13,1,2018,展览,2018数字艺术沉浸展,31259,23149,63.11,1460933.39,179675.01,17036.14,194994.83,1,0.7406,63.11,0.123,0.1335,True
2018-01-14,1,2018,演唱会,2018林俊杰圣所演唱会,50309,43721,629.74,27532862.54,13905197.67,346451.16,3916679.07,1,0.869,629.74,0.505,0.1423,True
2018-01-17,1,2018,体育赛事,法国超级杯北京站,52451,32093,224.13,7193004.09,2241276.38,53158.36,1311582.9,1,0.6119,224.13,0.3116,0.1823,False
2018-01-18,1,2018,体育赛事,2018NFL中国赛,47515,42987,211.52,9092610.24,1592693.3,82111.25,2243806.27,1,0.9047,211.52,0.1752,0.2468,False
2018-01-20,1,2018,演唱会,2018林俊杰圣所演唱会,27956,23942,1085.87,25997899.54,11905088.8,617228.59,3935318.32,1,0.8564,1085.87,0.4579,0.1514,True
2018-01-21,1,2018,展览,2018中国品牌日展览,16867,12557,89.9,1128874.3,230916.26,10805.63,276691.55,1,0.7445,89.9,0.2046,0.2451,True
2018-01-21,1,2018,体育赛事,2018国际田联钻石联赛,47026,28687,240.01,6885166.87,2326347.53,44380.0,1791891.68,1,0.61,240.01,0.3379,0.2603,True
2018-01-22,1,2018,文化活动,春节文化庙会,27829,18093,451.51,8169170.43,2497476.97,54828.89,1255604.33,1,0.6501,451.51,0.3057,0.1537,False
2018-01-26,1,2018,演唱会,陈奕迅Fear and Dreams,47228,45507,595.64,27105789.48,14058169.75,370060.07,3327349.11,1,0.9636,595.64,0.5186,0.1228,False
2018-01-26,1,2018,演唱会,2018Coldplay北京演唱会,51073,47271,545.98,25809020.58,8315756.57,430993.43,2990560.95,1,0.9256,545.98,0.3222,0.1159,False
2018-01-28,1,2018,体育赛事,2018中超联赛北京德比,59426,51476,356.34,18342957.84,3834125.13,165259.18,3407215.09,1,0.8662,356.34,0.209,0.1858,True
2018-01-29,1,2018,体育赛事,2018世界田径锦标赛,57854,36679,509.87,18701521.73,3189050.55,121059.02,4739666.16,1,0.634,509.87,0.1705,0.2534,False
2018-01-30,1,2018,演唱会,2018张学友经典世界巡演,54169,48700,731.98,35647426.0,11815416.14,779743.31,3586088.94,1,0.899,731.98,0.3315,0.1006,False
2018-01-31,1,2018,体育赛事,全国田径锦标赛,56777,51241,566.64,29035200.24,7459451.7,311492.64,7331357.7,1,0.9025,566.64,0.2569,0.2525,False
2018-02-02,1,2018,演唱会,王力宏龙的传人巡演,38648,34028,546.73,18604128.44,6047653.71,400953.77,2086514.41,2,0.8805,546.73,0.3251,0.1122,False
2018-02-05,1,2018,体育赛事,NBA中国赛北京站,51410,31701,219.36,6953931.36,1258762.84,73822.35,1863712.38,2,0.6166,219.36,0.181,0.268,False
2018-02-11,1,2018,演唱会,2018林俊杰圣所演唱会,41679,39216,535.66,21006442.56,10446097.88,380787.64,3741452.49,2,0.9409,535.66,0.4973,0.1781,True
2018-02-12,1,2018,展览,北京国际科技博览会,20421,17318,83.45,1445187.1,192977.26,22036.02,268365.43,2,0.848,83.45,0.1335,0.1857,False
2018-02-13,1,2018,展览,2018国际消费电子展,22135,18304,53.4,977433.6,205690.71,8422.3,174480.05,2,0.8269,53.4,0.2104,0.1785,False
2018-02-22,1,2018,商业活动,世界500强企业峰会,7235,6285,645.94,4059732.9,2117168.52,12625.4,1666680.64,2,0.8687,645.94,0.5215,0.4105,False
2018-02-23,1,2018,演唱会,Coldplay北京演唱会,28007,24530,1385.86,33995145.8,10292545.08,470362.55,5849300.44,2,0.8759,1385.86,0.3028,0.1721,False
2018-02-25,1,2018,商业活动,2018国际商务大会,4330,4068,722.23,2938031.64,1461967.3,9566.59,1026263.51,2,0.9395,722.23,0.4976,0.3493,True
2018-02-25,1,2018,演唱会,华晨宇火星演唱会,49141,42439,684.98,29069866.22,12289408.44,354624.39,4594703.77,2,0.8636,684.98,0.4228,0.1581,True
2018-02-28,1,2018,演唱会,2018Coldplay北京演唱会,27231,24402,910.24,22211676.48,6379886.64,411251.76,2629357.09,2,0.8961,910.24,0.2872,0.1184,False
2018-03-01,1,2018,体育赛事,2018NBA中国赛北京站,69731,62362,265.32,16545885.84,4785257.49,170397.61,3987681.43,3,0.8943,265.32,0.2892,0.241,False
2018-03-03,1,2018,体育赛事,NFL中国赛,55777,35529,404.13,14358334.77,2628865.66,139444.98,4287575.68,3,0.637,404.13,0.1831,0.2986,True
2018-03-03,1,2018,商业活动,2018行业峰会论坛,6465,6109,2052.5,12538722.5,9800068.92,43721.07,3894692.12,3,0.9449,2052.5,0.7816,0.3106,True
2018-03-04,1,2018,商业活动,2018企业年会盛典,17260,16264,1919.69,31221838.16,22411063.28,226275.57,11184934.82,3,0.9423,1919.69,0.7178,0.3582,True
2018-03-05,1,2018,演唱会,BTS巡演北京站,49888,48032,1052.74,50565207.68,25419270.1,700642.3,6014401.16,3,0.9628,1052.74,0.5027,0.1189,False
2018-03-06,1,2018,展览,全球创新科技展,31928,24285,150.82,3662663.7,296294.43,30096.11,740057.5,3,0.7606,150.82,0.0809,0.2021,False
2018-03-12,1,2018,商业活动,2018互联网大会开幕式,9006,7370,776.6,5723542.0,3300617.8,19585.13,2215017.72,3,0.8183,776.6,0.5767,0.387,False
2018-03-13,1,2018,演唱会,孙燕姿克卜勒巡演,37948,36946,1024.71,37858935.66,11113374.96,472796.05,5743887.48,3,0.9736,1024.71,0.2935,0.1517,False
2018-03-17,1,2018,演唱会,2018五月天人生无限公司,52941,45724,1339.91,61266044.84,31356133.16,1392468.92,10220420.44,3,0.8637,1339.91,0.5118,0.1668,True
2018-03-19,1,2018,商业活动,2018品牌周年庆典,4571,3948,2206.52,8711340.96,7651276.82,46091.91,3824308.46,3,0.8637,2206.52,0.8783,0.439,False
2018-03-20,1,2018,体育赛事,2018中国足协杯决赛,63212,43124,598.88,25826101.12,7058100.59,139997.09,7422169.51,3,0.6822,598.88,0.2733,0.2874,False
2018-03-21,1,2018,文化活动,2018鸟巢光影秀,43831,34861,514.93,17950974.73,1591486.49,135764.02,3281806.69,3,0.7954,514.93,0.0887,0.1828,False
2018-03-22,1,2018,展览,2018国际消费电子展,22246,17795,163.83,2915354.85,529745.11,41799.02,403094.31,3,0.7999,163.83,0.1817,0.1383,False
2018-03-24,1,2018,体育赛事,2018世界斯诺克中国公开赛,64562,56968,316.66,18039486.88,4366429.57,202406.56,3596371.35,3,0.8824,316.66,0.242,0.1994,True
2018-03-27,1,2018,体育赛事,世界斯诺克中国公开赛,50795,35532,639.1,22708501.2,7798812.82,240286.77,4323986.65,3,0.6995,639.1,0.3434,0.1904,False
2018-03-28,1,2018,体育赛事,2018NBA中国赛北京站,51566,46575,582.84,27145773.0,5606364.33,272818.93,7904627.57,3,0.9032,582.84,0.2065,0.2912,False
2018-03-29,1,2018,展览,2018国际文创博览会,24931,20850,269.52,5619492.0,1066343.87,59139.63,1154164.87,3,0.8363,269.52,0.1898,0.2054,False
2018-04-01,2,2018,演唱会,2018毛不易小王巡演,71966,65197,1041.42,67897459.74,28078160.05,1357988.3,8186494.66,4,0.9059,1041.42,0.4135,0.1206,True
2018-04-01,2,2018,演唱会,2018林俊杰圣所演唱会,60947,58802,1893.23,111325710.46,49585970.88,2568907.6,12876030.9,4,0.9648,1893.23,0.4454,0.1157,True
2018-04-03,2,2018,体育赛事,2018全国田径锦标赛,74001,66296,526.82,34926058.72,5840809.75,205648.47,8342928.11,4,0.8959,526.82,0.1672,0.2389,False
2018-04-03,2,2018,体育赛事,2018国际足球友谊赛,81165,51617,393.68,20320580.56,5897835.12,124884.79,3892268.88,4,0.636,393.68,0.2902,0.1915,False
2018-04-05,2,2018,体育赛事,国际田联钻石联赛,64445,39199,368.66,14451103.34,3641765.69,80354.55,3196121.29,4,0.6083,368.66,0.252,0.2212,False
2018-04-08,2,2018,演唱会,2018Taylor Swift世界巡演北京站,37137,32005,1766.35,56532031.75,28032509.35,832288.86,7558804.44,4,0.8618,1766.35,0.4959,0.1337,True
2018-04-08,2,2018,展览,国际航空航天展,39442,23904,89.25,2133432.0,326055.16,34886.82,357344.93,4,0.6061,89.25,0.1528,0.1675,True
2018-04-08,2,2018,展览,北京国际科技博览会,21142,13696,130.42,1786232.32,431369.8,23215.36,228592.55,4,0.6478,130.42,0.2415,0.128,True
2018-04-08,2,2018,展览,国际航空航天展,39778,33421,143.32,4789897.72,509339.71,65101.26,887864.29,4,0.8402,143.32,0.1063,0.1854,True
2018-04-13,2,2018,展览,2018国际文创博览会,18063,11469,307.4,3525570.6,573074.18,42425.46,733112.01,4,0.6349,307.4,0.1625,0.2079,False
2018-04-15,2,2018,文化活动,2018央视春晚分会场,44756,29157,195.69,5705733.33,1122278.64,70529.9,1200512.42,4,0.6515,195.69,0.1967,0.2104,True
2018-04-18,2,2018,商业活动,创业大赛总决赛,16563,13781,1496.5,20623266.5,6382080.04,143384.66,7028239.42,4,0.832,1496.5,0.3095,0.3408,False
2018-04-21,2,2018,演唱会,2018毛不易小王巡演,57000,52403,1415.97,74201075.91,32244183.45,1395182.15,6802368.07,4,0.9194,1415.97,0.4346,0.0917,True
2018-04-21,2,2018,演唱会,2018薛之谦天外来物巡演,64220,56217,724.58,40733713.86,13031832.22,845091.63,5419311.95,4,0.8754,724.58,0.3199,0.133,True
2018-04-22,2,2018,体育赛事,2018NBA中国赛北京站,57222,41774,509.66,21290536.84,6380856.94,132038.53,5773455.32,4,0.73,509.66,0.2997,0.2712,True
2018-04-23,2,2018,文化活动,2018鸟巢光影秀,44353,39139,583.63,22842694.57,2608887.46,262398.64,2985647.65,4,0.8824,583.63,0.1142,0.1307,False
2018-04-25,2,2018,文化活动,2018北京国际电影节开幕式,35470,26696,561.65,14993808.4,4342691.56,205877.36,1659106.76,4,0.7526,561.65,0.2896,0.1107,False
2018-04-26,2,2018,演唱会,2018华晨宇火星演唱会,54823,47667,695.86,33169558.62,15734305.51,552837.36,5334851.91,4,0.8695,695.86,0.4744,0.1608,False
2018-04-28,2,2018,演唱会,2018毛不易小王巡演,41517,35992,1075.78,38719473.76,15821562.32,496472.49,3607530.29,4,0.8669,1075.78,0.4086,0.0932,True
2018-04-29,2,2018,文化活动,2018北京国际电影节开幕式,34383,29779,298.71,8895285.09,1457520.91,83205.73,1264955.6,4,0.8661,298.71,0.1639,0.1422,True
2018-04-29,2,2018,体育赛事,2018世界田径锦标赛,76489,56057,401.74,22520339.18,4449894.51,226037.87,4590327.57,4,0.7329,401.74,0.1976,0.2038,True
2018-04-30,2,2018,体育赛事,2018NBA中国赛北京站,64644,45049,495.88,22338898.12,8675653.13,196930.43,5567298.64,4,0.6969,495.88,0.3884,0.2492,False
2018-05-01,2,2018,演唱会,2018Coldplay北京演唱会,74801,67617,813.76,55024009.92,18029765.7,868584.48,8651246.56,5,0.904,813.76,0.3277,0.1572,False
2018-05-03,2,2018,文化活动,2018中国传统文化周,30819,24267,607.36,14738805.12,1985373.17,89893.74,2210766.6,5,0.7874,607.36,0.1347,0.15,False
2018-05-05,2,2018,商业活动,2018明星代言签约仪式,8480,6552,1920.65,12584098.8,9966249.39,100330.77,4855377.45,5,0.7726,1920.65,0.792,0.3858,True
2018-05-05,2,2018,演唱会,2018孙燕姿克卜勒巡演,69480,60089,1464.17,87980511.13,30351929.11,2157070.21,8583200.75,5,0.8648,1464.17,0.345,0.0976,True
2018-05-07,2,2018,演唱会,周杰伦巡回演唱会,46888,41593,1880.4,78211477.2,49912080.84,1174718.05,13149676.47,5,0.8871,1880.4,0.6382,0.1681,False
2018-05-10,2,2018,体育赛事,NBA中国赛北京站,60888,42625,631.3,26909162.5,4356683.07,238583.37,6453690.75,5,0.7001,631.3,0.1619,0.2398,False
2018-05-10,2,2018,演唱会,2018BTS巡演北京站,78091,74550,1967.95,146710672.5,72202775.34,2339382.48,17582962.52,5,0.9547,1967.95,0.4921,0.1198,False
2018-05-12,2,2018,商业活动,国际商务大会,7022,6080,2064.49,12552099.2,6937639.5,87136.64,5191809.74,5,0.8659,2064.49,0.5527,0.4136,True
2018-05-13,2,2018,演唱会,2018Ed Sheeran中国巡演,72807,66700,761.26,50776042.0,26077381.92,1003790.13,8172035.78,5,0.9161,761.26,0.5136,0.1609,True
2018-05-13,2,2018,展览,2018北京国际科技博览会,49315,30308,322.52,9774936.16,797979.47,144287.15,1687644.12,5,0.6146,322.52,0.0816,0.1727,True
2018-05-13,2,2018,商业活动,2018金融峰会,23869,19636,1472.03,28904781.08,12868767.37,128458.54,10611547.32,5,0.8227,1472.03,0.4452,0.3671,True
2018-05-14,2,2018,展览,2018全球创新科技展,45439,29215,231.67,6768239.05,1027260.22,83379.19,1151906.19,5,0.6429,231.67,0.1518,0.1702,False
2018-05-15,2,2018,演唱会,2018张杰未LIVE巡演,80240,74766,1239.74,92690400.84,37712409.58,2093815.7,9583472.07,5,0.9318,1239.74,0.4069,0.1034,False
2018-05-17,2,2018,体育赛事,2018意大利超级杯,76124,47694,650.37,31018746.78,7892785.76,249475.93,5550058.47,5,0.6265,650.37,0.2545,0.1789,False
2018-05-19,2,2018,展览,全球创新科技展,36322,29287,81.26,2379861.62,370975.28,39076.94,434969.97,5,0.8063,81.26,0.1559,0.1828,True
2018-05-20,2,2018,体育赛事,2018世界田径锦标赛,75770,67192,762.11,51207695.12,6467206.23,407225.08,9445640.48,5,0.8868,762.11,0.1263,0.1845,True
2018-05-23,2,2018,演唱会,Ed Sheeran中国巡演,72550,65224,2047.94,133574838.56,29664124.43,3212615.67,19347713.13,5,0.899,2047.94,0.2221,0.1448,False
2018-05-25,2,2018,体育赛事,2018全国田径锦标赛,89589,55142,405.15,22340781.3,6164438.31,117890.13,4701747.31,5,0.6155,405.15,0.2759,0.2105,False
2018-05-26,2,2018,体育赛事,2018北京马拉松起点仪式,65381,40347,546.05,22031479.35,3443977.93,169182.03,5807021.37,5,0.6171,546.05,0.1563,0.2636,True
2018-05-26,2,2018,体育赛事,2018意大利超级杯,81429,50081,618.24,30962077.44,7366420.81,204371.24,8742893.88,5,0.615,618.24,0.2379,0.2824,True
2018-05-28,2,2018,体育赛事,2018国际足球友谊赛,88126,70959,526.87,37386168.33,6995324.25,320122.52,7397099.76,5,0.8052,526.87,0.1871,0.1979,False
2018-05-29,2,2018,文化活动,2018鸟巢新年音乐会,44812,30386,217.27,6601966.22,1470749.26,90107.49,891937.54,5,0.6781,217.27,0.2228,0.1351,False
2018-05-29,2,2018,演唱会,2018BTS巡演北京站,41843,36622,1491.9,54636361.8,33134876.19,1254065.6,6027528.2,5,0.8752,1491.9,0.6065,0.1103,False
2018-05-29,2,2018,体育赛事,2018意大利超级杯,71938,62836,759.42,47718915.12,11302892.13,291917.09,13573274.76,5,0.8735,759.42,0.2369,0.2844,False
2018-06-01,2,2018,文化活动,2018鸟巢光影秀,69284,51108,444.85,22735393.8,3222096.92,185775.43,2841647.24,6,0.7377,444.85,0.1417,0.125,False
2018-06-01,2,2018,演唱会,李荣浩纵横四海巡演,58098,53191,2409.9,128184990.9,33001950.78,2132134.48,19838573.5,6,0.9155,2409.9,0.2575,0.1548,False
2018-06-02,2,2018,体育赛事,2018国际马术大师赛,96451,57960,344.92,19991563.2,5342685.44,188978.96,4360802.92,6,0.6009,344.92,0.2672,0.2181,True
2018-06-02,2,2018,展览,2018北京国际科技博览会,30000,24266,192.97,4682610.02,717460.1,38303.19,1129727.74,6,0.8089,192.97,0.1532,0.2413,True
2018-06-02,2,2018,演唱会,2018张学友经典世界巡演,49751,43615,1715.09,74803650.35,37617547.31,1801893.99,9603269.42,6,0.8767,1715.09,0.5029,0.1284,True
2018-06-02,2,2018,体育赛事,2018中超联赛北京德比,90338,70273,630.78,44326802.94,7582957.04,309676.73,9551861.23,6,0.7779,630.78,0.1711,0.2155,True
2018-06-03,2,2018,体育赛事,2018NBA中国赛北京站,78991,52018,602.58,31345006.44,7744013.26,173055.75,7069984.19,6,0.6585,602.58,0.2471,0.2256,True
2018-06-05,2,2018,文化活动,鸟巢新年音乐会,47569,35757,495.11,17703648.27,2038885.0,200248.56,2883898.81,6,0.7517,495.11,0.1152,0.1629,False
2018-06-08,2,2018,体育赛事,2018亚洲田径锦标赛,95529,82860,369.73,30635827.8,7105679.41,155144.7,5520878.4,6,0.8674,369.73,0.2319,0.1802,False
2018-06-08,2,2018,商业活动,科技产品首发仪式,13719,11622,2608.5,30315987.0,24115743.62,200690.19,8864666.53,6,0.8471,2608.5,0.7955,0.2924,False
2018-06-10,2,2018,展览,2018未来生活体验展,26787,20298,303.77,6165923.46,952865.56,82255.65,1444861.77,6,0.7578,303.77,0.1545,0.2343,True
2018-06-12,2,2018,演唱会,2018Coldplay北京演唱会,62542,56907,2053.21,116842021.47,37069051.26,2523905.38,19475873.26,6,0.9099,2053.21,0.3173,0.1667,False
2018-06-13,2,2018,演唱会,2018张学友经典世界巡演,71758,66326,906.27,60109264.02,27894364.66,1417713.68,7848204.27,6,0.9243,906.27,0.4641,0.1306,False
2018-06-16,2,2018,演唱会,林俊杰圣所演唱会,88877,81534,1668.7,136055785.8,50824404.74,2923642.72,16475442.79,6,0.9174,1668.7,0.3736,0.1211,True
2018-06-17,2,2018,演唱会,2018薛之谦天外来物巡演,62214,60201,2322.18,139797558.18,59972008.98,2325263.48,12595028.59,6,0.9676,2322.18,0.429,0.0901,True
2018-06-17,2,2018,商业活动,2018明星代言签约仪式,15792,12869,3566.49,45897159.81,17267290.51,249106.29,15862054.25,6,0.8149,3566.49,0.3762,0.3456,True
2018-06-18,2,2018,演唱会,2018薛之谦天外来物巡演,76060,69460,1747.85,121405661.0,46253366.2,2311913.94,11303836.61,6,0.9132,1747.85,0.381,0.0931,False
2018-06-19,2,2018,演唱会,王力宏龙的传人巡演,93379,82933,1721.72,142787404.76,63553854.17,2493686.79,24895742.87,6,0.8881,1721.72,0.4451,0.1744,False
2018-06-19,2,2018,商业活动,品牌周年庆典,18507,14426,2450.19,35346440.94,25675583.17,271761.93,15285600.63,6,0.7795,2450.19,0.7264,0.4325,False
2018-06-19,2,2018,商业活动,2018国际商务大会,29694,23785,3195.26,75999259.1,50322049.85,358402.57,27535813.85,6,0.801,3195.26,0.6621,0.3623,False
2018-06-21,2,2018,商业活动,2018世界500强企业峰会,21044,19439,2601.87,50577750.93,34562580.04,380744.79,13855875.68,6,0.9237,2601.87,0.6834,0.274,False
2018-06-22,2,2018,演唱会,2018邓紫棋启示录巡演,56703,54186,2387.42,129364740.12,56456546.92,3072592.38,14497424.6,6,0.9556,2387.42,0.4364,0.1121,False
2018-06-23,2,2018,演唱会,2018Taylor Swift世界巡演北京站,87069,77696,2320.62,180302891.52,61758073.43,3909552.61,15860414.67,6,0.8923,2320.62,0.3425,0.088,True
2018-06-27,2,2018,演唱会,邓紫棋启示录巡演,52257,48901,1613.23,78888560.23,47219478.58,1622536.59,6709121.55,6,0.9358,1613.23,0.5986,0.085,False
2018-06-29,2,2018,展览,2018国际摄影大展,44669,29137,445.04,12967130.48,1427999.25,187086.72,2546731.69,6,0.6523,445.04,0.1101,0.1964,False
2018-06-29,2,2018,商业活动,2018行业峰会论坛,14972,13143,993.28,13054679.04,6550481.47,97110.59,3369636.45,6,0.8778,993.28,0.5018,0.2581,False
2018-06-30,2,2018,展览,北京国际科技博览会,40538,31668,192.24,6087856.32,472227.5,107914.96,1210798.24,6,0.7812,192.24,0.0776,0.1989,True
2018-06-30,2,2018,演唱会,李荣浩纵横四海巡演,74704,68182,2111.14,143941747.48,35230203.53,2128803.83,22140410.75,6,0.9127,2111.14,0.2448,0.1538,True
2018-07-02,3,2018,展览,2018国际消费电子展,42124,26126,129.59,3385668.34,396368.41,45151.85,821787.59,7,0.6202,129.59,0.1171,0.2427,False
2018-07-04,3,2018,体育赛事,全国运动会田径项目,109146,89081,1018.84,90759286.04,25258396.82,462384.16,15821667.82,7,0.8162,1018.84,0.2783,0.1743,False
2018-07-05,3,2018,文化活动,2018鸟巢新年音乐会,50846,44177,726.52,32095474.04,6056509.81,437987.73,5058766.42,7,0.8688,726.52,0.1887,0.1576,False
2018-07-07,3,2018,商业活动,2018企业年会盛典,15104,12604,1700.58,21434110.32,8450748.34,103180.28,6434465.07,7,0.8345,1700.58,0.3943,0.3002,True
2018-07-07,3,2018,文化活动,2018中秋赏月晚会,49769,44631,628.69,28059063.39,5691083.93,192278.95,6091749.03,7,0.8968,628.69,0.2028,0.2171,True
2018-07-08,3,2018,文化活动,2018世界文化遗产日庆典,80532,54934,258.25,14186705.5,2838383.28,165046.08,1674958.36,7,0.6821,258.25,0.2001,0.1181,True
2018-07-09,3,2018,文化活动,2018鸟巢光影秀,88155,61173,653.23,39960038.79,6943948.78,331161.85,7952694.48,7,0.6939,653.23,0.1738,0.199,False
2018-07-10,3,2018,体育赛事,北京马拉松起点仪式,87643,69869,745.72,52102710.68,10169891.25,314668.19,12147492.0,7,0.7972,745.72,0.1952,0.2331,False
2018-07-11,3,2018,演唱会,2018王力宏龙的传人巡演,70896,64502,1329.56,85759279.12,20683545.86,2028867.74,8667747.5,7,0.9098,1329.56,0.2412,0.1011,False
2018-07-15,3,2018,演唱会,2018周杰伦巡回演唱会,94142,86842,1459.39,126736346.38,43482361.24,2404611.15,15679163.08,7,0.9225,1459.39,0.3431,0.1237,True
2018-07-17,3,2018,体育赛事,2018北京马拉松起点仪式,125239,109030,882.58,96227697.4,17559136.07,856619.44,26969873.65,7,0.8706,882.58,0.1825,0.2803,False
2018-07-17,3,2018,展览,2018国际消费电子展,41373,32906,124.91,4110288.46,794559.07,49251.54,758889.74,7,0.7953,124.91,0.1933,0.1846,False
2018-07-17,3,2018,文化活动,2018中国传统文化周,41726,28113,282.7,7947545.1,1402177.6,98931.65,1032822.94,7,0.6738,282.7,0.1764,0.13,False
2018-07-18,3,2018,演唱会,Coldplay北京演唱会,88389,80917,2727.22,220678460.74,107137891.72,4100770.12,39093550.28,7,0.9155,2727.22,0.4855,0.1772,False
2018-07-18,3,2018,演唱会,2018薛之谦天外来物巡演,107284,96979,1606.54,155800642.66,83208676.71,3564728.34,27973750.04,7,0.9039,1606.54,0.5341,0.1795,False
2018-07-18,3,2018,演唱会,2018Coldplay北京演唱会,70842,62418,2561.02,159853746.36,43461636.81,2969366.45,21745683.2,7,0.8811,2561.02,0.2719,0.136,False
2018-07-18,3,2018,展览,2018国际消费电子展,38888,31257,284.26,8885114.82,897016.45,145354.75,1237894.79,7,0.8038,284.26,0.101,0.1393,False
2018-07-18,3,2018,体育赛事,2018国际田联钻石联赛,97672,71250,704.63,50204887.5,6782068.33,458692.57,14980259.97,7,0.7295,704.63,0.1351,0.2984,False
2018-07-21,3,2018,展览,国际消费电子展,51234,35872,459.56,16485336.32,2046075.31,243264.89,3141030.4,7,0.7002,459.56,0.1241,0.1905,True
2018-07-23,3,2018,文化活动,2018央视春晚分会场,65469,57188,873.51,49954289.88,6776771.32,316674.06,7196432.74,7,0.8735,873.51,0.1357,0.1441,False
2018-07-23,3,2018,体育赛事,2018全国运动会田径项目,95411,69828,565.47,39485639.16,13170425.86,371683.72,10271825.94,7,0.7319,565.47,0.3335,0.2601,False
2018-07-25,3,2018,体育赛事,2018北京马拉松起点仪式,113893,87355,442.95,38693897.25,8333020.69,389817.38,10997358.85,7,0.767,442.95,0.2154,0.2842,False
2018-07-25,3,2018,演唱会,2018BLACKPINK世界巡演北京站,75751,66666,2452.87,163523031.42,47253817.38,3634272.64,18192651.06,7,0.8801,2452.87,0.289,0.1113,False
2018-07-26,3,2018,文化活动,非遗文化展示周,84839,63569,413.1,26260353.9,4323931.22,333500.54,5686584.82,7,0.7493,413.1,0.1647,0.2165,False
2018-07-26,3,2018,体育赛事,2018NBA中国赛北京站,86621,72193,666.63,48126019.59,12631219.98,289669.19,10150571.47,7,0.8334,666.63,0.2625,0.2109,False
2018-07-26,3,2018,演唱会,五月天人生无限公司,84185,81257,2666.62,216681541.34,133469350.47,2894618.93,20124237.54,7,0.9652,2666.62,0.616,0.0929,False
2018-07-26,3,2018,文化活动,2018中国传统文化周,57385,43588,424.99,18524464.12,2746987.85,196936.17,2297376.35,7,0.7596,424.99,0.1483,0.124,False
2018-07-26,3,2018,体育赛事,2018中超联赛北京德比,83536,73925,848.44,62720927.0,22901798.85,396958.78,10444653.68,7,0.8849,848.44,0.3651,0.1665,False
2018-07-27,3,2018,展览,2018数字艺术沉浸展,59717,41808,255.6,10686124.8,1257983.36,159522.6,2492279.88,7,0.7001,255.6,0.1177,0.2332,False
2018-07-28,3,2018,文化活动,2018冰雪文化节,66305,52677,757.11,39882283.47,8259489.21,258473.55,8475226.15,7,0.7945,757.11,0.2071,0.2125,True
2018-07-29,3,2018,演唱会,邓紫棋启示录巡演,64457,59990,2419.96,145173400.4,69200294.73,2009167.29,24424991.93,7,0.9307,2419.96,0.4767,0.1682,True
2018-07-29,3,2018,文化活动,2018鸟巢新年音乐会,61327,50434,480.47,24232023.98,4775942.47,309130.65,4297946.79,7,0.8224,480.47,0.1971,0.1774,True
2018-08-02,3,2018,体育赛事,亚洲田径锦标赛,92918,68749,587.58,40395537.42,7900256.54,242860.31,10272131.12,8,0.7399,587.58,0.1956,0.2543,False
2018-08-04,3,2018,体育赛事,中国足协杯决赛,110233,97994,477.53,46795074.82,7172850.84,539816.39,10826414.17,8,0.889,477.53,0.1533,0.2314,True
2018-08-05,3,2018,演唱会,林俊杰圣所演唱会,86594,83900,1308.76,109804964.0,36932280.58,2179498.62,10584448.79,8,0.9689,1308.76,0.3363,0.0964,True
2018-08-06,3,2018,体育赛事,2018意大利超级杯,81407,49201,1093.12,53782597.12,8703984.78,575876.21,15241870.45,8,0.6044,1093.12,0.1618,0.2834,False
2018-08-07,3,2018,文化活动,2018国潮音乐节,81108,56703,639.09,36238320.27,4090994.79,450076.15,6491398.92,8,0.6991,639.09,0.1129,0.1791,False
2018-08-08,3,2018,体育赛事,2018意大利超级杯,93414,70097,1043.11,73118881.67,18409537.94,483216.69,19188402.56,8,0.7504,1043.11,0.2518,0.2624,False
2018-08-09,3,2018,商业活动,创业大赛总决赛,29923,22520,3756.21,84589849.2,46695877.73,644667.04,21560108.39,8,0.7526,3756.21,0.552,0.2549,False
2018-08-09,3,2018,文化活动,中秋赏月晚会,84021,67292,849.16,57141674.72,6412912.64,782978.44,10383217.46,8,0.8009,849.16,0.1122,0.1817,False
2018-08-12,3,2018,体育赛事,国际田联钻石联赛,109051,95251,569.85,54278782.35,6597227.36,292867.13,8983640.04,8,0.8735,569.85,0.1215,0.1655,True
2018-08-12,3,2018,体育赛事,2018NBA中国赛北京站,103596,82856,881.97,73076506.32,12157483.46,852997.23,16891483.56,8,0.7998,881.97,0.1664,0.2311,True
2018-08-13,3,2018,展览,2018未来生活体验展,39853,28622,142.43,4076631.46,380009.33,41019.18,953739.6,8,0.7182,142.43,0.0932,0.234,False
2018-08-15,3,2018,文化活动,2018鸟巢新年音乐会,58817,41709,715.31,29834864.79,4213994.18,405220.5,3801456.71,8,0.7091,715.31,0.1412,0.1274,False
2018-08-16,3,2018,商业活动,2018电商购物节开幕式,25121,22811,1626.69,37106425.59,21622388.12,187484.44,10993511.16,8,0.908,1626.69,0.5827,0.2963,False
2018-08-22,3,2018,商业活动,2018科技产品首发仪式,32712,26482,2624.03,69489562.46,60145128.08,322700.59,25862070.6,8,0.8096,2624.03,0.8655,0.3722,False
2018-08-23,3,2018,体育赛事,2018全国田径锦标赛,81338,50209,727.57,36530562.13,11398429.7,209415.99,9987353.0,8,0.6173,727.57,0.312,0.2734,False
2018-08-25,3,2018,体育赛事,2018中国足协杯决赛,112427,83341,753.86,62827446.26,22348557.98,529835.22,11852670.86,8,0.7413,753.86,0.3557,0.1887,True
2018-08-26,3,2018,演唱会,2018刘德华My Love巡演,55367,49290,1475.64,72734295.6,26613243.11,1634614.55,10686003.8,8,0.8902,1475.64,0.3659,0.1469,True
2018-08-26,3,2018,展览,2018国际汽车展览会,50708,39587,280.92,11120780.04,1638864.44,100985.3,1965172.82,8,0.7807,280.92,0.1474,0.1767,True
2018-08-27,3,2018,体育赛事,中国足协杯决赛,114551,100383,975.86,97959754.38,20348090.69,1017287.94,23462188.79,8,0.8763,975.86,0.2077,0.2395,False
2018-08-31,3,2018,体育赛事,2018NBA中国赛北京站,105829,94018,496.59,46688398.62,8167119.07,437685.36,12107729.33,8,0.8884,496.59,0.1749,0.2593,False
2018-09-01,3,2018,商业活动,品牌周年庆典,20997,19043,2829.16,53875693.88,54407039.74,430935.86,16098747.06,9,0.9069,2829.16,1.0099,0.2988,True
2018-09-02,3,2018,商业活动,世界500强企业峰会,11684,8839,1709.8,15112922.2,15809093.73,93477.02,4266794.13,9,0.7565,1709.8,1.0461,0.2823,True
2018-09-02,3,2018,商业活动,2018国际商务大会,13400,11150,601.89,6711073.5,3876984.72,40786.25,2689503.78,9,0.8321,601.89,0.5777,0.4008,True
2018-09-07,3,2018,文化活动,2018国潮音乐节,68967,55321,507.07,28051619.47,8221475.4,233837.01,3789406.96,9,0.8021,507.07,0.2931,0.1351,False
2018-09-08,3,2018,体育赛事,2018中国足协杯决赛,86393,61891,809.15,50079102.65,10792240.08,264316.42,13817385.59,9,0.7164,809.15,0.2155,0.2759,True
2018-09-08,3,2018,体育赛事,2018北京马拉松起点仪式,84794,61771,507.47,31346929.37,8415662.53,315369.04,5671586.2,9,0.7285,507.47,0.2685,0.1809,True
2018-09-11,3,2018,展览,2018北京国际科技博览会,29860,21120,354.82,7493798.4,968173.76,78357.52,1005715.17,9,0.7073,354.82,0.1292,0.1342,False
2018-09-12,3,2018,演唱会,2018孙燕姿克卜勒巡演,68270,58497,1515.44,88648693.68,55320831.81,1181637.06,13688481.36,9,0.8568,1515.44,0.624,0.1544,False
2018-09-13,3,2018,体育赛事,世界斯诺克中国公开赛,71172,46704,943.92,44084839.68,14757112.22,343131.92,8836669.85,9,0.6562,943.92,0.3347,0.2004,False
2018-09-15,3,2018,文化活动,2018国庆文艺汇演,48844,43203,282.87,12220832.61,1109045.5,163545.19,1529053.69,9,0.8845,282.87,0.0908,0.1251,True
2018-09-18,3,2018,体育赛事,意大利超级杯,87810,69129,553.28,38247693.12,8273478.75,229215.01,6963764.43,9,0.7873,553.28,0.2163,0.1821,False
2018-09-20,3,2018,商业活动,创业大赛总决赛,25248,23292,1773.15,41300209.8,34546336.07,233822.04,17803048.74,9,0.9225,1773.15,0.8365,0.4311,False
2018-09-23,3,2018,展览,2018中国品牌日展览,35153,29399,389.4,11447970.6,2247113.82,114190.48,2306372.53,9,0.8363,389.4,0.1963,0.2015,True
2018-09-24,3,2018,展览,2018中国品牌日展览,35891,22759,330.01,7510697.59,634004.79,99879.8,1184424.7,9,0.6341,330.01,0.0844,0.1577,False
2018-09-25,3,2018,文化活动,2018国潮音乐节,37591,26899,660.89,17777280.11,1989860.48,197401.73,2974816.95,9,0.7156,660.89,0.1119,0.1673,False
2018-09-27,3,2018,体育赛事,2018北京马拉松起点仪式,85376,59090,388.26,22942283.4,7147867.41,174764.47,6713857.41,9,0.6921,388.26,0.3116,0.2926,False
2018-09-30,3,2018,演唱会,2018BLACKPINK世界巡演北京站,53279,51490,926.66,47713723.4,21613737.11,1112163.2,4419221.64,9,0.9664,926.66,0.453,0.0926,True
2018-10-01,4,2018,体育赛事,2018意大利超级杯,71463,51483,470.53,24224295.99,4045051.74,195090.39,4341455.81,10,0.7204,470.53,0.167,0.1792,False
2018-10-02,4,2018,演唱会,2018薛之谦天外来物巡演,45716,39655,723.61,28694754.55,12480277.23,345013.0,2937820.87,10,0.8674,723.61,0.4349,0.1024,False
2018-10-02,4,2018,体育赛事,世界斯诺克中国公开赛,64367,57901,559.53,32397346.53,8514978.78,251563.19,6487610.29,10,0.8995,559.53,0.2628,0.2003,False
2018-10-06,4,2018,文化活动,2018鸟巢光影秀,28714,25346,222.51,5639738.46,1146935.58,55929.72,1204767.17,10,0.8827,222.51,0.2034,0.2136,True
2018-10-07,4,2018,展览,2018数字艺术沉浸展,19533,14011,183.18,2566534.98,374653.39,28574.97,406447.14,10,0.7173,183.18,0.146,0.1584,True
2018-10-08,4,2018,演唱会,2018张学友经典世界巡演,44580,41263,2043.74,84330843.62,37622687.67,1016908.39,9388350.52,10,0.9256,2043.74,0.4461,0.1113,False
2018-10-08,4,2018,体育赛事,2018北京马拉松起点仪式,60106,46604,663.05,30900782.2,10168809.47,187524.71,7926853.75,10,0.7754,663.05,0.3291,0.2565,False
2018-10-09,4,2018,体育赛事,2018全国田径锦标赛,67884,55237,287.62,15887265.94,4114232.26,168739.32,4089736.81,10,0.8137,287.62,0.259,0.2574,False
2018-10-12,4,2018,演唱会,2018邓紫棋启示录巡演,68441,58936,906.12,53403088.32,18080840.54,1207946.55,4346739.13,10,0.8611,906.12,0.3386,0.0814,False
2018-10-13,4,2018,文化活动,央视春晚分会场,55849,43209,233.3,10080659.7,2844447.48,75321.79,1048771.34,10,0.7737,233.3,0.2822,0.104,True
2018-10-15,4,2018,演唱会,2018邓紫棋启示录巡演,50729,46996,1859.66,87396581.36,24576414.68,1133414.45,11452384.41,10,0.9264,1859.66,0.2812,0.131,False
2018-10-16,4,2018,演唱会,2018毛不易小王巡演,74646,70225,941.04,66084534.0,18610512.44,1234336.86,6874526.81,10,0.9408,941.04,0.2816,0.104,False
2018-10-16,4,2018,演唱会,周杰伦巡回演唱会,44976,40204,1243.66,50000106.64,19960924.09,775940.15,4145862.19,10,0.8939,1243.66,0.3992,0.0829,False
2018-10-17,4,2018,演唱会,毛不易小王巡演,42181,36866,1132.55,41752588.3,19337477.7,615518.97,6148162.17,10,0.874,1132.55,0.4631,0.1473,False
2018-10-18,4,2018,商业活动,2018创业大赛总决赛,7187,6204,1413.72,8770718.88,3554201.4,41017.94,3259127.83,10,0.8632,1413.72,0.4052,0.3716,False
2018-10-19,4,2018,演唱会,2018Taylor Swift世界巡演北京站,75101,71187,1807.75,128688299.25,36386881.34,2626023.05,20976613.38,10,0.9479,1807.75,0.2828,0.163,False
2018-10-21,4,2018,体育赛事,2018国际马术大师赛,71153,54709,831.43,45486703.87,13284248.66,230727.63,11095394.78,10,0.7689,831.43,0.292,0.2439,True
2018-10-21,4,2018,展览,2018未来生活体验展,41685,30659,107.66,3300747.94,292381.12,39506.3,715142.54,10,0.7355,107.66,0.0886,0.2167,True
2018-10-22,4,2018,演唱会,张学友经典世界巡演,51160,45640,1485.96,67819214.4,23883335.37,1309651.35,9975031.0,10,0.8921,1485.96,0.3522,0.1471,False
2018-10-23,4,2018,体育赛事,2018全国运动会田径项目,59890,54317,670.38,36413030.46,12422157.01,332381.9,7919357.74,10,0.9069,670.38,0.3411,0.2175,False
2018-10-24,4,2018,商业活动,2018科技产品首发仪式,20654,19004,1474.04,28012656.16,7711210.64,157332.03,8930857.74,10,0.9201,1474.04,0.2753,0.3188,False
2018-10-24,4,2018,商业活动,2018行业峰会论坛,7317,5557,2304.4,12805550.8,9557852.88,48012.03,4665904.18,10,0.7595,2304.4,0.7464,0.3644,False
2018-10-31,4,2018,演唱会,张杰未LIVE巡演,48319,44194,1245.8,55056885.2,16293919.55,1181530.82,8089271.91,10,0.9146,1245.8,0.2959,0.1469,False
2018-11-02,4,2018,体育赛事,法国超级杯北京站,64683,50505,626.22,31627241.1,6058208.78,307246.55,5289707.96,11,0.7808,626.22,0.1916,0.1673,False
2018-11-03,4,2018,商业活动,2018明星代言签约仪式,7120,6540,794.93,5198842.2,4255292.79,35323.24,1853580.31,11,0.9185,794.93,0.8185,0.3565,True
2018-11-04,4,2018,体育赛事,亚洲田径锦标赛,48076,32232,353.72,11401103.04,2158642.37,126697.96,2915680.12,11,0.6704,353.72,0.1893,0.2557,True
2018-11-04,4,2018,演唱会,2018周杰伦巡回演唱会,36749,33109,1122.04,37149622.36,10882180.08,598648.45,3104156.12,11,0.9009,1122.04,0.2929,0.0836,True
2018-11-06,4,2018,商业活动,2018互联网大会开幕式,6122,5165,2241.58,11577760.7,6597106.04,92291.42,4181000.67,11,0.8437,2241.58,0.5698,0.3611,False
2018-11-12,4,2018,展览,2018国际汽车展览会,37745,24020,106.83,2566056.6,464002.23,38183.71,414446.87,11,0.6364,106.83,0.1808,0.1615,False
2018-11-14,4,2018,展览,2018国际消费电子展,34833,26069,88.47,2306324.43,354889.77,30671.7,394191.96,11,0.7484,88.47,0.1539,0.1709,False
2018-11-14,4,2018,文化活动,2018国潮音乐节,24351,19219,451.77,8682567.63,1559686.68,62742.45,1793015.93,11,0.7892,451.77,0.1796,0.2065,False
2018-11-16,4,2018,文化活动,2018冰雪文化节,34925,27185,457.95,12449370.75,1985621.65,85417.76,2611257.16,11,0.7784,457.95,0.1595,0.2098,False
2018-11-18,4,2018,体育赛事,2018世界斯诺克中国公开赛,56488,39102,341.93,13370146.86,3564460.45,157204.51,3376984.29,11,0.6922,341.93,0.2666,0.2526,True
2018-11-19,4,2018,演唱会,2018五月天人生无限公司,46051,40786,1006.13,41036018.18,13514416.54,635710.91,6816340.89,11,0.8857,1006.13,0.3293,0.1661,False
2018-11-21,4,2018,体育赛事,世界田径锦标赛,51609,36129,270.55,9774700.95,1651619.32,58308.68,2603946.39,11,0.7001,270.55,0.169,0.2664,False
2018-11-22,4,2018,体育赛事,世界斯诺克中国公开赛,57629,51308,570.3,29260952.4,7558084.22,217537.35,6673781.84,11,0.8903,570.3,0.2583,0.2281,False
2018-11-23,4,2018,展览,2018数字艺术沉浸展,36873,25675,211.99,5442843.25,438574.47,51969.12,914689.43,11,0.6963,211.99,0.0806,0.1681,False
2018-11-27,4,2018,商业活动,科技产品首发仪式,4213,3295,2354.65,7758571.75,3453704.09,56188.26,1971300.41,11,0.7821,2354.65,0.4451,0.2541,False
2018-11-28,4,2018,展览,2018数字艺术沉浸展,27043,16821,274.35,4614841.35,857718.08,74299.77,887164.63,11,0.622,274.35,0.1859,0.1922,False
2018-11-29,4,2018,商业活动,2018科技产品首发仪式,10732,8640,915.54,7910265.6,4850184.77,41138.16,2121750.51,11,0.8051,915.54,0.6132,0.2682,False
2018-11-30,4,2018,演唱会,2018BLACKPINK世界巡演北京站,47685,41227,1063.1,43828423.7,21365814.25,750886.52,7684543.88,11,0.8646,1063.1,0.4875,0.1753,False
2018-12-02,4,2018,商业活动,2018行业峰会论坛,12003,10699,693.62,7421040.38,4215709.46,57408.08,2057012.58,12,0.8914,693.62,0.5681,0.2772,True
2018-12-08,4,2018,演唱会,2018BTS巡演北京站,58980,56893,940.71,53519814.03,22844840.0,1093455.36,5937661.95,12,0.9646,940.71,0.4268,0.1109,True
2018-12-09,4,2018,演唱会,周杰伦巡回演唱会,30038,27558,1176.55,32423364.9,17582523.87,587681.38,4453030.21,12,0.9174,1176.55,0.5423,0.1373,True
2018-12-10,4,2018,演唱会,2018毛不易小王巡演,51763,47384,575.54,27271387.36,14650943.71,429891.76,3992874.02,12,0.9154,575.54,0.5372,0.1464,False
2018-12-10,4,2018,体育赛事,2018法国超级杯北京站,45989,28058,319.8,8972948.4,3499572.69,87747.28,2289122.96,12,0.6101,319.8,0.39,0.2551,False
2018-12-11,4,2018,文化活动,鸟巢新年音乐会,31504,22715,197.01,4475082.15,902973.09,45142.42,654718.54,12,0.721,197.01,0.2018,0.1463,False
2018-12-11,4,2018,商业活动,2018世界500强企业峰会,5502,4595,895.88,4116568.6,1564797.83,17150.69,1633514.96,12,0.8352,895.88,0.3801,0.3968,False
2018-12-13,4,2018,体育赛事,意大利超级杯,58544,38807,316.68,12289400.76,2735781.22,134966.16,2268306.63,12,0.6629,316.68,0.2226,0.1846,False
2018-12-18,4,2018,商业活动,2018科技产品首发仪式,4750,3587,847.14,3038691.18,2369590.49,21976.35,1057735.86,12,0.7552,847.14,0.7798,0.3481,False
2018-12-21,4,2018,演唱会,2018蔡依林Ugly Beauty巡演,39740,34518,1458.23,50335183.14,19527875.38,974678.8,6401408.67,12,0.8686,1458.23,0.388,0.1272,False
2018-12-23,4,2018,文化活动,2018非遗文化展示周,35484,28631,263.27,7537683.37,886232.16,79168.31,1191203.33,12,0.8069,263.27,0.1176,0.158,True
2018-12-25,4,2018,体育赛事,2018NFL中国赛,60314,52426,388.75,20380607.5,4527603.35,119438.07,3677896.43,12,0.8692,388.75,0.2222,0.1805,False
2018-12-27,4,2018,文化活动,世界文化遗产日庆典,41982,30584,301.2,9211900.8,1447155.72,80266.94,1991267.65,12,0.7285,301.2,0.1571,0.2162,False
2018-12-28,4,2018,体育赛事,2018北京马拉松起点仪式,63886,50258,232.95,11707601.1,2337113.98,122458.27,2926846.55,12,0.7867,232.95,0.1996,0.25,False
2018-12-31,4,2018,演唱会,五月天人生无限公司,55688,47472,1318.1,62572843.2,34684127.95,1108001.12,5286660.74,12,0.8525,1318.1,0.5543,0.0845,False
2018-12-31,4,2018,商业活动,2018创业大赛总决赛,5849,5463,1177.41,6432190.83,5353577.77,38849.07,1742818.23,12,0.934,1177.41,0.8323,0.271,False
2019-01-03,1,2019,展览,2019当代艺术大展,26190,19504,129.32,2522257.28,395737.87,37115.31,304100.35,1,0.7447,129.32,0.1569,0.1206,False
2019-01-03,1,2019,商业活动,国际商务大会,14785,13794,645.58,8905130.52,8655997.2,68496.55,3854419.15,1,0.933,645.58,0.972,0.4328,False
2019-01-13,1,2019,文化活动,国潮音乐节,44620,34884,239.34,8349136.56,1005490.06,51636.11,1199161.26,1,0.7818,239.34,0.1204,0.1436,True
2019-01-15,1,2019,演唱会,2019薛之谦天外来物巡演,49093,46687,1401.79,65445369.73,16601895.74,1196186.1,8600049.7,1,0.951,1401.79,0.2537,0.1314,False
2019-01-16,1,2019,文化活动,国潮音乐节,36510,31289,180.8,5657051.2,1245616.25,42301.53,649517.89,1,0.857,180.8,0.2202,0.1148,False
2019-01-17,1,2019,演唱会,林俊杰圣所演唱会,34179,29707,1321.59,39260474.13,12834461.82,658160.23,6108110.18,1,0.8692,1321.59,0.3269,0.1556,False
2019-01-18,1,2019,体育赛事,2019NFL中国赛,61485,52267,585.89,30622712.63,6125578.36,211964.66,8378808.21,1,0.8501,585.89,0.2,0.2736,False
2019-01-20,1,2019,体育赛事,2019法国超级杯北京站,47215,33479,524.74,17567770.46,3418378.23,168333.73,5149361.0,1,0.7091,524.74,0.1946,0.2931,True
2019-01-21,1,2019,体育赛事,2019全国田径锦标赛,54578,44595,450.43,20086925.85,3874065.37,124089.31,5103622.0,1,0.8171,450.43,0.1929,0.2541,False
2019-01-22,1,2019,体育赛事,2019北京马拉松起点仪式,56757,45631,427.67,19515009.77,3090806.43,148944.26,5686507.12,1,0.804,427.67,0.1584,0.2914,False
2019-01-23,1,2019,演唱会,2019BLACKPINK世界巡演北京站,44174,41136,577.74,23765912.64,14222732.53,400718.53,3238848.55,1,0.9312,577.74,0.5985,0.1363,False
2019-01-27,1,2019,体育赛事,2019意大利超级杯,53450,41982,315.83,13259175.06,2193729.89,71147.87,2492971.13,1,0.7854,315.83,0.1654,0.188,True
2019-01-27,1,2019,演唱会,2019薛之谦天外来物巡演,29441,27546,764.63,21062497.98,10305801.7,336420.62,2775276.74,1,0.9356,764.63,0.4893,0.1318,True
2019-01-31,1,2019,体育赛事,法国超级杯北京站,54817,33271,413.9,13770866.9,3195771.57,136564.62,3375429.4,1,0.6069,413.9,0.2321,0.2451,False
2019-02-01,1,2019,体育赛事,中超联赛北京德比,48487,29557,334.33,9881791.81,3234238.04,85152.91,2696405.98,2,0.6096,334.33,0.3273,0.2729,False
2019-02-06,1,2019,演唱会,2019张学友经典世界巡演,48465,46077,823.64,37950860.28,15003785.27,580427.11,4952693.7,2,0.9507,823.64,0.3953,0.1305,False
2019-02-06,1,2019,演唱会,2019李荣浩纵横四海巡演,33124,30371,543.39,16503297.69,8689995.16,352177.31,2183812.92,2,0.9169,543.39,0.5266,0.1323,False
2019-02-08,1,2019,展览,2019国际消费电子展,19541,11557,128.81,1488657.17,260119.4,21022.2,262430.16,2,0.5914,128.81,0.1747,0.1763,False
2019-02-08,1,2019,演唱会,2019王力宏龙的传人巡演,39585,38135,721.87,27528512.45,10357686.05,465687.53,3789039.74,2,0.9634,721.87,0.3763,0.1376,False
2019-02-09,1,2019,展览,2019国际设计周,31336,24752,135.35,3350183.2,403393.27,50398.58,751645.55,2,0.7899,135.35,0.1204,0.2244,True
2019-02-20,1,2019,文化活动,2019中国传统文化周,41379,29426,356.73,10497136.98,1786636.34,136352.16,1745324.05,2,0.7111,356.73,0.1702,0.1663,False
2019-02-20,1,2019,文化活动,2019春节文化庙会,27857,24644,288.29,7104618.76,1088741.44,53514.99,1250072.35,2,0.8847,288.29,0.1532,0.176,False
2019-02-20,1,2019,体育赛事,2019全国运动会田径项目,47536,36799,390.92,14385465.08,2782106.47,121881.26,2522715.5,2,0.7741,390.92,0.1934,0.1754,False
2019-02-22,1,2019,文化活动,2019非遗文化展示周,22097,19518,223.66,4365395.88,624414.06,37075.22,716747.76,2,0.8833,223.66,0.143,0.1642,False
2019-02-28,1,2019,文化活动,非遗文化展示周,37884,29957,117.96,3533727.72,603030.18,24826.23,640088.89,2,0.7908,117.96,0.1706,0.1811,False
2019-03-01,1,2019,展览,2019当代艺术大展,40488,32371,178.13,5766246.23,1018300.13,73864.48,846387.41,3,0.7995,178.13,0.1766,0.1468,False
2019-03-02,1,2019,演唱会,2019蔡依林Ugly Beauty巡演,63622,57742,1282.68,74064508.56,36648870.43,962031.42,9636679.12,3,0.9076,1282.68,0.4948,0.1301,True
2019-03-03,1,2019,商业活动,2019电商购物节开幕式,4149,3635,1605.48,5835919.8,2933588.7,24714.05,2380921.91,3,0.8761,1605.48,0.5027,0.408,True
2019-03-03,1,2019,文化活动,2019中国传统文化周,39750,28484,507.72,14461896.48,3650389.76,202650.55,2112505.15,3,0.7166,507.72,0.2524,0.1461,True
2019-03-04,1,2019,演唱会,Taylor Swift世界巡演北京站,58778,51138,1314.37,67214253.06,19189390.3,1168738.42,5476676.9,3,0.87,1314.37,0.2855,0.0815,False
2019-03-05,1,2019,演唱会,2019蔡依林Ugly Beauty巡演,48696,44241,792.59,35064974.19,9202331.84,709573.37,3676687.88,3,0.9085,792.59,0.2624,0.1049,False
2019-03-07,1,2019,演唱会,2019BLACKPINK世界巡演北京站,41286,36460,1494.65,54494939.0,19025369.83,780510.11,8530269.53,3,0.8831,1494.65,0.3491,0.1565,False
2019-03-08,1,2019,商业活动,科技产品首发仪式,9152,7819,1740.9,13612097.1,8426757.66,63715.87,4193298.2,3,0.8543,1740.9,0.6191,0.3081,False
2019-03-09,1,2019,演唱会,2019五月天人生无限公司,56293,48493,1585.41,76881287.13,37559553.61,1742422.77,9257351.49,3,0.8614,1585.41,0.4885,0.1204,True
2019-03-15,1,2019,演唱会,2019五月天人生无限公司,41157,36806,626.79,23069632.74,8608410.24,424848.07,3877240.42,3,0.8943,626.79,0.3731,0.1681,False
2019-03-15,1,2019,体育赛事,世界田径锦标赛,57916,47877,403.7,19327944.9,3825825.01,205555.09,3971569.78,3,0.8267,403.7,0.1979,0.2055,False
2019-03-15,1,2019,文化活动,鸟巢光影秀,42156,32659,543.89,17762903.51,2499097.05,262825.63,3574436.77,3,0.7747,543.89,0.1407,0.2012,False
2019-03-15,1,2019,演唱会,2019薛之谦天外来物巡演,55448,52650,1088.94,57332691.0,24423166.95,845451.82,8213922.97,3,0.9495,1088.94,0.426,0.1433,False
2019-03-16,1,2019,体育赛事,2019世界田径锦标赛,71458,53670,410.98,22057296.6,4504548.89,246136.59,4382766.97,3,0.7511,410.98,0.2042,0.1987,True
2019-03-21,1,2019,展览,2019全球创新科技展,20339,16399,230.61,3781773.39,642002.08,46109.24,549186.16,3,0.8063,230.61,0.1698,0.1452,False
2019-03-23,1,2019,展览,2019中国品牌日展览,35498,21566,76.61,1652171.26,240665.38,17293.09,347602.73,3,0.6075,76.61,0.1457,0.2104,True
2019-03-25,1,2019,演唱会,2019李荣浩纵横四海巡演,44993,41372,1622.52,67126897.44,29281985.45,1208809.5,9056385.19,3,0.9195,1622.52,0.4362,0.1349,False
2019-03-26,1,2019,展览,国际设计周,35093,24982,95.71,2391027.22,323148.46,23440.58,548494.58,3,0.7119,95.71,0.1352,0.2294,False
2019-03-26,1,2019,演唱会,王力宏龙的传人巡演,35839,31847,614.76,19578261.72,6373975.58,413537.47,1669325.04,3,0.8886,614.76,0.3256,0.0853,False
2019-03-29,1,2019,展览,2019国际设计周,16549,10159,213.52,2169149.68,339336.53,18011.3,541892.12,3,0.6139,213.52,0.1564,0.2498,False
2019-03-30,1,2019,演唱会,2019陈奕迅Fear and Dreams,38876,36588,904.43,33091284.84,10318507.99,709225.23,3407826.69,3,0.9411,904.43,0.3118,0.103,True
2019-04-01,2,2019,演唱会,蔡依林Ugly Beauty巡演,73088,62260,1456.52,90682935.2,29982189.26,1266106.78,14442866.94,4,0.8518,1456.52,0.3306,0.1593,False
2019-04-02,2,2019,体育赛事,2019NBA中国赛北京站,62950,45428,733.52,33322346.56,8463935.46,326089.05,5096735.62,4,0.7217,733.52,0.254,0.153,False
2019-04-03,2,2019,展览,2019全球创新科技展,38586,24491,302.08,7398241.28,954873.15,68137.78,1050041.36,4,0.6347,302.08,0.1291,0.1419,False
2019-04-05,2,2019,体育赛事,中国足协杯决赛,58633,37285,415.51,15492290.35,4891740.86,174981.58,3773348.83,4,0.6359,415.51,0.3158,0.2436,False
2019-04-14,2,2019,体育赛事,中超联赛北京德比,68937,54942,307.96,16919938.32,7323684.27,149203.35,4949257.47,4,0.797,307.96,0.4328,0.2925,True
2019-04-18,2,2019,商业活动,2019企业年会盛典,16190,12754,1529.24,19503926.96,14441051.78,97079.73,6133354.89,4,0.7878,1529.24,0.7404,0.3145,False
2019-04-19,2,2019,演唱会,2019刘德华My Love巡演,40560,39690,1939.51,76979151.9,28734231.84,1287147.13,12660831.68,4,0.9786,1939.51,0.3733,0.1645,False
2019-04-19,2,2019,体育赛事,2019国际足球友谊赛,74853,59344,294.95,17503512.8,2257309.96,123085.78,4690618.46,4,0.7928,294.95,0.129,0.268,False
2019-04-25,2,2019,展览,2019国际文创博览会,36249,26954,299.73,8078922.42,688321.12,120948.83,1585784.68,4,0.7436,299.73,0.0852,0.1963,False
2019-04-26,2,2019,文化活动,2019非遗文化展示周,50815,33165,365.14,12109868.1,3040401.27,106595.65,2477869.53,4,0.6527,365.14,0.2511,0.2046,False
2019-04-29,2,2019,展览,国际汽车展览会,22884,19128,184.23,3523951.44,298384.31,33597.97,615802.27,4,0.8359,184.23,0.0847,0.1747,False
2019-05-01,2,2019,展览,2019中国品牌日展览,27689,21266,298.57,6349389.62,718356.77,54884.45,807356.02,5,0.768,298.57,0.1131,0.1272,False
2019-05-03,2,2019,展览,国际设计周,41017,32082,331.04,10620425.28,1228504.23,163260.12,2240513.59,5,0.7822,331.04,0.1157,0.211,False
2019-05-05,2,2019,商业活动,2019品牌新品发布会,11193,8764,2863.16,25092734.24,12540969.86,134361.66,10879443.85,5,0.783,2863.16,0.4998,0.4336,True
2019-05-07,2,2019,体育赛事,中国足协杯决赛,74503,48474,712.03,34514942.22,6125632.07,241717.32,6207081.68,5,0.6506,712.03,0.1775,0.1798,False
2019-05-08,2,2019,体育赛事,2019中超联赛北京德比,68330,55602,343.22,19083718.44,3798486.81,151037.07,5247017.07,5,0.8137,343.22,0.199,0.2749,False
2019-05-09,2,2019,体育赛事,中国足协杯决赛,70132,47126,604.24,28475414.24,9220466.18,181359.76,7012109.38,5,0.672,604.24,0.3238,0.2463,False
2019-05-10,2,2019,演唱会,张学友经典世界巡演,54071,51194,768.21,39327742.74,14671456.61,872071.86,4936883.95,5,0.9468,768.21,0.3731,0.1255,False
2019-05-11,2,2019,演唱会,2019五月天人生无限公司,80688,69305,1482.08,102715554.4,37213635.82,1264601.12,11432501.64,5,0.8589,1482.08,0.3623,0.1113,True
2019-05-12,2,2019,演唱会,蔡依林Ugly Beauty巡演,41837,37055,864.27,32025524.85,12681953.08,703707.47,3224701.94,5,0.8857,864.27,0.396,0.1007,True
2019-05-12,2,2019,商业活动,2019互联网大会开幕式,16194,14765,2503.93,36970526.45,19221472.66,258803.74,11801784.99,5,0.9118,2503.93,0.5199,0.3192,True
2019-05-17,2,2019,展览,2019国际设计周,25270,17529,87.04,1525724.16,199340.24,21804.33,340375.85,5,0.6937,87.04,0.1307,0.2231,False
2019-05-19,2,2019,演唱会,华晨宇火星演唱会,49130,42563,909.26,38700833.38,17619166.96,858312.67,5984135.3,5,0.8663,909.26,0.4553,0.1546,True
2019-05-19,2,2019,文化活动,2019央视春晚分会场,53606,40142,576.09,23125404.78,4048036.32,246496.19,4620892.81,5,0.7488,576.09,0.175,0.1998,True
2019-05-20,2,2019,文化活动,2019国潮音乐节,43575,29483,434.98,12824515.34,2582731.65,108051.81,1655975.78,5,0.6766,434.98,0.2014,0.1291,False
2019-05-21,2,2019,文化活动,国潮音乐节,57368,46712,557.76,26054085.12,5153924.02,166807.69,4967256.46,5,0.8143,557.76,0.1978,0.1907,False
2019-05-24,2,2019,演唱会,2019BLACKPINK世界巡演北京站,62726,55410,748.59,41479371.9,12235051.92,986290.65,3489453.5,5,0.8834,748.59,0.295,0.0841,False
2019-05-25,2,2019,演唱会,李荣浩纵横四海巡演,50166,45915,725.51,33311791.65,11504216.47,406220.5,3546194.41,5,0.9153,725.51,0.3453,0.1065,True
2019-05-26,2,2019,商业活动,2019电商购物节开幕式,7990,6371,2492.29,15878379.59,13393627.79,71877.71,5332565.09,5,0.7974,2492.29,0.8435,0.3358,True
2019-05-29,2,2019,演唱会,蔡依林Ugly Beauty巡演,44866,39847,2057.07,81968068.29,27850516.85,1518234.41,8809005.79,5,0.8881,2057.07,0.3398,0.1075,False
2019-05-30,2,2019,展览,国际设计周,36055,28393,227.44,6457703.92,1082392.12,94364.19,1118570.15,5,0.7875,227.44,0.1676,0.1732,False
2019-05-31,2,2019,商业活动,金融峰会,8393,7619,1425.94,10864236.86,5747693.89,75357.08,3604191.1,5,0.9078,1425.94,0.529,0.3317,False
2019-06-01,2,2019,文化活动,2019国潮音乐节,65944,58902,256.98,15136635.96,3754815.82,156398.45,1656300.09,6,0.8932,256.98,0.2481,0.1094,True
2019-06-01,2,2019,文化活动,央视春晚分会场,74854,58416,799.41,46698334.56,12757286.44,282302.15,7067270.61,6,0.7804,799.41,0.2732,0.1513,True
2019-06-01,2,2019,演唱会,刘德华My Love巡演,88669,77734,2178.92,169376167.28,58080451.65,2608583.1,21956293.6,6,0.8767,2178.92,0.3429,0.1296,True
2019-06-01,2,2019,体育赛事,2019国际马术大师赛,96768,71155,765.8,54490499.0,14754030.47,293395.06,13677590.51,6,0.7353,765.8,0.2708,0.251,True
2019-06-02,2,2019,演唱会,毛不易小王巡演,90846,85709,2211.65,189558309.85,64915537.71,3949946.99,30915491.09,6,0.9435,2211.65,0.3425,0.1631,True
2019-06-02,2,2019,演唱会,2019五月天人生无限公司,73884,66751,2588.1,172758263.1,79574829.61,4117439.77,24713434.79,6,0.9035,2588.1,0.4606,0.1431,True
2019-06-03,2,2019,演唱会,Taylor Swift世界巡演北京站,80545,73190,2604.13,190596274.7,49364845.29,2360352.96,23518346.18,6,0.9087,2604.13,0.259,0.1234,False
2019-06-05,2,2019,体育赛事,2019国际足球友谊赛,100357,82273,922.05,75859819.65,16183599.59,900535.96,21598931.17,6,0.8198,922.05,0.2133,0.2847,False
2019-06-05,2,2019,商业活动,品牌周年庆典,18120,16043,3320.89,53277038.27,49528193.5,174188.82,13449040.68,6,0.8854,3320.89,0.9296,0.2524,False
2019-06-06,2,2019,演唱会,五月天人生无限公司,75783,68751,1803.55,123995866.05,51597863.86,1893044.88,11980487.23,6,0.9072,1803.55,0.4161,0.0966,False
2019-06-08,2,2019,文化活动,2019鸟巢新年音乐会,75225,48899,446.55,21835848.45,5402603.52,165912.01,2979457.21,6,0.65,446.55,0.2474,0.1364,True
2019-06-08,2,2019,体育赛事,2019法国超级杯北京站,112397,69611,674.93,46982552.23,8344641.4,507939.68,13746707.94,6,0.6193,674.93,0.1776,0.2926,True
2019-06-08,2,2019,文化活动,2019国庆文艺汇演,66786,50739,811.7,41184846.3,7314728.83,424737.11,7456455.98,6,0.7597,811.7,0.1776,0.181,True
2019-06-09,2,2019,文化活动,2019鸟巢新年音乐会,73525,50081,752.66,37693965.46,12399767.34,361009.88,4751582.49,6,0.6811,752.66,0.329,0.1261,True
2019-06-13,2,2019,展览,2019全球创新科技展,38928,22040,381.87,8416414.8,1497432.31,108562.81,1045162.89,6,0.5662,381.87,0.1779,0.1242,False
2019-06-14,2,2019,文化活动,非遗文化展示周,49021,34033,240.15,8173024.95,1552091.27,103182.31,966523.51,6,0.6943,240.15,0.1899,0.1183,False
2019-06-15,2,2019,商业活动,2019企业年会盛典,22794,18667,3380.06,63095580.02,32877411.93,220749.66,27408160.05,6,0.8189,3380.06,0.5211,0.4344,True
2019-06-15,2,2019,演唱会,张学友经典世界巡演,81385,74142,1059.76,78572725.92,21194565.47,1599402.73,13300339.59,6,0.911,1059.76,0.2697,0.1693,True
2019-06-15,2,2019,商业活动,2019行业峰会论坛,16542,14143,2092.75,29597763.25,20037545.85,166749.2,9274264.49,6,0.855,2092.75,0.677,0.3133,True
2019-06-15,2,2019,演唱会,Coldplay北京演唱会,57567,53825,2120.71,114147215.75,53104355.92,2696466.56,19819869.09,6,0.935,2120.71,0.4652,0.1736,True
2019-06-16,2,2019,商业活动,2019品牌周年庆典,22137,19163,1419.34,27198812.42,16341483.59,128924.19,10710851.4,6,0.8657,1419.34,0.6008,0.3938,True
2019-06-16,2,2019,展览,2019国际设计周,52001,35101,379.76,13329955.76,1140638.98,128156.46,2244222.27,6,0.675,379.76,0.0856,0.1684,True
2019-06-17,2,2019,文化活动,2019鸟巢新年音乐会,49397,38680,597.64,23116715.2,4173006.51,182658.24,3650144.84,6,0.783,597.64,0.1805,0.1579,False
2019-06-17,2,2019,体育赛事,2019NFL中国赛,87629,57277,541.14,30994875.78,5106033.55,261746.04,5087389.19,6,0.6536,541.14,0.1647,0.1641,False
2019-06-20,2,2019,展览,2019国际文创博览会,50754,37713,104.54,3942517.02,599133.14,64552.02,481078.27,6,0.7431,104.54,0.152,0.122,False
2019-06-21,2,2019,演唱会,2019李荣浩纵横四海巡演,56322,51435,2015.5,103667242.5,55149591.98,1331874.95,11480447.69,6,0.9132,2015.5,0.532,0.1107,False
2019-06-23,2,2019,演唱会,2019Coldplay北京演唱会,93157,83923,2510.59,210696244.57,62428994.35,2673855.04,33618310.09,6,0.9009,2510.59,0.2963,0.1596,True
2019-06-23,2,2019,体育赛事,2019世界斯诺克中国公开赛,92081,59112,683.92,40427879.04,14891579.25,318609.95,9210329.81,6,0.642,683.92,0.3683,0.2278,True
2019-06-25,2,2019,体育赛事,2019NBA中国赛北京站,95373,61494,726.77,44691994.38,6993026.81,243742.97,11816468.74,6,0.6448,726.77,0.1565,0.2644,False
2019-06-27,2,2019,体育赛事,世界斯诺克中国公开赛,109835,77608,455.58,35356652.64,4091186.29,281438.69,6298492.38,6,0.7066,455.58,0.1157,0.1781,False
2019-06-27,2,2019,演唱会,周杰伦巡回演唱会,94696,83284,2586.86,215444048.24,112930843.22,3149576.42,22281103.37,6,0.8795,2586.86,0.5242,0.1034,False
2019-06-28,2,2019,体育赛事,2019法国超级杯北京站,112591,93600,824.25,77149800.0,22318471.65,658595.85,21423041.93,6,0.8313,824.25,0.2893,0.2777,False
2019-06-29,2,2019,演唱会,Coldplay北京演唱会,64326,56669,2485.09,140827565.21,74571214.72,2555844.66,20731429.51,6,0.881,2485.09,0.5295,0.1472,True
2019-06-29,2,2019,文化活动,鸟巢新年音乐会,60093,44027,754.43,33215289.61,7309874.39,372860.82,6402938.51,6,0.7326,754.43,0.2201,0.1928,True
2019-06-29,2,2019,体育赛事,中国足协杯决赛,89391,61464,721.5,44346276.0,10548719.29,380026.63,7515112.17,6,0.6876,721.5,0.2379,0.1695,True
2019-06-29,2,2019,展览,2019国际文创博览会,25818,19614,192.7,3779617.8,270126.77,65584.6,459334.92,6,0.7597,192.7,0.0715,0.1215,True
2019-06-29,2,2019,文化活动,北京国际电影节开幕式,46952,33700,410.59,13836883.0,3027832.75,198363.81,1530532.37,6,0.7178,410.59,0.2188,0.1106,True
2019-06-30,2,2019,体育赛事,2019全国运动会田径项目,92009,84037,411.89,34613999.93,11419167.65,324201.5,9502492.96,6,0.9134,411.89,0.3299,0.2745,True
2019-06-30,2,2019,体育赛事,2019世界斯诺克中国公开赛,113952,84994,901.59,76629740.46,27492919.23,765725.21,13379905.93,6,0.7459,901.59,0.3588,0.1746,True
2019-07-01,3,2019,文化活动,2019鸟巢光影秀,76095,58669,935.12,54862555.28,13013054.36,351634.9,11053441.88,7,0.771,935.12,0.2372,0.2015,False
2019-07-01,3,2019,商业活动,明星代言签约仪式,17513,13406,3191.41,42784042.46,11153792.8,129281.41,16217886.71,7,0.7655,3191.41,0.2607,0.3791,False
2019-07-02,3,2019,商业活动,2019品牌新品发布会,33733,28181,2636.71,74305124.51,33972559.27,379981.09,30472756.33,7,0.8354,2636.71,0.4572,0.4101,False
2019-07-04,3,2019,商业活动,2019科技产品首发仪式,13680,11604,3746.93,43479375.72,32909847.87,149787.14,16904712.66,7,0.8482,3746.93,0.7569,0.3888,False
2019-07-06,3,2019,体育赛事,世界田径锦标赛,102698,85921,1203.4,103397331.4,28953454.57,1222723.33,29056818.95,7,0.8366,1203.4,0.28,0.281,True
2019-07-09,3,2019,演唱会,BTS巡演北京站,103220,93580,1103.98,103310448.4,45392873.08,1374522.52,14812435.55,7,0.9066,1103.98,0.4394,0.1434,False
2019-07-10,3,2019,体育赛事,2019意大利超级杯,99879,85754,495.7,42508257.8,15074216.52,266971.75,7212899.91,7,0.8586,495.7,0.3546,0.1697,False
2019-07-10,3,2019,文化活动,中秋赏月晚会,67955,57999,794.38,46073245.62,12526744.74,381853.24,9373605.98,7,0.8535,794.38,0.2719,0.2035,False
2019-07-10,3,2019,商业活动,2019行业峰会论坛,11129,9035,2687.07,24277677.45,11613547.0,171077.85,8354133.0,7,0.8118,2687.07,0.4784,0.3441,False
2019-07-10,3,2019,商业活动,2019企业年会盛典,21406,18827,2454.85,46217460.95,22837591.88,203059.58,13022718.85,7,0.8795,2454.85,0.4941,0.2818,False
2019-07-12,3,2019,演唱会,2019张杰未LIVE巡演,65407,62344,2618.23,163230931.12,48529860.7,3949183.4,26535986.38,7,0.9532,2618.23,0.2973,0.1626,False
2019-07-13,3,2019,体育赛事,2019国际马术大师赛,97088,73158,1016.6,74372422.8,12006553.14,552049.9,19486241.57,7,0.7535,1016.6,0.1614,0.262,True
2019-07-14,3,2019,商业活动,2019电商购物节开幕式,35141,30994,3261.28,101080112.32,53857721.82,376086.58,41902760.86,7,0.882,3261.28,0.5328,0.4146,True
2019-07-14,3,2019,商业活动,2019国际商务大会,34655,27839,3200.6,89101503.4,54650119.83,479357.93,39984711.35,7,0.8033,3200.6,0.6133,0.4488,True
2019-07-15,3,2019,演唱会,薛之谦天外来物巡演,86379,79093,2066.04,163409301.72,104676396.69,2304441.46,19100627.66,7,0.9157,2066.04,0.6406,0.1169,False
2019-07-15,3,2019,体育赛事,中国足协杯决赛,87308,64567,913.81,59001970.27,20624169.85,381065.73,12937099.75,7,0.7395,913.81,0.3496,0.2193,False
2019-07-15,3,2019,商业活动,创业大赛总决赛,20893,17154,1577.47,27059920.38,22317964.27,114299.69,7032588.83,7,0.821,1577.47,0.8248,0.2599,False
2019-07-15,3,2019,展览,2019中国品牌日展览,62966,44710,170.98,7644515.8,657860.77,107033.96,1623854.57,7,0.7101,170.98,0.0861,0.2124,False
2019-07-15,3,2019,体育赛事,2019法国超级杯北京站,110942,77146,420.7,32455322.2,3499126.86,330196.32,6416464.44,7,0.6954,420.7,0.1078,0.1977,False
2019-07-16,3,2019,体育赛事,2019NFL中国赛,87971,59909,1068.75,64027743.75,12482653.48,669846.43,12774608.6,7,0.681,1068.75,0.195,0.1995,False
2019-07-18,3,2019,商业活动,2019创业大赛总决赛,9624,7461,3586.83,26761338.63,20845453.2,175831.52,11333733.53,7,0.7752,3586.83,0.7789,0.4235,False
2019-07-18,3,2019,演唱会,2019薛之谦天外来物巡演,79247,70475,2640.54,186092056.5,48275957.37,4554499.55,25906307.6,7,0.8893,2640.54,0.2594,0.1392,False
2019-07-19,3,2019,演唱会,2019李荣浩纵横四海巡演,79888,77802,2788.65,216962547.3,61614094.85,3831572.07,26076700.53,7,0.9739,2788.65,0.284,0.1202,False
2019-07-19,3,2019,文化活动,2019鸟巢光影秀,46133,34348,747.68,25681312.64,2897961.96,231406.32,2595348.86,7,0.7445,747.68,0.1128,0.1011,False
2019-07-21,3,2019,体育赛事,2019北京马拉松起点仪式,110950,88937,1100.18,97846708.66,18148492.56,1109744.44,27900453.21,7,0.8016,1100.18,0.1855,0.2851,True
2019-07-21,3,2019,商业活动,世界500强企业峰会,30429,25315,4160.36,105319513.4,64912886.91,594936.72,33106915.84,7,0.8319,4160.36,0.6163,0.3143,True
2019-07-21,3,2019,演唱会,薛之谦天外来物巡演,106435,97137,2146.42,208496799.54,95782733.5,3845144.68,17052401.36,7,0.9126,2146.42,0.4594,0.0818,True
2019-07-24,3,2019,文化活动,中国传统文化周,75307,66105,533.67,35278255.35,5410666.45,488275.16,6695751.34,7,0.8778,533.67,0.1534,0.1898,False
2019-07-25,3,2019,演唱会,2019陈奕迅Fear and Dreams,102081,92040,1401.01,128948960.4,80955555.11,2381490.89,10399669.39,7,0.9016,1401.01,0.6278,0.0806,False
2019-07-25,3,2019,演唱会,Taylor Swift世界巡演北京站,79176,70422,2467.72,173781777.84,50696679.56,3393694.93,24629936.29,7,0.8894,2467.72,0.2917,0.1417,False
2019-07-26,3,2019,文化活动,2019国庆文艺汇演,64527,54123,776.18,42009190.14,6624465.8,590175.6,6596439.58,7,0.8388,776.18,0.1577,0.157,False
2019-07-27,3,2019,演唱会,2019李荣浩纵横四海巡演,82685,80855,1783.93,144239660.15,47676753.31,3408634.13,18703900.4,7,0.9779,1783.93,0.3305,0.1297,True
2019-07-28,3,2019,体育赛事,2019NBA中国赛北京站,109830,82434,431.52,35571919.68,11201453.26,324508.59,6078464.55,7,0.7506,431.52,0.3149,0.1709,True
2019-07-31,3,2019,商业活动,2019国际商务大会,9169,7285,3314.05,24142854.25,15631708.78,140932.21,10626297.43,7,0.7945,3314.05,0.6475,0.4401,False
2019-08-01,3,2019,体育赛事,2019NBA中国赛北京站,100311,69747,743.83,51879911.01,9411048.34,347756.93,13427134.11,8,0.6953,743.83,0.1814,0.2588,False
2019-08-03,3,2019,商业活动,金融峰会,7697,6918,1119.85,7747122.3,2364733.1,25170.71,2345325.78,8,0.8988,1119.85,0.3052,0.3027,True
2019-08-06,3,2019,展览,2019国际摄影大展,40197,31149,162.43,5059532.07,844516.39,58343.38,1232114.92,8,0.7749,162.43,0.1669,0.2435,False
2019-08-07,3,2019,商业活动,科技产品首发仪式,20682,19183,3002.47,57596382.01,29752897.71,304032.82,16438484.8,8,0.9275,3002.47,0.5166,0.2854,False
2019-08-08,3,2019,展览,未来生活体验展,59890,48329,301.84,14587625.36,2089223.4,188483.53,2497587.52,8,0.807,301.84,0.1432,0.1712,False
2019-08-09,3,2019,展览,2019国际摄影大展,50941,41422,457.31,18942694.82,1823741.38,232321.51,3765905.47,8,0.8131,457.31,0.0963,0.1988,False
2019-08-10,3,2019,文化活动,非遗文化展示周,64653,42752,366.87,15684426.24,5359618.66,198529.54,2043116.19,8,0.6613,366.87,0.3417,0.1303,True
2019-08-10,3,2019,演唱会,2019Ed Sheeran中国巡演,73768,67329,2133.84,143669313.36,63300803.52,2534047.99,14399589.98,8,0.9127,2133.84,0.4406,0.1002,True
2019-08-14,3,2019,商业活动,2019行业峰会论坛,16642,14709,2796.99,41140925.91,23826050.49,300902.38,14474063.2,8,0.8838,2796.99,0.5791,0.3518,False
2019-08-14,3,2019,体育赛事,2019国际田联钻石联赛,110119,72984,917.61,66970848.24,9369992.53,662640.43,16522983.41,8,0.6628,917.61,0.1399,0.2467,False
2019-08-16,3,2019,文化活动,世界文化遗产日庆典,55226,43343,763.65,33098881.95,4898188.22,274898.06,4321162.29,8,0.7848,763.65,0.148,0.1306,False
2019-08-16,3,2019,商业活动,行业峰会论坛,26493,23695,2910.8,68971406.0,27492547.44,243729.89,28507544.37,8,0.8944,2910.8,0.3986,0.4133,False
2019-08-17,3,2019,演唱会,2019薛之谦天外来物巡演,66977,57989,1655.98,96028624.22,33023264.19,2358781.91,13203489.23,8,0.8658,1655.98,0.3439,0.1375,True
2019-08-17,3,2019,商业活动,2019金融峰会,7859,6525,3356.26,21899596.5,14065461.42,76338.13,6054496.28,8,0.8303,3356.26,0.6423,0.2765,True
2019-08-18,3,2019,展览,2019国际文创博览会,38719,27763,393.21,10916689.23,1143639.53,153500.62,2657557.37,8,0.717,393.21,0.1048,0.2434,True
2019-08-18,3,2019,体育赛事,2019意大利超级杯,100015,86149,534.51,46047501.99,9131633.36,502931.92,10168654.94,8,0.8614,534.51,0.1983,0.2208,True
2019-08-18,3,2019,展览,2019国际汽车展览会,57674,44517,207.32,9229264.44,1629625.46,162619.08,1205209.03,8,0.7719,207.32,0.1766,0.1306,True
2019-08-18,3,2019,体育赛事,2019国际足球友谊赛,107101,81864,936.22,76642714.08,10191973.59,822729.95,12414897.47,8,0.7644,936.22,0.133,0.162,True
2019-08-19,3,2019,展览,2019国际设计周,48970,31381,306.89,9630515.09,1074031.7,154122.97,1991942.01,8,0.6408,306.89,0.1115,0.2068,False
2019-08-20,3,2019,演唱会,2019李荣浩纵横四海巡演,77091,73967,1383.53,102335563.51,31287462.04,1497374.82,17295888.49,8,0.9595,1383.53,0.3057,0.169,False
2019-08-20,3,2019,展览,2019未来生活体验展,29711,17067,366.71,6258639.57,1073240.28,92535.95,759232.91,8,0.5744,366.71,0.1715,0.1213,False
2019-08-21,3,2019,演唱会,2019王力宏龙的传人巡演,67039,59214,979.15,57979388.1,21437909.64,1012955.81,10258034.92,8,0.8833,979.15,0.3698,0.1769,False
2019-08-23,3,2019,演唱会,2019蔡依林Ugly Beauty巡演,107146,103774,2852.43,296008070.82,130665072.64,7038004.37,52739299.34,8,0.9685,2852.43,0.4414,0.1782,False
2019-08-23,3,2019,体育赛事,2019全国运动会田径项目,91186,57070,1081.66,61730336.2,18684927.69,612165.73,14417730.53,8,0.6259,1081.66,0.3027,0.2336,False
2019-08-24,3,2019,体育赛事,2019世界田径锦标赛,120868,87173,516.18,44996959.14,11450324.41,452301.28,7697836.66,8,0.7212,516.18,0.2545,0.1711,True
2019-08-25,3,2019,演唱会,2019五月天人生无限公司,78923,76703,2418.37,185496234.11,75632415.78,3896158.22,25824603.56,8,0.9719,2418.37,0.4077,0.1392,True
2019-08-26,3,2019,演唱会,2019华晨宇火星演唱会,61624,56957,1431.99,81561854.43,29309919.94,1709244.91,7951840.48,8,0.9243,1431.99,0.3594,0.0975,False
2019-08-27,3,2019,展览,当代艺术大展,50306,35712,163.09,5824270.08,795623.81,49643.09,1417192.27,8,0.7099,163.09,0.1366,0.2433,False
2019-08-27,3,2019,文化活动,2019中秋赏月晚会,88258,59399,403.58,23972248.42,5825978.53,244438.47,4873036.14,8,0.673,403.58,0.243,0.2033,False
2019-08-28,3,2019,商业活动,2019品牌周年庆典,7957,7410,2299.4,17038554.0,10464124.0,63842.15,5858420.71,8,0.9313,2299.4,0.6141,0.3438,False
2019-08-29,3,2019,演唱会,邓紫棋启示录巡演,77280,66548,1106.09,73608077.32,27327117.73,1390371.04,6396448.5,8,0.8611,1106.09,0.3713,0.0869,False
2019-08-30,3,2019,演唱会,2019李荣浩纵横四海巡演,93360,79844,1703.0,135974332.0,41783726.32,1672499.41,12691589.02,8,0.8552,1703.0,0.3073,0.0933,False
2019-08-30,3,2019,文化活动,春节文化庙会,69271,52807,525.6,27755359.2,3838822.86,193548.02,3613522.29,8,0.7623,525.6,0.1383,0.1302,False
2019-09-01,3,2019,文化活动,春节文化庙会,47743,37111,503.62,18689841.82,3505365.37,174084.01,1971143.21,9,0.7773,503.62,0.1876,0.1055,True
2019-09-03,3,2019,演唱会,2019刘德华My Love巡演,91383,81590,1422.3,116045457.0,56313440.83,1983957.69,19784932.5,9,0.8928,1422.3,0.4853,0.1705,False
2019-09-04,3,2019,文化活动,2019央视春晚分会场,35937,26344,468.74,12348486.56,2202328.86,165919.48,2318569.27,9,0.7331,468.74,0.1783,0.1878,False
2019-09-05,3,2019,展览,2019国际设计周,56171,36264,229.1,8308082.4,960375.12,141051.6,1557994.69,9,0.6456,229.1,0.1156,0.1875,False
2019-09-07,3,2019,演唱会,2019毛不易小王巡演,88609,86259,964.56,83201981.04,39574028.69,1697427.14,6945286.05,9,0.9735,964.56,0.4756,0.0835,True
2019-09-07,3,2019,商业活动,2019金融峰会,14858,12474,2966.59,37005243.66,24628904.01,170959.8,14275721.8,9,0.8395,2966.59,0.6656,0.3858,True
2019-09-08,3,2019,体育赛事,2019亚洲田径锦标赛,81603,69489,398.37,27682332.93,3783420.87,154745.5,6726938.15,9,0.8515,398.37,0.1367,0.243,True
2019-09-12,3,2019,展览,北京国际科技博览会,44225,26691,346.6,9251100.6,895324.28,80658.06,1807001.7,9,0.6035,346.6,0.0968,0.1953,False
2019-09-12,3,2019,商业活动,2019行业峰会论坛,13255,11356,738.43,8385611.08,3822729.49,28761.54,3510774.2,9,0.8567,738.43,0.4559,0.4187,False
2019-09-13,3,2019,商业活动,2019互联网大会开幕式,12132,9763,1057.35,10322908.05,4453143.47,63682.81,3755612.27,9,0.8047,1057.35,0.4314,0.3638,False
2019-09-13,3,2019,体育赛事,2019NBA中国赛北京站,71886,58480,507.98,29706670.4,8653420.22,180444.19,5377263.73,9,0.8135,507.98,0.2913,0.181,False
2019-09-14,3,2019,演唱会,2019五月天人生无限公司,81654,72609,1646.73,119567418.57,61102233.83,2618293.63,21378359.36,9,0.8892,1646.73,0.511,0.1788,True
2019-09-19,3,2019,演唱会,刘德华My Love巡演,65567,61425,1504.3,92401627.5,26960980.27,1591042.01,14459449.21,9,0.9368,1504.3,0.2918,0.1565,False
2019-09-19,3,2019,商业活动,明星代言签约仪式,12514,11492,593.62,6821881.04,4384165.44,30643.22,2602675.64,9,0.9183,593.62,0.6427,0.3815,False
2019-09-20,3,2019,演唱会,2019陈奕迅Fear and Dreams,85892,78172,1246.99,97479702.28,39827145.3,1386467.56,11949730.23,9,0.9101,1246.99,0.4086,0.1226,False
2019-09-22,3,2019,体育赛事,2019全国田径锦标赛,103119,94311,708.62,66830660.82,11517132.34,600918.96,13693566.4,9,0.9146,708.62,0.1723,0.2049,True
2019-09-22,3,2019,展览,国际摄影大展,32266,20675,297.64,6153707.0,913128.93,104299.83,1277792.14,9,0.6408,297.64,0.1484,0.2076,True
2019-09-24,3,2019,演唱会,2019Taylor Swift世界巡演北京站,50988,44259,1282.31,56753758.29,20987177.79,1283638.83,8861246.1,9,0.868,1282.31,0.3698,0.1561,False
2019-09-27,3,2019,展览,中国品牌日展览,44010,24831,297.78,7394175.18,924789.62,94282.59,1102560.22,9,0.5642,297.78,0.1251,0.1491,False
2019-09-28,3,2019,体育赛事,意大利超级杯,92240,61662,609.2,37564490.4,7007266.48,218338.88,5764873.13,9,0.6685,609.2,0.1865,0.1535,True
2019-09-30,3,2019,展览,2019当代艺术大展,48184,30798,110.13,3391783.74,364100.24,51935.46,699940.46,9,0.6392,110.13,0.1073,0.2064,False
2019-10-02,4,2019,展览,当代艺术大展,40423,29940,120.46,3606572.4,481603.96,58657.25,555595.37,10,0.7407,120.46,0.1335,0.1541,False
2019-10-03,4,2019,体育赛事,2019法国超级杯北京站,64280,56241,505.14,28409578.74,5156263.63,218227.04,7975776.93,10,0.8749,505.14,0.1815,0.2807,False
2019-10-03,4,2019,体育赛事,中国足协杯决赛,72177,62764,617.25,38741079.0,9282225.96,455221.79,8159339.21,10,0.8696,617.25,0.2396,0.2106,False
2019-10-04,4,2019,演唱会,2019邓紫棋启示录巡演,62382,59262,1288.57,76363235.34,32965832.34,1158676.89,11676041.17,10,0.95,1288.57,0.4317,0.1529,False
2019-10-05,4,2019,商业活动,2019企业年会盛典,6182,5173,810.83,4194423.59,1702973.98,31101.14,1642545.78,10,0.8368,810.83,0.406,0.3916,True
2019-10-05,4,2019,展览,2019北京国际科技博览会,41854,30617,277.27,8489175.59,919919.32,71682.2,1920923.98,10,0.7315,277.27,0.1084,0.2263,True
2019-10-06,4,2019,演唱会,2019毛不易小王巡演,78110,70913,1590.45,112783580.85,39752239.37,1748115.14,14082307.38,10,0.9079,1590.45,0.3525,0.1249,True
2019-10-07,4,2019,展览,2019国际文创博览会,36991,22474,246.07,5530177.18,733746.43,50857.19,963202.72,10,0.6076,246.07,0.1327,0.1742,False
2019-10-07,4,2019,演唱会,2019李荣浩纵横四海巡演,42687,40074,1511.61,60576259.14,22703687.7,936779.35,9465253.19,10,0.9388,1511.61,0.3748,0.1563,False
2019-10-10,4,2019,文化活动,2019国庆文艺汇演,42131,32114,333.77,10718689.78,2083855.03,157206.58,1888422.4,10,0.7622,333.77,0.1944,0.1762,False
2019-10-11,4,2019,体育赛事,2019全国田径锦标赛,67869,52557,400.87,21068524.59,4869327.52,227992.62,5991978.04,10,0.7744,400.87,0.2311,0.2844,False
2019-10-12,4,2019,展览,2019中国品牌日展览,20354,13634,363.57,4956913.38,398685.24,54880.46,1178067.25,10,0.6698,363.57,0.0804,0.2377,True
2019-10-13,4,2019,演唱会,李荣浩纵横四海巡演,75788,71152,1043.87,74273438.24,39014491.29,1279077.19,12106254.84,10,0.9388,1043.87,0.5253,0.163,True
2019-10-15,4,2019,演唱会,2019刘德华My Love巡演,69986,64720,827.26,53540267.2,17699989.63,691901.62,7186198.16,10,0.9248,827.26,0.3306,0.1342,False
2019-10-16,4,2019,文化活动,2019国庆文艺汇演,61715,44645,375.25,16753036.25,4173195.64,182997.66,1782536.79,10,0.7234,375.25,0.2491,0.1064,False
2019-10-16,4,2019,体育赛事,2019全国运动会田径项目,80056,73588,458.93,33771740.84,10190803.95,252844.65,5619254.07,10,0.9192,458.93,0.3018,0.1664,False
2019-10-17,4,2019,体育赛事,NFL中国赛,77053,67309,492.4,33142951.6,10505120.16,252865.51,5672713.46,10,0.8735,492.4,0.317,0.1712,False
2019-10-18,4,2019,演唱会,2019Taylor Swift世界巡演北京站,67200,60333,1153.01,69564552.33,24820294.66,1706415.48,6956919.49,10,0.8978,1153.01,0.3568,0.1,False
2019-10-18,4,2019,演唱会,2019薛之谦天外来物巡演,44188,39817,1910.03,76051664.51,38319404.28,1499994.38,11469711.51,10,0.9011,1910.03,0.5039,0.1508,False
2019-10-19,4,2019,展览,2019未来生活体验展,32095,22555,351.7,7932593.5,1465549.19,77762.43,1698667.15,10,0.7028,351.7,0.1848,0.2141,True
2019-10-20,4,2019,文化活动,2019春节文化庙会,46266,33738,336.46,11351487.48,1460811.97,76756.3,1198484.65,10,0.7292,336.46,0.1287,0.1056,True
2019-10-20,4,2019,演唱会,王力宏龙的传人巡演,58681,50643,1767.29,89500867.47,30111992.87,1175274.94,9725694.54,10,0.863,1767.29,0.3364,0.1087,True
2019-10-21,4,2019,文化活动,2019春节文化庙会,39921,30894,416.81,12876928.14,1288545.76,163006.36,2075867.73,10,0.7739,416.81,0.1001,0.1612,False
2019-10-24,4,2019,体育赛事,2019国际田联钻石联赛,69082,47955,777.56,37287889.8,11559187.64,220563.21,6796117.67,10,0.6942,777.56,0.31,0.1823,False
2019-10-25,4,2019,展览,国际文创博览会,40318,32955,261.96,8632891.8,1368795.59,76637.11,1976877.45,10,0.8174,261.96,0.1586,0.229,False
2019-10-26,4,2019,演唱会,2019邓紫棋启示录巡演,40711,39461,863.26,34065102.86,12317276.54,437651.63,2895269.69,10,0.9693,863.26,0.3616,0.085,True
2019-10-26,4,2019,演唱会,2019刘德华My Love巡演,50111,45617,1319.71,60201211.07,22287734.05,783142.06,5689552.93,10,0.9103,1319.71,0.3702,0.0945,True
2019-10-26,4,2019,文化活动,2019世界文化遗产日庆典,55802,47933,233.51,11192834.83,2793611.87,156360.71,2310093.57,10,0.859,233.51,0.2496,0.2064,True
2019-10-30,4,2019,演唱会,2019BLACKPINK世界巡演北京站,42142,36779,1966.28,72317812.12,39018743.76,1806770.17,8474635.97,10,0.8727,1966.28,0.5395,0.1172,False
2019-11-01,4,2019,展览,2019未来生活体验展,30433,24343,230.94,5621772.42,371906.59,53096.27,844875.87,11,0.7999,230.94,0.0662,0.1503,False
2019-11-01,4,2019,商业活动,2019企业年会盛典,6904,5337,1569.6,8376955.2,3446678.01,62282.12,2426563.45,11,0.773,1569.6,0.4114,0.2897,False
2019-11-02,4,2019,展览,国际设计周,34235,22206,222.56,4942167.36,561209.42,77698.41,1189288.77,11,0.6486,222.56,0.1136,0.2406,True
2019-11-06,4,2019,演唱会,2019Ed Sheeran中国巡演,50912,47650,956.06,45556259.0,17938878.32,588004.44,4810207.42,11,0.9359,956.06,0.3938,0.1056,False
2019-11-06,4,2019,演唱会,张学友经典世界巡演,55248,49897,800.88,39961509.36,11465699.86,840801.86,4206918.6,11,0.9031,800.88,0.2869,0.1053,False
2019-11-09,4,2019,文化活动,2019春节文化庙会,30058,25715,371.62,9556208.3,1140004.07,100054.41,1422752.92,11,0.8555,371.62,0.1193,0.1489,True
2019-11-10,4,2019,展览,2019全球创新科技展,23526,15214,170.44,2593074.16,374362.69,41853.56,366673.94,11,0.6467,170.44,0.1444,0.1414,True
2019-11-10,4,2019,演唱会,Coldplay北京演唱会,61699,58180,593.21,34512957.8,15226903.18,675774.2,5991005.26,11,0.943,593.21,0.4412,0.1736,True
2019-11-10,4,2019,展览,2019国际设计周,38660,27169,232.43,6314890.67,561062.61,66223.74,1112198.72,11,0.7028,232.43,0.0888,0.1761,True
2019-11-11,4,2019,演唱会,2019孙燕姿克卜勒巡演,49518,47230,1730.26,81720179.8,18777439.71,1903796.54,8133391.57,11,0.9538,1730.26,0.2298,0.0995,False
2019-11-17,4,2019,展览,2019国际航空航天展,26892,19966,262.41,5239278.06,475169.2,51496.54,949002.84,11,0.7425,262.41,0.0907,0.1811,True
2019-11-17,4,2019,展览,2019国际文创博览会,19601,13103,107.34,1406476.02,157758.09,25220.52,350670.61,11,0.6685,107.34,0.1122,0.2493,True
2019-11-17,4,2019,演唱会,BLACKPINK世界巡演北京站,56095,52802,1733.25,91519066.5,37097800.09,1614657.02,12432616.18,11,0.9413,1733.25,0.4054,0.1358,True
2019-11-18,4,2019,体育赛事,2019亚洲田径锦标赛,56894,50924,543.44,27674138.56,7472214.58,296816.27,5356945.01,11,0.8951,543.44,0.27,0.1936,False
2019-11-20,4,2019,演唱会,2019Coldplay北京演唱会,65370,62695,1454.76,91206178.2,48440635.37,2094776.01,9678132.43,11,0.9591,1454.76,0.5311,0.1061,False
2019-11-22,4,2019,体育赛事,2019意大利超级杯,50647,45023,619.56,27894449.88,7300787.81,195695.3,7905167.39,11,0.889,619.56,0.2617,0.2834,False
2019-11-23,4,2019,演唱会,2019华晨宇火星演唱会,58628,51914,1315.96,68316747.44,36896709.01,1245636.21,9459193.96,11,0.8855,1315.96,0.5401,0.1385,True
2019-11-23,4,2019,商业活动,国际商务大会,4428,3877,1672.31,6483545.87,5300633.03,30210.29,2430584.0,11,0.8756,1672.31,0.8176,0.3749,True
2019-11-24,4,2019,文化活动,鸟巢新年音乐会,44553,29027,335.12,9727528.24,1468260.79,142275.35,2091910.34,11,0.6515,335.12,0.1509,0.2151,True
2019-11-24,4,2019,体育赛事,2019法国超级杯北京站,66147,40865,285.71,11675539.15,2592260.56,82554.16,1868719.22,11,0.6178,285.71,0.222,0.1601,True
2019-11-24,4,2019,商业活动,2019世界500强企业峰会,15399,13591,1464.85,19908776.35,7524673.53,155021.36,8941222.88,11,0.8826,1464.85,0.378,0.4491,True
2019-11-25,4,2019,演唱会,2019蔡依林Ugly Beauty巡演,52428,45948,1675.22,76973008.56,49654334.12,1798300.03,13838087.31,11,0.8764,1675.22,0.6451,0.1798,False
2019-11-27,4,2019,演唱会,五月天人生无限公司,56810,51615,944.74,48762755.1,25165739.62,913522.94,7525942.02,11,0.9086,944.74,0.5161,0.1543,False
2019-11-27,4,2019,展览,国际摄影大展,25866,15666,256.12,4012375.92,395035.4,51532.67,528867.11,11,0.6057,256.12,0.0985,0.1318,False
2019-11-30,4,2019,演唱会,毛不易小王巡演,37813,35502,572.43,20322409.86,7510480.01,467087.89,2294894.88,11,0.9389,572.43,0.3696,0.1129,True
2019-11-30,4,2019,演唱会,林俊杰圣所演唱会,37860,32856,1270.21,41734019.76,24363493.31,797316.29,5100544.78,11,0.8678,1270.21,0.5838,0.1222,True
2019-11-30,4,2019,文化活动,2019非遗文化展示周,27242,19891,301.2,5991169.2,1031424.25,82351.26,920873.07,11,0.7302,301.2,0.1722,0.1537,True
2019-12-01,4,2019,演唱会,华晨宇火星演唱会,48003,43308,1002.5,43416270.0,25323773.63,753412.98,3556223.55,12,0.9022,1002.5,0.5833,0.0819,True
2019-12-03,4,2019,展览,2019国际设计周,15366,12478,129.58,1616899.24,291583.85,23514.67,210850.51,12,0.8121,129.58,0.1803,0.1304,False
2019-12-05,4,2019,商业活动,2019科技产品首发仪式,10666,10088,2181.94,22011410.72,14045217.0,159319.84,6430327.23,12,0.9458,2181.94,0.6381,0.2921,False
2019-12-06,4,2019,展览,2019中国品牌日展览,22790,17357,212.75,3692701.75,596921.26,48379.51,763641.91,12,0.7616,212.75,0.1616,0.2068,False
2019-12-09,4,2019,商业活动,2019明星代言签约仪式,12114,11209,1398.79,15679037.11,8943350.1,90720.4,4568372.94,12,0.9253,1398.79,0.5704,0.2914,False
2019-12-10,4,2019,展览,国际文创博览会,29232,22485,284.46,6396083.1,893799.88,58088.34,1300446.38,12,0.7692,284.46,0.1397,0.2033,False
2019-12-12,4,2019,体育赛事,2019世界斯诺克中国公开赛,48710,38024,640.66,24360455.84,7802990.48,232097.64,7054405.65,12,0.7806,640.66,0.3203,0.2896,False
2019-12-12,4,2019,体育赛事,2019世界斯诺克中国公开赛,59061,47474,649.78,30847655.72,4537592.56,207335.9,6832965.19,12,0.8038,649.78,0.1471,0.2215,False
2019-12-13,4,2019,体育赛事,2019北京马拉松起点仪式,59520,47627,234.05,11147099.35,1554848.9,78279.39,2721183.65,12,0.8002,234.05,0.1395,0.2441,False
2019-12-13,4,2019,文化活动,中国传统文化周,42797,34603,426.12,14745030.36,2713956.98,202902.37,2085432.98,12,0.8085,426.12,0.1841,0.1414,False
2019-12-15,4,2019,体育赛事,中超联赛北京德比,68946,58956,346.95,20454784.2,7466784.88,144810.95,4376974.62,12,0.8551,346.95,0.365,0.214,True
2019-12-18,4,2019,展览,全球创新科技展,23166,17974,156.04,2804662.96,638419.78,30843.71,636794.81,12,0.7759,156.04,0.2276,0.227,False
2019-12-21,4,2019,文化活动,2019中秋赏月晚会,35268,28332,237.99,6742732.68,803722.77,47377.49,955584.18,12,0.8033,237.99,0.1192,0.1417,True
2019-12-22,4,2019,演唱会,张学友经典世界巡演,48446,44026,1397.63,61532058.38,19835454.36,863366.99,10814426.8,12,0.9088,1397.63,0.3224,0.1758,True
2019-12-23,4,2019,文化活动,2019冰雪文化节,26576,21748,359.75,7823843.0,884327.72,52410.6,1150131.31,12,0.8183,359.75,0.113,0.147,False
2019-12-26,4,2019,演唱会,2019五月天人生无限公司,56793,53835,1144.68,61623847.8,20972151.54,1443996.19,5171741.84,12,0.9479,1144.68,0.3403,0.0839,False
2019-12-27,4,2019,演唱会,周杰伦巡回演唱会,39002,37665,1140.78,42967478.7,12382529.86,914501.76,6457371.07,12,0.9657,1140.78,0.2882,0.1503,False
2019-12-27,4,2019,文化活动,国庆文艺汇演,47087,32830,231.97,7615575.1,1102268.83,104090.42,1596088.62,12,0.6972,231.97,0.1447,0.2096,False
2019-12-28,4,2019,商业活动,2019国际商务大会,15908,12346,1811.05,22359223.3,6225000.81,167495.57,8189464.5,12,0.7761,1811.05,0.2784,0.3663,True
2019-12-31,4,2019,商业活动,2019行业峰会论坛,11318,8777,385.6,3384411.2,2457131.71,15753.81,960477.05,12,0.7755,385.6,0.726,0.2838,False
2020-01-20,1,2020,文化活动,国潮音乐节,24730,2441,166.06,405352.46,72840.78,4868.58,78405.85,1,0.0987,166.06,0.1797,0.1934,False
2020-01-29,1,2020,展览,2020数字艺术沉浸展,24311,2080,93.37,194209.6,38086.29,2660.33,27537.15,1,0.0856,93.37,0.1961,0.1418,False
2020-01-31,1,2020,演唱会,2020蔡依林Ugly Beauty巡演,46634,6556,909.14,5960321.84,3047798.98,88099.5,725881.48,1,0.1406,909.14,0.5113,0.1218,False
2020-02-09,1,2020,演唱会,2020孙燕姿克卜勒巡演,42985,5560,832.94,4631146.4,2489183.28,76314.46,660247.34,2,0.1293,832.94,0.5375,0.1426,True
2020-02-13,1,2020,展览,2020国际摄影大展,31176,3774,127.06,479524.44,46587.41,5751.39,86245.1,2,0.1211,127.06,0.0972,0.1799,False
2020-02-16,1,2020,演唱会,2020华晨宇火星演唱会,47945,6218,1363.78,8479984.04,2958149.68,210415.85,1426669.58,2,0.1297,1363.78,0.3488,0.1682,True
2020-02-17,1,2020,演唱会,2020邓紫棋启示录巡演,32256,4724,799.92,3778822.08,2309755.52,87824.67,327649.44,2,0.1465,799.92,0.6112,0.0867,False
2020-02-22,1,2020,演唱会,2020王力宏龙的传人巡演,40231,5438,933.6,5076916.8,2373222.54,112619.26,625322.55,2,0.1352,933.6,0.4675,0.1232,True
2020-03-02,1,2020,商业活动,互联网大会开幕式,19517,878,544.34,477930.52,352007.22,3586.55,149395.88,3,0.045,544.34,0.7365,0.3126,False
2020-03-10,1,2020,文化活动,鸟巢光影秀,46894,1599,306.01,489309.99,115264.88,2952.22,64232.58,3,0.0341,306.01,0.2356,0.1313,False
2020-04-18,2,2020,演唱会,2020毛不易小王巡演,72856,3206,807.96,2590319.76,732428.64,64700.98,387243.81,4,0.044,807.96,0.2828,0.1495,True
2020-05-02,2,2020,演唱会,2020薛之谦天外来物巡演,57400,2561,1912.53,4897989.33,1600991.14,71634.05,812660.85,5,0.0446,1912.53,0.3269,0.1659,True
2020-06-13,2,2020,演唱会,2020五月天人生无限公司,69124,3146,2583.47,8127596.62,3487683.14,185069.41,1447165.67,6,0.0455,2583.47,0.4291,0.1781,True
2020-06-17,2,2020,文化活动,2020国庆文艺汇演,68472,2842,389.13,1105907.46,101278.44,10877.0,236112.71,6,0.0415,389.13,0.0916,0.2135,False
2020-07-03,3,2020,展览,2020数字艺术沉浸展,68527,13685,448.64,6139638.4,787786.18,84819.61,840667.63,7,0.1997,448.64,0.1283,0.1369,False
2020-07-04,3,2020,演唱会,2020李荣浩纵横四海巡演,63987,17743,1180.56,20946676.08,5103732.64,355193.59,3439357.19,7,0.2773,1180.56,0.2437,0.1642,True
2020-07-04,3,2020,商业活动,行业峰会论坛,13352,3617,4103.8,14843444.6,13131516.85,91932.81,4861702.8,7,0.2709,4103.8,0.8847,0.3275,True
2020-07-16,3,2020,文化活动,2020鸟巢新年音乐会,83292,17191,381.94,6565930.54,914444.29,81122.73,1433759.89,7,0.2064,381.94,0.1393,0.2184,False
2020-07-18,3,2020,展览,2020未来生活体验展,66669,16644,200.93,3344278.92,322876.07,38752.22,798969.85,7,0.2497,200.93,0.0965,0.2389,True
2020-07-25,3,2020,展览,2020国际摄影大展,61723,12428,405.41,5038435.48,1142228.89,57710.07,873842.58,7,0.2014,405.41,0.2267,0.1734,True
2020-07-29,3,2020,演唱会,2020周杰伦巡回演唱会,107736,31022,2981.28,92485268.16,31952823.4,1592367.33,14047255.11,7,0.2879,2981.28,0.3455,0.1519,False
2020-07-30,3,2020,体育赛事,2020全国田径锦标赛,125090,31624,676.04,21379088.96,2610070.13,121004.19,5076045.73,7,0.2528,676.04,0.1221,0.2374,False
2020-08-02,3,2020,展览,当代艺术大展,37356,6594,291.65,1923140.1,320773.66,22572.92,442300.37,8,0.1765,291.65,0.1668,0.23,True
2020-08-08,3,2020,文化活动,2020国庆文艺汇演,49388,12727,890.94,11338993.38,1452551.23,94453.8,2160563.51,8,0.2577,890.94,0.1281,0.1905,True
2020-08-09,3,2020,展览,2020北京国际科技博览会,30099,6618,277.77,1838281.86,227001.85,22732.46,242680.31,8,0.2199,277.77,0.1235,0.132,True
2020-08-10,3,2020,演唱会,2020毛不易小王巡演,59272,16409,1111.97,18246315.73,11277441.82,384578.12,3149658.81,8,0.2768,1111.97,0.6181,0.1726,False
2020-08-11,3,2020,文化活动,春节文化庙会,61175,14496,718.39,10413781.44,3551463.13,115917.29,1958811.53,8,0.237,718.39,0.341,0.1881,False
2020-08-12,3,2020,演唱会,2020邓紫棋启示录巡演,83325,21854,2804.94,61299158.76,16016263.62,1333268.8,5980441.15,8,0.2623,2804.94,0.2613,0.0976,False
2020-08-19,3,2020,展览,2020国际摄影大展,43260,9980,233.19,2327236.2,326851.05,25055.54,574151.72,8,0.2307,233.19,0.1404,0.2467,False
2020-08-23,3,2020,文化活动,2020北京国际电影节开幕式,64924,14702,370.06,5440622.12,1668986.61,56213.61,988056.82,8,0.2264,370.06,0.3068,0.1816,True
2020-08-24,3,2020,演唱会,2020周杰伦巡回演唱会,58030,17024,1885.75,32103008.0,10414959.38,458001.97,5109430.99,8,0.2934,1885.75,0.3244,0.1592,False
2020-08-25,3,2020,商业活动,品牌新品发布会,17687,4377,1526.95,6683460.15,3791830.73,44920.26,2693526.1,8,0.2475,1526.95,0.5673,0.403,False
2020-08-28,3,2020,体育赛事,国际田联钻石联赛,109713,22884,430.78,9857969.52,1069608.39,103959.73,2900359.51,8,0.2086,430.78,0.1085,0.2942,False
2020-09-04,3,2020,展览,2020北京国际科技博览会,44704,7780,420.46,3271178.8,283689.42,40037.18,629247.58,9,0.174,420.46,0.0867,0.1924,False
2020-09-07,3,2020,体育赛事,2020中国足协杯决赛,87147,16938,635.06,10756646.28,2675677.66,120350.64,1748873.44,9,0.1944,635.06,0.2487,0.1626,False
2020-09-11,3,2020,体育赛事,2020亚洲田径锦标赛,81185,15527,776.4,12055162.8,4789807.15,142347.95,3220748.03,9,0.1913,776.4,0.3973,0.2672,False
2020-09-13,3,2020,展览,2020当代艺术大展,46988,10767,398.01,4285373.67,395836.5,75351.81,756589.37,9,0.2291,398.01,0.0924,0.1766,True
2020-09-19,3,2020,体育赛事,中超联赛北京德比,80342,15080,843.9,12726012.0,1664613.81,113664.99,2694385.71,9,0.1877,843.9,0.1308,0.2117,True
2020-09-24,3,2020,体育赛事,2020国际田联钻石联赛,80457,14783,910.92,13466130.36,4566179.04,121478.45,3662357.09,9,0.1837,910.92,0.3391,0.272,False
2020-09-26,3,2020,商业活动,2020科技产品首发仪式,23864,5718,2999.67,17152113.06,9560590.07,132239.4,6625022.98,9,0.2396,2999.67,0.5574,0.3863,True
2020-09-29,3,2020,文化活动,中秋赏月晚会,40437,8870,534.19,4738265.3,1432784.66,52026.17,515828.65,9,0.2194,534.19,0.3024,0.1089,False
2020-10-05,4,2020,展览,2020全球创新科技展,28183,9060,235.99,2138069.4,261378.58,18929.8,380083.97,10,0.3215,235.99,0.1222,0.1778,False
2020-10-06,4,2020,演唱会,2020邓紫棋启示录巡演,79561,38432,1188.49,45676047.68,17162096.34,564518.81,7417061.68,10,0.4831,1188.49,0.3757,0.1624,False
2020-10-11,4,2020,演唱会,周杰伦巡回演唱会,75323,32644,1625.64,53067392.16,19526997.65,1073265.29,4523785.53,10,0.4334,1625.64,0.368,0.0852,True
2020-10-13,4,2020,演唱会,2020华晨宇火星演唱会,43411,19452,2027.18,39432705.36,10864624.82,872230.46,5296644.31,10,0.4481,2027.18,0.2755,0.1343,False
2020-10-14,4,2020,商业活动,2020品牌新品发布会,19009,8777,1401.98,12305178.46,5828960.89,37972.12,5408499.16,10,0.4617,1401.98,0.4737,0.4395,False
2020-10-17,4,2020,演唱会,孙燕姿克卜勒巡演,74456,33650,727.6,24483740.0,10106298.96,599427.59,2634784.42,10,0.4519,727.6,0.4128,0.1076,True
2020-10-17,4,2020,演唱会,2020陈奕迅Fear and Dreams,75272,36654,1689.47,61925833.38,18385521.0,775327.25,6197854.56,10,0.487,1689.47,0.2969,0.1001,True
2020-10-17,4,2020,演唱会,2020周杰伦巡回演唱会,50814,23166,1123.76,26033024.16,8070620.9,567163.48,3034710.91,10,0.4559,1123.76,0.31,0.1166,True
2020-10-18,4,2020,体育赛事,2020国际马术大师赛,90277,39210,530.24,20790710.4,4669021.23,185529.13,6178983.41,10,0.4343,530.24,0.2246,0.2972,True
2020-10-20,4,2020,商业活动,创业大赛总决赛,12523,5579,1447.75,8076997.25,4041699.66,41104.72,2287092.61,10,0.4455,1447.75,0.5004,0.2832,False
2020-10-23,4,2020,展览,2020国际设计周,47820,17988,199.11,3581590.68,558628.44,48145.06,872373.59,10,0.3762,199.11,0.156,0.2436,False
2020-10-25,4,2020,展览,2020国际航空航天展,25944,10466,341.35,3572569.1,472284.97,41378.98,474696.28,10,0.4034,341.35,0.1322,0.1329,True
2020-10-26,4,2020,演唱会,2020蔡依林Ugly Beauty巡演,47167,20371,2037.67,41509375.57,17590393.02,527534.07,4689443.28,10,0.4319,2037.67,0.4238,0.113,False
2020-10-31,4,2020,文化活动,2020北京国际电影节开幕式,64445,22343,288.59,6447966.37,973483.82,64015.64,1094961.1,10,0.3467,288.59,0.151,0.1698,True
2020-11-04,4,2020,文化活动,2020中国传统文化周,51995,20158,297.74,6001842.92,979208.13,57306.9,1266304.19,11,0.3877,297.74,0.1632,0.211,False
2020-11-05,4,2020,文化活动,2020春节文化庙会,44421,19961,535.35,10686121.35,1378944.25,70511.49,2290736.71,11,0.4494,535.35,0.129,0.2144,False
2020-11-11,4,2020,展览,2020国际汽车展览会,37374,11961,173.4,2074037.4,130781.32,26345.05,391844.82,11,0.32,173.4,0.0631,0.1889,False
2020-11-14,4,2020,展览,国际消费电子展,24833,7020,163.93,1150788.6,114847.62,17179.07,217701.1,11,0.2827,163.93,0.0998,0.1892,True
2020-11-17,4,2020,展览,2020当代艺术大展,30747,12888,112.24,1446549.12,179565.59,24127.92,348351.17,11,0.4192,112.24,0.1241,0.2408,False
2020-11-22,4,2020,体育赛事,全国田径锦标赛,65212,25392,651.74,16548982.08,5805145.56,122734.34,2943819.93,11,0.3894,651.74,0.3508,0.1779,True
2020-11-26,4,2020,商业活动,互联网大会开幕式,15121,7037,588.82,4143526.34,2299616.88,25514.87,1101108.08,11,0.4654,588.82,0.555,0.2657,False
2020-11-30,4,2020,文化活动,2020非遗文化展示周,48247,21091,329.49,6949273.59,963253.25,86482.51,786182.78,11,0.4371,329.49,0.1386,0.1131,False
2020-12-04,4,2020,文化活动,2020冰雪文化节,30981,11556,421.25,4867965.0,1332031.22,29644.64,684512.06,12,0.373,421.25,0.2736,0.1406,False
2020-12-13,4,2020,展览,国际设计周,17910,5857,70.05,410282.85,44987.05,4617.61,84875.55,12,0.327,70.05,0.1096,0.2069,True
2020-12-16,4,2020,展览,2020未来生活体验展,25849,9597,285.52,2740135.44,233233.51,45217.51,660919.95,12,0.3713,285.52,0.0851,0.2412,False
2020-12-19,4,2020,体育赛事,2020意大利超级杯,52759,20533,657.68,13504143.44,4144313.76,95077.23,2500438.84,12,0.3892,657.68,0.3069,0.1852,True
2020-12-26,4,2020,演唱会,2020薛之谦天外来物巡演,57556,26765,1265.39,33868163.35,17383777.49,816721.78,4445952.38,12,0.465,1265.39,0.5133,0.1313,True
2020-12-26,4,2020,体育赛事,国际田联钻石联赛,62505,23752,263.32,6254376.64,1121994.56,70131.09,1469519.63,12,0.38,263.32,0.1794,0.235,True
2021-01-05,1,2021,体育赛事,NBA中国赛北京站,49100,17399,616.69,10729789.31,4045594.38,76643.32,2008151.38,1,0.3544,616.69,0.377,0.1872,False
2021-01-09,1,2021,演唱会,2021Ed Sheeran中国巡演,44900,17370,787.17,13673142.9,7290811.84,167693.31,2084650.21,1,0.3869,787.17,0.5332,0.1525,True
2021-01-09,1,2021,演唱会,2021邓紫棋启示录巡演,47581,16746,1029.31,17236825.26,7935981.77,214048.83,2923096.48,1,0.3519,1029.31,0.4604,0.1696,True
2021-01-16,1,2021,展览,2021中国品牌日展览,35117,11813,197.68,2335193.84,314972.44,22434.57,502806.06,1,0.3364,197.68,0.1349,0.2153,True
2021-01-27,1,2021,演唱会,2021王力宏龙的传人巡演,40989,15493,953.72,14775983.96,5472564.54,309252.6,1860730.15,1,0.378,953.72,0.3704,0.1259,False
2021-01-30,1,2021,体育赛事,世界斯诺克中国公开赛,49831,12196,266.53,3250599.88,1056197.67,18020.22,955543.17,1,0.2447,266.53,0.3249,0.294,True
2021-01-31,1,2021,商业活动,2021世界500强企业峰会,7875,2812,1067.55,3001950.6,1803201.09,12082.55,1162302.2,1,0.3571,1067.55,0.6007,0.3872,True
2021-02-03,1,2021,体育赛事,2021全国运动会田径项目,48566,16495,535.44,8832082.8,1902102.19,90389.49,2534228.35,2,0.3396,535.44,0.2154,0.2869,False
2021-02-06,1,2021,文化活动,2021中国传统文化周,36339,9461,207.12,1959562.32,400562.15,12914.14,361754.0,2,0.2604,207.12,0.2044,0.1846,True
2021-02-22,1,2021,体育赛事,中国足协杯决赛,43366,14215,362.73,5156206.95,1842734.32,26073.43,1250415.5,2,0.3278,362.73,0.3574,0.2425,False
2021-02-25,1,2021,文化活动,2021北京国际电影节开幕式,43511,13245,344.78,4566611.1,1248435.35,28789.7,678231.29,2,0.3044,344.78,0.2734,0.1485,False
2021-02-27,1,2021,展览,2021国际摄影大展,17199,3899,78.51,306110.49,63094.91,4886.58,49971.03,2,0.2267,78.51,0.2061,0.1632,True
2021-03-02,1,2021,展览,2021全球创新科技展,29333,9719,132.64,1289128.16,131899.46,13450.37,176344.88,3,0.3313,132.64,0.1023,0.1368,False
2021-03-03,1,2021,展览,2021中国品牌日展览,18793,4850,318.39,1544191.5,157369.04,27321.3,382863.99,3,0.2581,318.39,0.1019,0.2479,False
2021-03-05,1,2021,体育赛事,2021NFL中国赛,64290,22620,262.92,5947250.4,1631288.5,57984.35,1411774.68,3,0.3518,262.92,0.2743,0.2374,False
2021-03-07,1,2021,体育赛事,2021中国足协杯决赛,71224,25269,262.91,6643472.79,1191097.46,62009.65,1030013.65,3,0.3548,262.91,0.1793,0.155,True
2021-03-13,1,2021,演唱会,2021薛之谦天外来物巡演,39510,13494,1770.99,23897739.06,9986819.49,529319.0,2663854.62,3,0.3415,1770.99,0.4179,0.1115,True
2021-03-13,1,2021,体育赛事,2021世界斯诺克中国公开赛,68815,24317,450.54,10955781.18,4207995.31,82305.78,2309373.89,3,0.3534,450.54,0.3841,0.2108,True
2021-03-14,1,2021,演唱会,薛之谦天外来物巡演,49059,19028,1701.3,32372336.4,12041986.07,622038.27,3377904.43,3,0.3879,1701.3,0.372,0.1043,True
2021-03-16,1,2021,演唱会,2021薛之谦天外来物巡演,35135,12216,1058.73,12933445.68,4889677.5,226324.79,1755514.87,3,0.3477,1058.73,0.3781,0.1357,False
2021-03-17,1,2021,演唱会,2021毛不易小王巡演,68663,24683,897.47,22152252.01,5422608.58,511633.57,3076334.39,3,0.3595,897.47,0.2448,0.1389,False
2021-03-18,1,2021,文化活动,冰雪文化节,52826,19008,228.44,4342187.52,435916.31,51885.86,778870.77,3,0.3598,228.44,0.1004,0.1794,False
2021-03-19,1,2021,体育赛事,法国超级杯北京站,69771,17677,466.12,8239603.24,1870142.37,51883.77,1675090.24,3,0.2534,466.12,0.227,0.2033,False
2021-03-23,1,2021,展览,2021国际汽车展览会,32533,10952,159.0,1741368.0,180837.9,15159.21,383909.97,3,0.3366,159.0,0.1038,0.2205,False
2021-03-28,1,2021,演唱会,2021陈奕迅Fear and Dreams,40159,13708,689.16,9447005.28,4201188.63,181956.03,1108380.98,3,0.3413,689.16,0.4447,0.1173,True
2021-03-29,1,2021,体育赛事,2021国际马术大师赛,53146,16389,388.76,6371387.64,1192994.3,31885.46,1401699.75,3,0.3084,388.76,0.1872,0.22,False
2021-03-31,1,2021,体育赛事,亚洲田径锦标赛,68634,17224,715.6,12325494.4,2092913.05,72769.16,3597815.87,3,0.251,715.6,0.1698,0.2919,False
2021-04-01,2,2021,体育赛事,2021NFL中国赛,66712,32468,829.58,26934803.44,8206189.87,134886.81,7653138.54,4,0.4867,829.58,0.3047,0.2841,False
2021-04-07,2,2021,演唱会,2021Taylor Swift世界巡演北京站,45718,23042,1255.88,28937986.96,10874553.78,584742.99,2603439.6,4,0.504,1255.88,0.3758,0.09,False
2021-04-07,2,2021,商业活动,行业峰会论坛,8920,3812,1493.27,5692345.24,2282056.74,21311.3,2170841.34,4,0.4274,1493.27,0.4009,0.3814,False
2021-04-08,2,2021,文化活动,央视春晚分会场,40233,19875,496.5,9867937.5,1920093.36,66204.37,1314687.58,4,0.494,496.5,0.1946,0.1332,False
2021-04-14,2,2021,体育赛事,2021北京马拉松起点仪式,87064,30900,483.32,14934588.0,3589340.9,125726.57,2300332.63,4,0.3549,483.32,0.2403,0.154,False
2021-04-15,2,2021,体育赛事,2021中超联赛北京德比,82982,40226,805.75,32412099.5,7584672.75,341449.04,8251179.68,4,0.4848,805.75,0.234,0.2546,False
2021-04-16,2,2021,体育赛事,2021中超联赛北京德比,71607,33956,718.06,24382445.36,9371213.75,130772.28,6719611.54,4,0.4742,718.06,0.3843,0.2756,False
2021-04-17,2,2021,文化活动,春节文化庙会,54833,26973,456.54,12314253.42,2248727.11,77945.34,2113211.11,4,0.4919,456.54,0.1826,0.1716,True
2021-04-17,2,2021,体育赛事,2021亚洲田径锦标赛,66875,25501,338.47,8631323.47,1920448.88,62037.97,1520507.59,4,0.3813,338.47,0.2225,0.1762,True
2021-04-26,2,2021,文化活动,2021冰雪文化节,34203,13108,598.39,7843696.12,984692.62,83555.42,1310801.84,4,0.3832,598.39,0.1255,0.1671,False
2021-05-01,2,2021,演唱会,2021毛不易小王巡演,55894,26774,1419.24,37998731.76,13207826.25,681359.84,5058180.78,5,0.479,1419.24,0.3476,0.1331,True
2021-05-05,2,2021,演唱会,周杰伦巡回演唱会,56062,28251,1556.55,43974094.05,24134181.73,1050038.21,7180537.39,5,0.5039,1556.55,0.5488,0.1633,False
2021-05-10,2,2021,体育赛事,2021NBA中国赛北京站,87332,42379,557.13,23610612.27,3669160.57,175233.42,5922339.76,5,0.4853,557.13,0.1554,0.2508,False
2021-05-11,2,2021,体育赛事,2021世界斯诺克中国公开赛,92169,41956,393.92,16527307.52,2869284.63,84695.61,3570221.74,5,0.4552,393.92,0.1736,0.216,False
2021-05-13,2,2021,商业活动,品牌新品发布会,13582,6010,1566.07,9412080.7,3146093.46,52753.98,3709077.58,5,0.4425,1566.07,0.3343,0.3941,False
2021-05-14,2,2021,体育赛事,意大利超级杯,94544,35040,843.5,29556240.0,5231122.0,331525.12,6532843.72,5,0.3706,843.5,0.177,0.221,False
2021-05-15,2,2021,商业活动,创业大赛总决赛,10847,4645,2025.14,9406775.3,3097664.51,29913.07,3916171.31,5,0.4282,2025.14,0.3293,0.4163,True
2021-05-15,2,2021,文化活动,2021中国传统文化周,40823,18503,357.91,6622408.73,1548010.62,76669.37,889464.37,5,0.4532,357.91,0.2338,0.1343,True
2021-05-16,2,2021,商业活动,品牌新品发布会,10678,5482,743.07,4073509.74,2383113.11,30524.7,1831202.49,5,0.5134,743.07,0.585,0.4495,True
2021-05-16,2,2021,展览,未来生活体验展,45290,14259,379.57,5412288.63,852306.52,62941.6,1005844.03,5,0.3148,379.57,0.1575,0.1858,True
2021-05-18,2,2021,体育赛事,2021法国超级杯北京站,97070,45055,632.96,28518012.8,5350659.82,295374.29,8109107.83,5,0.4641,632.96,0.1876,0.2844,False
2021-05-18,2,2021,展览,2021中国品牌日展览,41789,12918,329.78,4260098.04,336504.52,38495.05,974794.26,5,0.3091,329.78,0.079,0.2288,False
2021-05-20,2,2021,展览,国际摄影大展,25219,7951,275.71,2192170.21,194788.63,36434.26,383989.21,5,0.3153,275.71,0.0889,0.1752,False
2021-05-21,2,2021,体育赛事,2021世界斯诺克中国公开赛,82579,31160,683.01,21282591.6,2937056.98,109527.55,6230039.35,5,0.3773,683.01,0.138,0.2927,False
2021-05-22,2,2021,商业活动,科技产品首发仪式,22342,9868,1092.11,10776941.48,6610891.08,84350.51,3015952.72,5,0.4417,1092.11,0.6134,0.2799,True
2021-05-22,2,2021,展览,当代艺术大展,41254,16155,243.86,3939558.3,451620.83,49775.44,782927.82,5,0.3916,243.86,0.1146,0.1987,True
2021-05-29,2,2021,演唱会,林俊杰圣所演唱会,44835,21450,1745.07,37431751.5,9177881.06,613585.03,3286021.41,5,0.4784,1745.07,0.2452,0.0878,True
2021-05-31,2,2021,文化活动,2021非遗文化展示周,53755,20692,203.23,4205235.16,838272.2,50086.79,494552.77,5,0.3849,203.23,0.1993,0.1176,False
2021-06-01,2,2021,商业活动,2021行业峰会论坛,26594,13545,3765.28,51000717.6,31070361.73,206717.54,18315116.04,6,0.5093,3765.28,0.6092,0.3591,False
2021-06-04,2,2021,文化活动,2021国庆文艺汇演,57406,25497,518.83,13228608.51,2270207.07,194876.98,2481061.96,6,0.4442,518.83,0.1716,0.1876,False
2021-06-06,2,2021,演唱会,周杰伦巡回演唱会,95708,48518,1502.64,72905087.52,22463489.32,1372685.97,10949968.69,6,0.5069,1502.64,0.3081,0.1502,True
2021-06-07,2,2021,体育赛事,2021北京马拉松起点仪式,91256,34988,970.04,33939759.52,7112580.25,228939.5,9250196.85,6,0.3834,970.04,0.2096,0.2725,False
2021-06-09,2,2021,演唱会,薛之谦天外来物巡演,70011,34489,1004.27,34636268.03,13229035.31,713938.67,4056695.47,6,0.4926,1004.27,0.3819,0.1171,False
2021-06-10,2,2021,文化活动,冰雪文化节,60913,23587,552.38,13028987.06,3129098.47,111669.36,1691261.45,6,0.3872,552.38,0.2402,0.1298,False
2021-06-11,2,2021,体育赛事,全国运动会田径项目,107507,46221,633.49,29280541.29,8615495.29,242580.93,6637860.11,6,0.4299,633.49,0.2942,0.2267,False
2021-06-12,2,2021,演唱会,2021李荣浩纵横四海巡演,53418,25918,1084.26,28101850.68,11813880.81,644274.34,4587304.98,6,0.4852,1084.26,0.4204,0.1632,True
2021-06-13,2,2021,展览,国际航空航天展,54722,17181,296.15,5088153.15,617948.91,84992.77,723313.11,6,0.314,296.15,0.1214,0.1422,True
2021-06-15,2,2021,文化活动,2021中秋赏月晚会,49688,18725,569.71,10667819.75,1966323.02,159591.55,1837740.1,6,0.3769,569.71,0.1843,0.1723,False
2021-06-16,2,2021,体育赛事,2021NFL中国赛,98164,49145,592.14,29100720.3,7546560.44,157959.39,6501089.99,6,0.5006,592.14,0.2593,0.2234,False
2021-06-17,2,2021,演唱会,2021周杰伦巡回演唱会,65258,33038,1316.72,43501795.36,14320880.65,1074806.06,4510846.24,6,0.5063,1316.72,0.3292,0.1037,False
2021-06-22,2,2021,商业活动,世界500强企业峰会,29713,13527,1032.09,13961081.43,4401158.03,59327.14,4854319.26,6,0.4553,1032.09,0.3152,0.3477,False
2021-06-23,2,2021,体育赛事,2021国际马术大师赛,103896,46898,896.44,42041243.12,10869706.88,379616.86,10052916.25,6,0.4514,896.44,0.2585,0.2391,False
2021-06-23,2,2021,体育赛事,2021全国田径锦标赛,119359,59115,573.3,33890629.5,6820017.09,360713.82,9600020.89,6,0.4953,573.3,0.2012,0.2833,False
2021-06-24,2,2021,展览,2021数字艺术沉浸展,53286,17661,302.69,5345808.09,847160.56,65730.27,1012447.57,6,0.3314,302.69,0.1585,0.1894,False
2021-06-25,2,2021,演唱会,2021薛之谦天外来物巡演,60923,28838,1728.52,49847059.76,23707475.16,1135552.25,7625038.96,6,0.4734,1728.52,0.4756,0.153,False
2021-06-27,2,2021,商业活动,2021科技产品首发仪式,17783,7671,1805.26,13848149.46,5192069.03,54496.4,4816434.52,6,0.4314,1805.26,0.3749,0.3478,True
2021-06-28,2,2021,商业活动,行业峰会论坛,10301,4895,3033.31,14848052.45,8612132.97,117149.36,5802181.43,6,0.4752,3033.31,0.58,0.3908,False
2021-06-29,2,2021,演唱会,2021周杰伦巡回演唱会,92885,48827,888.56,43385719.12,19521391.06,608277.1,6290021.33,6,0.5257,888.56,0.4499,0.145,False
2021-07-03,3,2021,演唱会,2021王力宏龙的传人巡演,100372,62400,2247.78,140261472.0,64662225.26,1719039.14,20904255.2,7,0.6217,2247.78,0.461,0.149,True
2021-07-04,3,2021,体育赛事,世界田径锦标赛,118820,60732,1275.51,77464273.32,23985582.76,588813.76,15068955.07,7,0.5111,1275.51,0.3096,0.1945,True
2021-07-04,3,2021,演唱会,Coldplay北京演唱会,66624,38163,1676.22,63969583.86,34460844.7,1588924.19,7500222.27,7,0.5728,1676.22,0.5387,0.1172,True
2021-07-09,3,2021,演唱会,2021林俊杰圣所演唱会,110348,67460,2709.0,182749140.0,66453346.76,2325177.62,29257879.06,7,0.6113,2709.0,0.3636,0.1601,False
2021-07-09,3,2021,演唱会,2021Coldplay北京演唱会,112210,69991,3110.93,217737101.63,112519169.99,5037478.0,19066033.48,7,0.6238,3110.93,0.5168,0.0876,False
2021-07-10,3,2021,商业活动,2021品牌周年庆典,35528,17377,1361.32,23655657.64,16727175.73,82258.14,9627848.75,7,0.4891,1361.32,0.7071,0.407,True
2021-07-10,3,2021,体育赛事,国际田联钻石联赛,133062,68116,671.12,45714009.92,9306341.23,496254.9,12442265.29,7,0.5119,671.12,0.2036,0.2722,True
2021-07-11,3,2021,体育赛事,2021国际足球友谊赛,116151,45552,1077.87,49099134.24,6227454.88,453645.25,14608371.05,7,0.3922,1077.87,0.1268,0.2975,True
2021-07-13,3,2021,商业活动,2021企业年会盛典,23308,11450,879.33,10068328.5,7945289.19,52244.53,3633822.2,7,0.4912,879.33,0.7891,0.3609,False
2021-07-14,3,2021,演唱会,Taylor Swift世界巡演北京站,92379,51685,2834.52,146502166.2,65777206.61,2012221.47,15931482.28,7,0.5595,2834.52,0.449,0.1087,False
2021-07-16,3,2021,演唱会,2021BLACKPINK世界巡演北京站,70829,42078,1746.95,73508162.1,26269711.28,1482665.66,6195981.01,7,0.5941,1746.95,0.3574,0.0843,False
2021-07-18,3,2021,体育赛事,2021世界田径锦标赛,109370,45965,1138.82,52345861.3,10524680.1,589329.72,11751309.39,7,0.4203,1138.82,0.2011,0.2245,True
2021-07-19,3,2021,商业活动,2021金融峰会,12589,7545,2676.42,20193588.9,12090641.45,124690.74,5221186.82,7,0.5993,2676.42,0.5987,0.2586,False
2021-07-20,3,2021,演唱会,2021Coldplay北京演唱会,80158,46400,3008.44,139591616.0,49467475.22,3288534.35,25033813.98,7,0.5789,3008.44,0.3544,0.1793,False
2021-07-22,3,2021,体育赛事,2021中超联赛北京德比,96160,45876,1182.83,54263509.08,13022142.72,289626.9,13611514.38,7,0.4771,1182.83,0.24,0.2508,False
2021-07-23,3,2021,演唱会,2021蔡依林Ugly Beauty巡演,73883,42346,2365.49,100169039.54,39499950.86,2436368.03,14409095.13,7,0.5731,2365.49,0.3943,0.1438,False
2021-07-23,3,2021,展览,2021数字艺术沉浸展,30570,11256,240.75,2709882.0,556169.19,47661.36,334291.93,7,0.3682,240.75,0.2052,0.1234,False
2021-07-23,3,2021,商业活动,2021电商购物节开幕式,12865,6376,2114.61,13482753.36,9076099.35,50827.1,5824021.81,7,0.4956,2114.61,0.6732,0.432,False
2021-07-24,3,2021,展览,2021未来生活体验展,39258,17831,269.57,4806702.67,557384.68,78174.25,859333.06,7,0.4542,269.57,0.116,0.1788,True
2021-07-25,3,2021,体育赛事,2021中国足协杯决赛,116953,51192,975.61,49943427.12,13022426.05,478260.29,9575501.03,7,0.4377,975.61,0.2607,0.1917,True
2021-07-25,3,2021,体育赛事,2021亚洲田径锦标赛,106089,52956,935.68,49549870.08,13964000.2,354491.99,8372140.98,7,0.4992,935.68,0.2818,0.169,True
2021-07-26,3,2021,体育赛事,2021全国田径锦标赛,95062,45017,811.75,36542549.75,13346921.15,336556.38,7384941.81,7,0.4736,811.75,0.3652,0.2021,False
2021-07-26,3,2021,演唱会,2021Coldplay北京演唱会,112979,69784,1909.29,133237893.36,54231714.54,2520936.17,22015636.06,7,0.6177,1909.29,0.407,0.1652,False
2021-07-29,3,2021,演唱会,Coldplay北京演唱会,71920,40415,2417.8,97715387.0,62136711.74,1230513.79,11951166.49,7,0.5619,2417.8,0.6359,0.1223,False
2021-07-30,3,2021,展览,2021国际文创博览会,66638,31044,329.68,10234585.92,2389440.85,183117.88,1755744.23,7,0.4659,329.68,0.2335,0.1716,False
2021-07-31,3,2021,演唱会,Taylor Swift世界巡演北京站,77299,45477,2129.5,96843271.5,39760224.77,1890898.73,12803751.07,7,0.5883,2129.5,0.4106,0.1322,True
2021-08-03,3,2021,体育赛事,亚洲田径锦标赛,103234,56959,809.51,46108880.09,13743066.32,349750.2,13063123.81,8,0.5517,809.51,0.2981,0.2833,False
2021-08-08,3,2021,展览,2021未来生活体验展,53526,22426,328.91,7376135.66,930761.35,82156.78,1120212.94,8,0.419,328.91,0.1262,0.1519,True
2021-08-09,3,2021,演唱会,2021BLACKPINK世界巡演北京站,102751,59672,2839.92,169463706.24,86423537.08,3237032.74,17258831.96,8,0.5807,2839.92,0.51,0.1018,False
2021-08-12,3,2021,展览,2021国际文创博览会,38114,20940,467.58,9791125.2,1595487.46,130773.37,1349446.31,8,0.5494,467.58,0.163,0.1378,False
2021-08-15,3,2021,体育赛事,2021中超联赛北京德比,95571,49727,462.33,22990283.91,5554824.66,204259.48,6137410.99,8,0.5203,462.33,0.2416,0.267,True
2021-08-19,3,2021,文化活动,2021央视春晚分会场,45571,24256,806.37,19559310.72,4289686.86,186385.74,3937227.74,8,0.5323,806.37,0.2193,0.2013,False
2021-08-20,3,2021,演唱会,2021五月天人生无限公司,69209,42004,3082.0,129456328.0,37485142.98,2518917.96,22191517.53,8,0.6069,3082.0,0.2896,0.1714,False
2021-08-21,3,2021,体育赛事,2021法国超级杯北京站,129318,67539,1053.65,71162467.35,19203913.19,848015.13,15354215.32,8,0.5223,1053.65,0.2699,0.2158,True
2021-08-23,3,2021,商业活动,2021科技产品首发仪式,24717,12931,3159.04,40849546.24,13638741.87,231796.26,14750719.53,8,0.5232,3159.04,0.3339,0.3611,False
2021-08-23,3,2021,演唱会,2021李荣浩纵横四海巡演,88632,49107,1088.72,53463773.04,32209848.29,889878.95,9040994.64,8,0.5541,1088.72,0.6025,0.1691,False
2021-08-24,3,2021,体育赛事,2021世界斯诺克中国公开赛,127268,73512,1197.07,87999009.84,29371318.25,692457.41,19690057.22,8,0.5776,1197.07,0.3338,0.2238,False
2021-08-25,3,2021,演唱会,2021Taylor Swift世界巡演北京站,86114,49578,2404.65,119217737.7,35848734.18,2048104.37,21195240.35,8,0.5757,2404.65,0.3007,0.1778,False
2021-08-27,3,2021,体育赛事,2021世界田径锦标赛,124950,60999,827.61,50483382.39,18099849.66,346116.24,7700432.41,8,0.4882,827.61,0.3585,0.1525,False
2021-08-28,3,2021,商业活动,2021行业峰会论坛,18247,9211,2058.57,18961488.27,19592515.5,106531.3,6776863.54,8,0.5048,2058.57,1.0333,0.3574,True
2021-08-31,3,2021,演唱会,五月天人生无限公司,113521,66464,2900.66,192789466.24,53155940.33,3859590.11,30448764.95,8,0.5855,2900.66,0.2757,0.1579,False
2021-09-04,3,2021,体育赛事,NBA中国赛北京站,90634,44796,500.27,22410094.92,5722787.62,182127.98,4580858.64,9,0.4943,500.27,0.2554,0.2044,True
2021-09-14,3,2021,展览,2021国际汽车展览会,48413,19846,239.9,4761055.4,812263.91,82399.97,1027560.71,9,0.4099,239.9,0.1706,0.2158,False
2021-09-16,3,2021,文化活动,2021央视春晚分会场,69957,38499,427.91,16474107.09,4825995.45,158062.51,3299182.34,9,0.5503,427.91,0.2929,0.2003,False
2021-09-17,3,2021,演唱会,2021BLACKPINK世界巡演北京站,72645,44331,1858.89,82406452.59,35146386.47,1605374.82,7608049.39,9,0.6102,1858.89,0.4265,0.0923,False
2021-09-18,3,2021,文化活动,2021央视春晚分会场,68485,29181,523.6,15279171.6,1772582.86,213202.91,1893408.15,9,0.4261,523.6,0.116,0.1239,True
2021-09-18,3,2021,展览,2021国际航空航天展,49008,17847,384.67,6865205.49,703514.23,86957.05,1198521.0,9,0.3642,384.67,0.1025,0.1746,True
2021-09-19,3,2021,演唱会,张学友经典世界巡演,61869,37134,936.22,34765593.48,16967024.35,502231.79,3932644.9,9,0.6002,936.22,0.488,0.1131,True
2021-09-22,3,2021,演唱会,五月天人生无限公司,79780,44275,1327.41,58771077.75,21213195.62,1126226.56,5375862.9,9,0.555,1327.41,0.3609,0.0915,False
2021-09-23,3,2021,商业活动,2021品牌周年庆典,8895,5239,1664.93,8722568.27,6471186.74,58382.86,3763421.1,9,0.589,1664.93,0.7419,0.4315,False
2021-09-24,3,2021,体育赛事,国际田联钻石联赛,81832,35815,507.84,18188289.6,4807213.55,206673.28,3781430.12,9,0.4377,507.84,0.2643,0.2079,False
2021-09-25,3,2021,文化活动,世界文化遗产日庆典,45623,26334,778.78,20508392.52,5797558.22,292674.56,3309782.68,9,0.5772,778.78,0.2827,0.1614,True
2021-09-25,3,2021,文化活动,2021央视春晚分会场,60371,26978,675.62,18226876.36,3129473.92,226756.07,3767222.93,9,0.4469,675.62,0.1717,0.2067,True
2021-09-25,3,2021,展览,2021未来生活体验展,42378,21502,405.48,8718630.96,688490.52,137415.79,1535479.33,9,0.5074,405.48,0.079,0.1761,True
2021-09-28,3,2021,演唱会,2021林俊杰圣所演唱会,89443,52145,1064.77,55522431.65,19554083.19,1051278.15,7277931.51,9,0.583,1064.77,0.3522,0.1311,False
2021-09-28,3,2021,体育赛事,2021亚洲田径锦标赛,102146,56175,804.02,45165823.5,18052466.53,409197.09,8383695.34,9,0.5499,804.02,0.3997,0.1856,False
2021-09-30,3,2021,演唱会,2021毛不易小王巡演,67449,38141,2351.9,89703817.9,36553258.64,1591646.63,13839422.81,9,0.5655,2351.9,0.4075,0.1543,False
2021-10-03,4,2021,文化活动,2021国庆文艺汇演,48023,29139,611.93,17831028.27,3878064.38,137918.87,3256081.36,10,0.6068,611.93,0.2175,0.1826,True
2021-10-03,4,2021,演唱会,2021周杰伦巡回演唱会,45688,29441,1171.76,34497786.16,12949492.66,517676.55,5921079.64,10,0.6444,1171.76,0.3754,0.1716,True
2021-10-05,4,2021,文化活动,2021鸟巢新年音乐会,44955,24166,622.11,15033910.26,2722878.89,92935.94,1789512.81,10,0.5376,622.11,0.1811,0.119,False
2021-10-06,4,2021,文化活动,2021央视春晚分会场,55052,32427,411.99,13359599.73,2941364.82,86446.66,2526788.77,10,0.589,411.99,0.2202,0.1891,False
2021-10-10,4,2021,演唱会,薛之谦天外来物巡演,45212,27887,842.43,23492845.41,7718425.39,470576.41,2209990.36,10,0.6168,842.43,0.3285,0.0941,True
2021-10-11,4,2021,文化活动,央视春晚分会场,41132,20012,638.67,12781064.04,2096478.2,142511.3,2608539.95,10,0.4865,638.67,0.164,0.2041,False
2021-10-11,4,2021,体育赛事,全国运动会田径项目,65313,39245,365.66,14350326.7,3461474.73,94451.68,3529036.16,10,0.6009,365.66,0.2412,0.2459,False
2021-10-17,4,2021,演唱会,孙燕姿克卜勒巡演,49117,31729,2021.56,64142077.24,24010086.41,1119174.45,8870890.87,10,0.646,2021.56,0.3743,0.1383,True
2021-10-19,4,2021,商业活动,企业年会盛典,22297,13799,2770.17,38225575.83,15331338.94,223437.39,9829128.98,10,0.6189,2770.17,0.4011,0.2571,False
2021-10-24,4,2021,展览,2021国际摄影大展,36166,20741,374.54,7768334.14,1018682.92,113589.56,1339824.93,10,0.5735,374.54,0.1311,0.1725,True
2021-10-26,4,2021,演唱会,2021蔡依林Ugly Beauty巡演,70335,48246,1781.41,85945906.86,50149054.96,1158333.07,12933005.07,10,0.6859,1781.41,0.5835,0.1505,False
2021-10-26,4,2021,展览,2021国际汽车展览会,43766,21353,211.68,4520003.04,551347.64,79908.58,942795.42,10,0.4879,211.68,0.122,0.2086,False
2021-10-28,4,2021,演唱会,张学友经典世界巡演,43360,26572,1584.11,42092970.92,16133249.1,564518.08,6521423.41,10,0.6128,1584.11,0.3833,0.1549,False
2021-10-30,4,2021,演唱会,2021孙燕姿克卜勒巡演,64568,39394,1121.19,44168158.86,15715607.6,650759.36,3921055.05,10,0.6101,1121.19,0.3558,0.0888,True
2021-10-30,4,2021,演唱会,Coldplay北京演唱会,64243,43948,801.53,35225640.44,10505129.07,536526.7,4152068.63,10,0.6841,801.53,0.2982,0.1179,True
2021-10-31,4,2021,体育赛事,2021全国田径锦标赛,76027,35200,580.09,20419168.0,5352482.86,211241.0,3473296.44,10,0.463,580.09,0.2621,0.1701,True
2021-10-31,4,2021,演唱会,2021张杰未LIVE巡演,76912,46169,1498.81,69198558.89,34399429.5,918190.83,7199733.36,10,0.6003,1498.81,0.4971,0.104,True
2021-11-02,4,2021,演唱会,2021蔡依林Ugly Beauty巡演,63132,42691,813.37,34723578.67,18570275.13,626014.47,3137426.63,11,0.6762,813.37,0.5348,0.0904,False
2021-11-02,4,2021,体育赛事,2021法国超级杯北京站,72953,46795,688.01,32195427.95,8510597.17,366528.04,8270712.82,11,0.6414,688.01,0.2643,0.2569,False
2021-11-02,4,2021,体育赛事,2021国际田联钻石联赛,58723,35176,373.71,13145622.96,1950788.65,83827.07,3466197.69,11,0.599,373.71,0.1484,0.2637,False
2021-11-02,4,2021,文化活动,2021春节文化庙会,36822,22783,390.5,8896761.5,1133366.89,105717.8,1784606.05,11,0.6187,390.5,0.1274,0.2006,False
2021-11-03,4,2021,演唱会,2021蔡依林Ugly Beauty巡演,42567,25636,574.46,14726856.56,5820672.23,320751.56,1730665.43,11,0.6023,574.46,0.3952,0.1175,False
2021-11-06,4,2021,商业活动,2021科技产品首发仪式,10785,6257,1560.19,9762108.83,4391004.33,48893.99,3378464.94,11,0.5802,1560.19,0.4498,0.3461,True
2021-11-07,4,2021,文化活动,2021北京国际电影节开幕式,46746,23934,483.3,11567302.2,2548710.33,134521.61,1701043.27,11,0.512,483.3,0.2203,0.1471,True
2021-11-08,4,2021,演唱会,2021周杰伦巡回演唱会,40032,25813,1020.74,26348361.62,9222459.53,431256.02,3537407.84,11,0.6448,1020.74,0.35,0.1343,False
2021-11-13,4,2021,体育赛事,2021国际马术大师赛,72678,42671,261.87,11174254.77,3088057.6,99157.51,2756054.22,11,0.5871,261.87,0.2764,0.2466,True
2021-11-15,4,2021,演唱会,Ed Sheeran中国巡演,65993,42065,991.3,41699034.5,14108259.24,734490.43,4817504.47,11,0.6374,991.3,0.3383,0.1155,False
2021-11-21,4,2021,演唱会,王力宏龙的传人巡演,55965,33360,1200.44,40046678.4,21723610.13,679086.17,6268066.87,11,0.5961,1200.44,0.5425,0.1565,True
2021-11-23,4,2021,体育赛事,2021世界斯诺克中国公开赛,69764,38238,735.92,28140108.96,7634072.42,283660.62,5125581.62,11,0.5481,735.92,0.2713,0.1821,False
2021-11-24,4,2021,体育赛事,2021NBA中国赛北京站,64785,27797,568.42,15800370.74,5636255.75,170797.35,2845274.33,11,0.4291,568.42,0.3567,0.1801,False
2021-11-25,4,2021,演唱会,2021Taylor Swift世界巡演北京站,65637,44006,1493.02,65701838.12,17553435.3,1328134.13,8687428.99,11,0.6704,1493.02,0.2672,0.1322,False
2021-12-02,4,2021,演唱会,张学友经典世界巡演,59402,36402,1651.44,60115718.88,23265712.73,943848.05,6719647.34,12,0.6128,1651.44,0.387,0.1118,False
2021-12-04,4,2021,商业活动,明星代言签约仪式,9620,5109,1182.13,6039502.17,2310380.55,42009.56,2266461.31,12,0.5311,1182.13,0.3825,0.3753,True
2021-12-11,4,2021,演唱会,2021薛之谦天外来物巡演,55535,35293,607.76,21449673.68,7487819.57,452771.55,1765139.92,12,0.6355,607.76,0.3491,0.0823,True
2021-12-12,4,2021,体育赛事,2021世界田径锦标赛,49160,24234,673.78,16328384.52,3993537.59,104666.27,4883256.58,12,0.493,673.78,0.2446,0.2991,True
2021-12-16,4,2021,演唱会,2021王力宏龙的传人巡演,54831,36459,986.81,35978105.79,21079243.67,782803.2,6371507.69,12,0.6649,986.81,0.5859,0.1771,False
2021-12-18,4,2021,展览,2021当代艺术大展,30921,12355,183.15,2262818.25,209397.76,30468.89,552047.46,12,0.3996,183.15,0.0925,0.244,True
2021-12-23,4,2021,展览,2021全球创新科技展,29097,16819,190.65,3206542.35,497199.07,49753.7,643427.79,12,0.578,190.65,0.1551,0.2007,False
2021-12-29,4,2021,演唱会,2021张学友经典世界巡演,53542,35971,1452.23,52238165.33,19241980.85,753259.61,5704481.31,12,0.6718,1452.23,0.3684,0.1092,False
2021-12-30,4,2021,体育赛事,2021全国田径锦标赛,55501,33438,357.55,11955756.9,4915552.96,119029.88,1903382.01,12,0.6025,357.55,0.4111,0.1592,False
2021-12-30,4,2021,商业活动,品牌新品发布会,16865,10530,1432.14,15080434.2,7147480.38,94693.74,6518503.07,12,0.6244,1432.14,0.474,0.4322,False
2022-01-02,1,2022,文化活动,2022北京国际电影节开幕式,30722,13928,357.72,4982324.16,1039387.39,46546.2,1062919.93,1,0.4534,357.72,0.2086,0.2133,True
2022-01-08,1,2022,展览,2022国际文创博览会,35974,16342,263.36,4303829.12,519702.9,68777.19,636031.43,1,0.4543,263.36,0.1208,0.1478,True
2022-01-08,1,2022,演唱会,蔡依林Ugly Beauty巡演,36326,19461,1347.01,26214161.61,9111380.19,619673.55,3260347.98,1,0.5357,1347.01,0.3476,0.1244,True
2022-01-10,1,2022,体育赛事,2022世界斯诺克中国公开赛,63883,31675,387.92,12287366.0,2318320.63,70962.02,2375487.82,1,0.4958,387.92,0.1887,0.1933,False
2022-01-22,1,2022,演唱会,2022BLACKPINK世界巡演北京站,48908,25666,808.93,20761997.38,7998329.76,434265.04,3074805.99,1,0.5248,808.93,0.3852,0.1481,True
2022-01-28,1,2022,体育赛事,2022国际田联钻石联赛,56204,23803,332.0,7902596.0,2629648.03,86091.31,1748809.34,1,0.4235,332.0,0.3328,0.2213,False
2022-01-29,1,2022,文化活动,北京国际电影节开幕式,34509,14542,499.93,7269982.06,1539751.4,45324.86,1220239.0,1,0.4214,499.93,0.2118,0.1678,True
2022-01-31,1,2022,体育赛事,2022世界田径锦标赛,52878,19767,630.53,12463686.51,4570776.15,79348.27,2137452.42,1,0.3738,630.53,0.3667,0.1715,False
2022-02-05,1,2022,体育赛事,2022世界田径锦标赛,50396,20905,314.07,6565633.35,1959055.27,53388.97,1845199.88,2,0.4148,314.07,0.2984,0.281,True
2022-02-10,1,2022,体育赛事,2022全国运动会田径项目,62476,29557,319.52,9444052.64,3074814.05,68418.89,2578265.78,2,0.4731,319.52,0.3256,0.273,False
2022-02-13,1,2022,展览,国际文创博览会,20306,8201,168.96,1385640.96,216298.37,20140.88,218691.3,2,0.4039,168.96,0.1561,0.1578,True
2022-02-22,1,2022,商业活动,2022明星代言签约仪式,4167,1988,1293.21,2570901.48,1259796.36,8990.22,1082264.25,2,0.4771,1293.21,0.49,0.421,False
2022-02-24,1,2022,展览,2022中国品牌日展览,22693,7130,214.07,1526319.1,151512.16,12988.58,278266.72,2,0.3142,214.07,0.0993,0.1823,False
2022-03-01,1,2022,体育赛事,2022意大利超级杯,68764,23164,629.98,14592856.72,4523604.71,91325.43,3370953.32,3,0.3369,629.98,0.31,0.231,False
2022-03-06,1,2022,演唱会,2022Ed Sheeran中国巡演,64635,31663,1090.13,34516786.19,20697068.51,712620.64,3682263.81,3,0.4899,1090.13,0.5996,0.1067,True
2022-03-22,1,2022,商业活动,品牌周年庆典,22067,9342,1903.2,17779694.4,8053168.63,110761.65,5997045.94,3,0.4233,1903.2,0.4529,0.3373,False
2022-03-22,1,2022,演唱会,2022Taylor Swift世界巡演北京站,69360,36386,1187.66,43214196.76,16742016.31,606873.05,4366631.31,3,0.5246,1187.66,0.3874,0.101,False
2022-03-24,1,2022,演唱会,Ed Sheeran中国巡演,55532,27754,1156.73,32103884.42,7845365.75,727924.17,5412338.46,3,0.4998,1156.73,0.2444,0.1686,False
2022-04-02,2,2022,演唱会,2022蔡依林Ugly Beauty巡演,66204,31844,860.94,27415773.36,15491939.81,538170.31,4278637.02,4,0.481,860.94,0.5651,0.1561,True
2022-04-05,2,2022,演唱会,2022邓紫棋启示录巡演,62809,30374,1400.87,42550025.38,26593607.26,829469.26,7377720.98,4,0.4836,1400.87,0.625,0.1734,False
2022-04-10,2,2022,演唱会,刘德华My Love巡演,66684,29025,2008.11,58285392.75,17275468.08,1344165.03,7335027.89,4,0.4353,2008.11,0.2964,0.1258,True
2022-04-14,2,2022,演唱会,BTS巡演北京站,79190,36259,730.54,26488649.86,9521825.69,618609.21,3333329.33,4,0.4579,730.54,0.3595,0.1258,False
2022-04-16,2,2022,体育赛事,世界田径锦标赛,62459,20969,293.22,6148530.18,1349641.74,38510.59,1614066.71,4,0.3357,293.22,0.2195,0.2625,True
2022-04-21,2,2022,体育赛事,2022全国运动会田径项目,83150,34753,524.5,18227948.5,3080471.32,139813.53,3111300.25,4,0.418,524.5,0.169,0.1707,False
2022-04-22,2,2022,文化活动,国庆文艺汇演,34675,15317,246.42,3774415.14,454289.28,54340.76,719726.98,4,0.4417,246.42,0.1204,0.1907,False
2022-04-23,2,2022,展览,国际消费电子展,33429,9724,259.77,2526003.48,291350.96,27550.27,438966.9,4,0.2909,259.77,0.1153,0.1738,True
2022-04-27,2,2022,商业活动,2022国际商务大会,22835,8621,1481.71,12773821.91,4336119.88,49347.87,3837814.05,4,0.3775,1481.71,0.3395,0.3004,False
2022-04-28,2,2022,演唱会,刘德华My Love巡演,51422,22557,867.18,19560979.26,6987419.95,468944.1,1663498.94,4,0.4387,867.18,0.3572,0.085,False
2022-05-03,2,2022,演唱会,2022五月天人生无限公司,47509,21906,2057.0,45060642.0,16410295.46,931769.7,5233741.43,5,0.4611,2057.0,0.3642,0.1161,False
2022-05-07,2,2022,商业活动,2022世界500强企业峰会,24788,10453,2826.77,29548226.81,10546422.01,185780.25,12529293.28,5,0.4217,2826.77,0.3569,0.424,True
2022-05-07,2,2022,商业活动,2022品牌新品发布会,18320,7429,1149.3,8538149.7,6273849.04,47839.24,2260406.52,5,0.4055,1149.3,0.7348,0.2647,True
2022-05-09,2,2022,文化活动,2022鸟巢新年音乐会,62863,27541,199.05,5482036.05,566802.34,34337.52,1189294.32,5,0.4381,199.05,0.1034,0.2169,False
2022-05-09,2,2022,演唱会,林俊杰圣所演唱会,80512,35915,2165.98,77791171.7,36686778.56,1228459.42,9780639.52,5,0.4461,2165.98,0.4716,0.1257,False
2022-05-12,2,2022,演唱会,2022薛之谦天外来物巡演,76065,32873,1475.47,48503125.31,23265372.21,1025117.79,7497377.05,5,0.4322,1475.47,0.4797,0.1546,False
2022-05-14,2,2022,演唱会,2022邓紫棋启示录巡演,83907,39857,2108.65,84044463.05,40747089.75,1346856.1,6981233.08,5,0.475,2108.65,0.4848,0.0831,True
2022-05-18,2,2022,演唱会,BLACKPINK世界巡演北京站,70262,33352,2000.94,66735350.88,29224579.25,1458024.0,10951455.52,5,0.4747,2000.94,0.4379,0.1641,False
2022-05-19,2,2022,商业活动,2022科技产品首发仪式,24000,9902,2840.58,28127423.16,23213344.61,163047.53,10568257.58,5,0.4126,2840.58,0.8253,0.3757,False
2022-05-20,2,2022,文化活动,中秋赏月晚会,56068,24983,674.92,16861526.36,3548981.56,141369.81,1840725.59,5,0.4456,674.92,0.2105,0.1092,False
2022-05-21,2,2022,文化活动,中国传统文化周,68582,30759,354.48,10903450.32,1404449.2,135047.44,1891621.59,5,0.4485,354.48,0.1288,0.1735,True
2022-05-22,2,2022,体育赛事,2022国际马术大师赛,84418,30601,615.26,18827571.26,6506766.14,100038.54,4355297.08,5,0.3625,615.26,0.3456,0.2313,True
2022-05-22,2,2022,演唱会,2022华晨宇火星演唱会,79737,37642,1906.54,71765978.68,22438283.37,1472735.85,9092191.0,5,0.4721,1906.54,0.3127,0.1267,True
2022-05-22,2,2022,体育赛事,2022全国运动会田径项目,79107,27492,459.33,12627900.36,4376509.32,84016.0,2608281.13,5,0.3475,459.33,0.3466,0.2065,True
2022-05-25,2,2022,商业活动,企业年会盛典,20220,8170,3206.35,26195879.5,11965034.93,168415.3,8152992.26,5,0.4041,3206.35,0.4568,0.3112,False
2022-05-28,2,2022,体育赛事,2022国际足球友谊赛,83895,26564,820.66,21800012.24,5725022.26,244418.52,6460973.91,5,0.3166,820.66,0.2626,0.2964,True
2022-06-12,2,2022,商业活动,2022科技产品首发仪式,21405,8669,1544.63,13390397.47,7366429.73,79127.9,5246778.63,6,0.405,1544.63,0.5501,0.3918,True
2022-06-13,2,2022,演唱会,2022BLACKPINK世界巡演北京站,78687,34876,1182.4,41237382.4,16474539.61,982439.46,6066070.39,6,0.4432,1182.4,0.3995,0.1471,False
2022-06-13,2,2022,文化活动,鸟巢光影秀,53736,24113,685.5,16529461.5,5023350.98,179466.14,1947875.79,6,0.4487,685.5,0.3039,0.1178,False
2022-06-16,2,2022,演唱会,2022BTS巡演北京站,58383,28366,1481.15,42014300.9,17114529.18,1032745.39,3787605.44,6,0.4859,1481.15,0.4074,0.0902,False
2022-06-20,2,2022,展览,2022全球创新科技展,62151,20444,234.7,4798206.8,505852.53,83745.89,665473.25,6,0.3289,234.7,0.1054,0.1387,False
2022-06-21,2,2022,展览,2022北京国际科技博览会,51905,16872,433.77,7318567.44,655586.03,110238.76,1486139.31,6,0.3251,433.77,0.0896,0.2031,False
2022-06-22,2,2022,文化活动,2022非遗文化展示周,61618,23030,682.79,15724653.7,2629780.75,142287.68,2349447.96,6,0.3738,682.79,0.1672,0.1494,False
2022-06-22,2,2022,演唱会,2022陈奕迅Fear and Dreams,91900,39143,1551.91,60746413.13,24850990.17,977363.77,8706948.21,6,0.4259,1551.91,0.4091,0.1433,False
2022-06-22,2,2022,文化活动,2022鸟巢新年音乐会,60354,22431,611.38,13713864.78,1934907.32,184147.53,1941419.26,6,0.3717,611.38,0.1411,0.1416,False
2022-06-24,2,2022,展览,中国品牌日展览,48799,14712,357.73,5262923.76,680469.01,84633.62,948864.99,6,0.3015,357.73,0.1293,0.1803,False
2022-06-26,2,2022,演唱会,李荣浩纵横四海巡演,98631,46636,2448.02,114165860.72,47290062.2,1514371.07,12028652.72,6,0.4728,2448.02,0.4142,0.1054,True
2022-06-26,2,2022,文化活动,2022国潮音乐节,60443,24411,493.2,12039505.2,2131961.95,136281.89,1628022.28,6,0.4039,493.2,0.1771,0.1352,True
2022-07-01,3,2022,演唱会,2022BLACKPINK世界巡演北京站,62146,39327,2826.98,111176642.46,31945887.0,2754612.68,13047118.8,7,0.6328,2826.98,0.2873,0.1174,False
2022-07-02,3,2022,展览,2022当代艺术大展,39282,18922,454.39,8597967.58,1862653.14,152209.28,1417009.61,7,0.4817,454.39,0.2166,0.1648,True
2022-07-04,3,2022,演唱会,2022周杰伦巡回演唱会,86279,49963,3256.06,162682525.78,73285809.06,2327395.01,13233495.59,7,0.5791,3256.06,0.4505,0.0813,False
2022-07-06,3,2022,商业活动,2022世界500强企业峰会,37828,18726,2928.44,54837967.44,34991531.71,263557.51,16566413.74,7,0.495,2928.44,0.6381,0.3021,False
2022-07-07,3,2022,演唱会,2022林俊杰圣所演唱会,114869,67286,1424.48,95847561.28,24306111.31,1621757.57,16726525.93,7,0.5858,1424.48,0.2536,0.1745,False
2022-07-11,3,2022,体育赛事,2022法国超级杯北京站,117077,58231,1201.82,69983180.42,9454607.98,679249.79,14120759.63,7,0.4974,1201.82,0.1351,0.2018,False
2022-07-11,3,2022,演唱会,孙燕姿克卜勒巡演,113206,67091,1385.57,92959276.87,36494536.97,1455738.23,15882962.44,7,0.5926,1385.57,0.3926,0.1709,False
2022-07-14,3,2022,体育赛事,2022NBA中国赛北京站,134645,59196,597.32,35358954.72,10610067.26,256581.75,8762026.5,7,0.4396,597.32,0.3001,0.2478,False
2022-07-15,3,2022,体育赛事,2022中国足协杯决赛,128411,60904,1089.8,66373179.2,22521456.89,522587.8,10732729.24,7,0.4743,1089.8,0.3393,0.1617,False
2022-07-15,3,2022,商业活动,行业峰会论坛,24151,14429,2267.3,32714871.7,29685993.26,172473.39,12045321.76,7,0.5974,2267.3,0.9074,0.3682,False
2022-07-16,3,2022,商业活动,2022金融峰会,15487,7865,3336.01,26237718.65,13085321.47,187164.97,11059228.53,7,0.5078,3336.01,0.4987,0.4215,True
2022-07-16,3,2022,商业活动,2022国际商务大会,12519,6138,3681.03,22594162.14,11250428.1,144014.79,9053253.52,7,0.4903,3681.03,0.4979,0.4007,True
2022-07-18,3,2022,展览,2022当代艺术大展,46000,24121,511.93,12348263.53,1895455.62,199603.26,2684680.1,7,0.5244,511.93,0.1535,0.2174,False
2022-07-21,3,2022,演唱会,2022张学友经典世界巡演,116072,68882,3121.94,215045471.08,88980014.22,3421980.87,17228661.76,7,0.5934,3121.94,0.4138,0.0801,False
2022-07-23,3,2022,体育赛事,2022世界田径锦标赛,93507,39689,773.03,30680787.67,4875134.16,246324.41,6158166.88,7,0.4244,773.03,0.1589,0.2007,True
2022-07-26,3,2022,展览,2022国际航空航天展,33572,17930,363.95,6525623.5,1355206.89,56749.19,1252091.1,7,0.5341,363.95,0.2077,0.1919,False
2022-07-27,3,2022,体育赛事,2022国际足球友谊赛,104385,53341,634.73,33857132.93,6207942.74,178125.89,6706694.99,7,0.511,634.73,0.1834,0.1981,False
2022-07-30,3,2022,商业活动,2022国际商务大会,10676,6084,3767.77,22923112.68,18883769.36,70774.6,10194884.28,7,0.5699,3767.77,0.8238,0.4447,True
2022-07-30,3,2022,体育赛事,2022亚洲田径锦标赛,93289,45126,1099.02,49594376.52,13724537.73,427341.59,14817866.42,7,0.4837,1099.02,0.2767,0.2988,True
2022-08-06,3,2022,文化活动,国潮音乐节,70641,32063,882.73,28302971.99,2494704.36,284736.8,3358204.13,8,0.4539,882.73,0.0881,0.1187,True
2022-08-06,3,2022,展览,2022国际文创博览会,73596,30599,254.99,7802439.01,914534.45,120507.76,1043448.03,8,0.4158,254.99,0.1172,0.1337,True
2022-08-07,3,2022,体育赛事,2022全国田径锦标赛,88801,38753,924.52,35827923.56,5632981.77,288538.43,9955807.9,8,0.4364,924.52,0.1572,0.2779,True
2022-08-07,3,2022,文化活动,2022非遗文化展示周,85822,45368,572.64,25979531.52,4237867.55,198027.52,4552490.54,8,0.5286,572.64,0.1631,0.1752,True
2022-08-07,3,2022,文化活动,中国传统文化周,46558,21221,426.16,9043541.36,1344670.91,105612.23,1133613.04,8,0.4558,426.16,0.1487,0.1254,True
2022-08-10,3,2022,体育赛事,世界斯诺克中国公开赛,114680,52736,559.42,29501573.12,4556470.3,343784.65,6996952.62,8,0.4599,559.42,0.1544,0.2372,False
2022-08-11,3,2022,商业活动,2022明星代言签约仪式,11564,6611,3820.4,25256664.4,12364681.76,104601.79,8139019.35,8,0.5717,3820.4,0.4896,0.3223,False
2022-08-13,3,2022,展览,国际汽车展览会,44920,23264,394.63,9180672.32,1215688.04,118733.05,1696457.38,8,0.5179,394.63,0.1324,0.1848,True
2022-08-14,3,2022,演唱会,2022Taylor Swift世界巡演北京站,114520,68784,2073.0,142589232.0,65132798.4,2026757.81,21194618.6,8,0.6006,2073.0,0.4568,0.1486,True
2022-08-14,3,2022,体育赛事,世界田径锦标赛,123001,51696,1152.05,59556376.8,13850610.53,363534.64,14540314.5,8,0.4203,1152.05,0.2326,0.2441,True
2022-08-15,3,2022,文化活动,2022鸟巢新年音乐会,84786,42886,843.14,36158902.04,8754957.82,461895.47,4358485.5,8,0.5058,843.14,0.2421,0.1205,False
2022-08-15,3,2022,展览,2022国际航空航天展,33215,17606,230.95,4066105.7,374302.62,55998.5,775851.4,8,0.5301,230.95,0.0921,0.1908,False
2022-08-17,3,2022,展览,2022国际消费电子展,58873,28890,322.67,9321936.3,1157318.53,153956.54,1185947.37,8,0.4907,322.67,0.1242,0.1272,False
2022-08-19,3,2022,演唱会,2022毛不易小王巡演,88635,50435,2572.57,129747567.95,67061066.83,2103292.2,22404712.65,8,0.569,2572.57,0.5169,0.1727,False
2022-08-20,3,2022,体育赛事,2022国际马术大师赛,105610,54821,1060.18,58120127.78,20189440.27,303694.57,9134163.26,8,0.5191,1060.18,0.3474,0.1572,True
2022-08-21,3,2022,演唱会,2022刘德华My Love巡演,109691,69103,2070.92,143106784.76,70460475.4,2717471.88,18845138.96,8,0.63,2070.92,0.4924,0.1317,True
2022-08-21,3,2022,商业活动,国际商务大会,9600,5722,2292.01,13114881.22,5599343.86,96848.22,5393932.08,8,0.596,2292.01,0.4269,0.4113,True
2022-08-24,3,2022,演唱会,2022华晨宇火星演唱会,112062,66831,2082.82,139196943.42,51011430.21,1990866.43,18490152.11,8,0.5964,2082.82,0.3665,0.1328,False
2022-08-25,3,2022,体育赛事,2022中超联赛北京德比,114913,53631,579.38,31072728.78,6887533.34,366465.42,9222764.59,8,0.4667,579.38,0.2217,0.2968,False
2022-08-29,3,2022,体育赛事,中国足协杯决赛,111291,54846,910.03,49911505.38,11487898.52,556389.21,14640075.13,8,0.4928,910.03,0.2302,0.2933,False
2022-08-30,3,2022,商业活动,科技产品首发仪式,25059,13131,1751.11,22993825.41,8001388.68,127233.71,8437170.82,8,0.524,1751.11,0.348,0.3669,False
2022-09-01,3,2022,体育赛事,2022世界斯诺克中国公开赛,110841,59903,389.3,23320237.9,7308278.52,264475.38,4802565.59,9,0.5404,389.3,0.3134,0.2059,False
2022-09-07,3,2022,体育赛事,2022世界斯诺克中国公开赛,110833,53108,394.76,20964914.08,4012568.24,114768.25,5999611.68,9,0.4792,394.76,0.1914,0.2862,False
2022-09-09,3,2022,文化活动,2022世界文化遗产日庆典,38784,21776,764.51,16647969.76,5009630.36,211507.24,2930239.85,9,0.5615,764.51,0.3009,0.176,False
2022-09-09,3,2022,文化活动,2022冰雪文化节,60163,34691,392.66,13621768.06,2792259.45,183719.78,2050932.23,9,0.5766,392.66,0.205,0.1506,False
2022-09-09,3,2022,商业活动,行业峰会论坛,26688,13997,1950.29,27298209.13,12171980.98,140777.64,8892399.53,9,0.5245,1950.29,0.4459,0.3258,False
2022-09-10,3,2022,演唱会,BLACKPINK世界巡演北京站,62872,37748,2302.57,86917412.36,45324091.01,1958625.01,8311391.91,9,0.6004,2302.57,0.5215,0.0956,True
2022-09-10,3,2022,体育赛事,中国足协杯决赛,93701,52378,876.97,45933934.66,12404871.77,367064.61,13592149.65,9,0.559,876.97,0.2701,0.2959,True
2022-09-11,3,2022,演唱会,2022陈奕迅Fear and Dreams,91761,55529,1459.07,81020698.03,36662506.92,1611082.93,11498945.32,9,0.6051,1459.07,0.4525,0.1419,True
2022-09-12,3,2022,体育赛事,2022国际马术大师赛,88007,46811,1038.28,48602925.08,7880412.52,548401.29,7567108.95,9,0.5319,1038.28,0.1621,0.1557,False
2022-09-13,3,2022,演唱会,张杰未LIVE巡演,93529,57727,1182.57,68266218.39,34458116.28,1608671.48,8658251.77,9,0.6172,1182.57,0.5048,0.1268,False
2022-09-13,3,2022,商业活动,2022企业年会盛典,10332,5395,794.61,4286920.95,3519646.62,19611.38,1212181.48,9,0.5222,794.61,0.821,0.2828,False
2022-09-13,3,2022,演唱会,2022林俊杰圣所演唱会,67833,38592,1642.28,63378869.76,21786166.06,1562071.57,7879775.58,9,0.5689,1642.28,0.3437,0.1243,False
2022-09-14,3,2022,展览,2022数字艺术沉浸展,59698,22259,223.03,4964424.77,772119.21,71668.49,1223178.55,9,0.3729,223.03,0.1555,0.2464,False
2022-09-15,3,2022,演唱会,2022邓紫棋启示录巡演,53486,31798,2102.5,66855295.0,27454776.86,996448.43,7418732.86,9,0.5945,2102.5,0.4107,0.111,False
2022-09-16,3,2022,文化活动,2022中秋赏月晚会,39805,17516,522.9,9159116.4,1331634.9,123031.65,1459659.25,9,0.44,522.9,0.1454,0.1594,False
2022-09-19,3,2022,演唱会,2022林俊杰圣所演唱会,64161,35489,1365.58,48463068.62,20677910.03,1190862.4,4218419.28,9,0.5531,1365.58,0.4267,0.087,False
2022-09-25,3,2022,展览,2022数字艺术沉浸展,46748,19880,98.74,1962951.2,160798.33,25974.91,445062.8,9,0.4253,98.74,0.0819,0.2267,True
2022-09-27,3,2022,演唱会,邓紫棋启示录巡演,64005,40602,1407.37,57142036.74,19357763.82,1230956.92,6202526.49,9,0.6344,1407.37,0.3388,0.1085,False
2022-10-01,4,2022,展览,2022国际航空航天展,26967,14439,342.05,4938859.95,660541.31,78262.32,606621.92,10,0.5354,342.05,0.1337,0.1228,True
2022-10-04,4,2022,体育赛事,全国田径锦标赛,87381,41099,645.83,26542967.17,8529986.5,230480.01,4527152.67,10,0.4703,645.83,0.3214,0.1706,False
2022-10-04,4,2022,文化活动,世界文化遗产日庆典,50939,25640,429.21,11004944.4,3322982.56,73696.87,1396584.42,10,0.5033,429.21,0.302,0.1269,False
2022-10-05,4,2022,展览,2022未来生活体验展,51755,30055,346.76,10421871.8,1284740.74,147511.77,1686320.47,10,0.5807,346.76,0.1233,0.1618,False
2022-10-05,4,2022,文化活动,2022国庆文艺汇演,62386,36727,343.78,12626008.06,1723216.95,183129.87,2200637.07,10,0.5887,343.78,0.1365,0.1743,False
2022-10-06,4,2022,文化活动,国庆文艺汇演,51529,34400,232.69,8004536.0,2272043.68,69681.04,1627912.51,10,0.6676,232.69,0.2838,0.2034,False
2022-10-07,4,2022,体育赛事,中超联赛北京德比,64992,31381,467.31,14664655.11,3019752.32,120121.5,2285072.91,10,0.4828,467.31,0.2059,0.1558,False
2022-10-07,4,2022,演唱会,2022林俊杰圣所演唱会,74168,51842,1375.5,71308671.0,38809066.96,1224984.5,6299902.13,10,0.699,1375.5,0.5442,0.0883,False
2022-10-09,4,2022,演唱会,2022薛之谦天外来物巡演,49609,35440,1812.98,64252011.2,20830966.39,1241745.33,10616835.9,10,0.7144,1812.98,0.3242,0.1652,True
2022-10-14,4,2022,演唱会,2022陈奕迅Fear and Dreams,80979,52510,1396.46,73328114.6,29716826.5,1158198.99,8097437.81,10,0.6484,1396.46,0.4053,0.1104,False
2022-10-14,4,2022,演唱会,2022薛之谦天外来物巡演,66740,44542,1299.53,57883665.26,24335483.98,865990.87,5220165.08,10,0.6674,1299.53,0.4204,0.0902,False
2022-10-15,4,2022,演唱会,2022陈奕迅Fear and Dreams,67504,49057,2116.96,103851706.72,58929546.47,2558374.72,16953562.65,10,0.7267,2116.96,0.5674,0.1632,True
2022-10-22,4,2022,体育赛事,2022中超联赛北京德比,79505,39536,712.23,28158725.28,3755014.82,324848.48,5516358.66,10,0.4973,712.23,0.1334,0.1959,True
2022-11-04,4,2022,演唱会,2022刘德华My Love巡演,38876,26769,1261.01,33755976.69,15154075.29,770397.71,5234842.01,11,0.6886,1261.01,0.4489,0.1551,False
2022-11-04,4,2022,演唱会,毛不易小王巡演,62004,40968,589.13,24135477.84,11534018.56,364570.7,2565094.38,11,0.6607,589.13,0.4779,0.1063,False
2022-11-07,4,2022,文化活动,2022中国传统文化周,51271,30046,194.52,5844547.92,1287100.2,73398.07,1118327.25,11,0.586,194.52,0.2202,0.1913,False
2022-11-08,4,2022,演唱会,2022五月天人生无限公司,69151,44616,1288.59,57491731.44,17282940.45,1067939.89,8083851.07,11,0.6452,1288.59,0.3006,0.1406,False
2022-11-10,4,2022,商业活动,2022科技产品首发仪式,11976,7337,1650.9,12112653.3,6703324.62,95048.0,4990126.3,11,0.6126,1650.9,0.5534,0.412,False
2022-11-11,4,2022,体育赛事,2022世界斯诺克中国公开赛,71118,45719,571.74,26139381.06,3653147.18,311717.69,4691405.76,11,0.6429,571.74,0.1398,0.1795,False
2022-11-12,4,2022,文化活动,春节文化庙会,39208,22905,477.01,10925914.05,1159350.93,102888.09,1565113.24,11,0.5842,477.01,0.1061,0.1432,True
2022-11-14,4,2022,体育赛事,2022国际马术大师赛,66707,45820,395.9,18140138.0,4156529.65,149950.8,3265358.8,11,0.6869,395.9,0.2291,0.18,False
2022-11-18,4,2022,体育赛事,2022北京马拉松起点仪式,54802,25842,670.73,17333004.66,2144364.42,183224.22,2602930.11,11,0.4716,670.73,0.1237,0.1502,False
2022-11-20,4,2022,展览,2022数字艺术沉浸展,32764,17521,220.32,3860226.72,389214.35,36480.81,470562.39,11,0.5348,220.32,0.1008,0.1219,True
2022-11-23,4,2022,文化活动,2022鸟巢新年音乐会,34904,21813,418.42,9126995.46,1514574.79,71243.44,1996534.35,11,0.6249,418.42,0.1659,0.2188,False
2022-11-23,4,2022,演唱会,周杰伦巡回演唱会,36021,25492,1396.57,35601362.44,13409094.64,745346.32,4971291.01,11,0.7077,1396.57,0.3766,0.1396,False
2022-11-26,4,2022,文化活动,2022央视春晚分会场,46864,24209,270.82,6556281.38,996221.03,52779.98,1289246.32,11,0.5166,270.82,0.1519,0.1966,True
2022-11-27,4,2022,演唱会,王力宏龙的传人巡演,38062,24431,798.61,19510840.91,6352530.19,297188.81,2280310.85,11,0.6419,798.61,0.3256,0.1169,True
2022-11-28,4,2022,展览,2022北京国际科技博览会,27236,14176,318.87,4520301.12,529059.6,70296.01,672303.3,11,0.5205,318.87,0.117,0.1487,False
2022-12-01,4,2022,体育赛事,中国足协杯决赛,68857,45286,649.77,29425484.22,8491081.39,349358.66,6089281.65,12,0.6577,649.77,0.2886,0.2069,False
2022-12-04,4,2022,演唱会,2022BLACKPINK世界巡演北京站,55235,36784,1146.58,42175798.72,12740088.42,639794.64,4846408.32,12,0.666,1146.58,0.3021,0.1149,True
2022-12-04,4,2022,演唱会,李荣浩纵横四海巡演,45835,31217,1752.8,54717157.6,21687301.56,754352.7,4735668.12,12,0.6811,1752.8,0.3964,0.0865,True
2022-12-05,4,2022,体育赛事,全国田径锦标赛,50234,34539,360.09,12437148.51,5330207.92,114407.94,1927502.4,12,0.6876,360.09,0.4286,0.155,False
2022-12-11,4,2022,文化活动,2022春节文化庙会,38698,21177,459.18,9724054.86,2127622.19,95043.2,1057109.37,12,0.5472,459.18,0.2188,0.1087,True
2022-12-15,4,2022,商业活动,2022电商购物节开幕式,5202,3229,695.8,2246738.2,1129009.66,7497.63,770507.07,12,0.6207,695.8,0.5025,0.3429,False
2022-12-19,4,2022,展览,2022中国品牌日展览,38464,20382,97.16,1980315.12,173758.26,27529.68,323205.77,12,0.5299,97.16,0.0877,0.1632,False
2022-12-20,4,2022,展览,国际设计周,38024,18264,174.06,3179031.84,548171.81,55048.35,765685.31,12,0.4803,174.06,0.1724,0.2409,False
2022-12-22,4,2022,演唱会,2022薛之谦天外来物巡演,52434,36672,1182.75,43373808.0,25389568.9,999620.08,6992430.84,12,0.6994,1182.75,0.5854,0.1612,False
2022-12-24,4,2022,体育赛事,世界斯诺克中国公开赛,71392,34525,418.99,14465629.75,2312031.19,140146.21,4212149.02,12,0.4836,418.99,0.1598,0.2912,True
2022-12-25,4,2022,商业活动,2022企业年会盛典,15688,8937,1075.8,9614424.6,8020562.85,37987.59,3810171.73,12,0.5697,1075.8,0.8342,0.3963,True
2022-12-26,4,2022,演唱会,2022Ed Sheeran中国巡演,63790,46235,716.71,33137086.85,20325273.1,553264.95,4369609.66,12,0.7248,716.71,0.6134,0.1319,False
2022-12-26,4,2022,展览,2022国际设计周,27812,15940,255.81,4077611.4,683262.01,54890.95,707525.13,12,0.5731,255.81,0.1676,0.1735,False
2022-12-26,4,2022,演唱会,2022薛之谦天外来物巡演,47930,30616,1490.21,45624269.36,15723375.43,868364.66,6058078.04,12,0.6388,1490.21,0.3446,0.1328,False
2022-12-27,4,2022,商业活动,2022行业峰会论坛,14075,9313,2211.36,20594395.68,18201953.51,157257.13,9226021.34,12,0.6617,2211.36,0.8838,0.448,False
2022-12-31,4,2022,演唱会,2022周杰伦巡回演唱会,49598,33402,676.63,22600795.26,9320887.11,349164.5,3282356.89,12,0.6735,676.63,0.4124,0.1452,True
2023-01-01,1,2023,文化活动,2023鸟巢新年音乐会,29907,20627,436.27,8998941.29,1686165.01,63408.45,1805258.63,1,0.6897,436.27,0.1874,0.2006,True
2023-01-02,1,2023,文化活动,鸟巢新年音乐会,45206,32154,419.23,13479921.42,3180266.06,151231.84,2371246.56,1,0.7113,419.23,0.2359,0.1759,False
2023-01-04,1,2023,演唱会,2023张学友经典世界巡演,38909,34190,1226.21,41924119.9,17258962.15,1011185.22,7241919.47,1,0.8787,1226.21,0.4117,0.1727,False
2023-01-07,1,2023,体育赛事,2023亚洲田径锦标赛,61983,43754,447.68,19587790.72,3188361.92,110385.64,3082399.63,1,0.7059,447.68,0.1628,0.1574,True
2023-01-07,1,2023,展览,国际消费电子展,28061,18337,85.11,1560662.07,383204.05,13710.3,333314.26,1,0.6535,85.11,0.2455,0.2136,True
2023-01-09,1,2023,演唱会,2023薛之谦天外来物巡演,37516,35348,590.64,20877942.72,8021638.07,498669.83,2694939.98,1,0.9422,590.64,0.3842,0.1291,False
2023-01-11,1,2023,体育赛事,意大利超级杯,65769,53787,462.65,24884555.55,8373859.6,277197.24,5155067.66,1,0.8178,462.65,0.3365,0.2072,False
2023-01-11,1,2023,文化活动,鸟巢光影秀,40841,29413,331.09,9738350.17,2615462.42,68851.37,1664694.75,1,0.7202,331.09,0.2686,0.1709,False
2023-01-11,1,2023,商业活动,2023互联网大会开幕式,14983,13556,920.24,12474773.44,7702076.45,59868.44,3275913.9,1,0.9048,920.24,0.6174,0.2626,False
2023-01-12,1,2023,展览,2023当代艺术大展,19320,13614,97.24,1323825.36,208633.56,15117.81,185153.32,1,0.7047,97.24,0.1576,0.1399,False
2023-01-14,1,2023,演唱会,2023邓紫棋启示录巡演,58671,53961,854.91,46131798.51,15371449.37,749494.81,4811129.88,1,0.9197,854.91,0.3332,0.1043,True
2023-01-15,1,2023,演唱会,邓紫棋启示录巡演,42165,38659,1508.5,58317101.5,20777556.24,820121.29,7069981.75,1,0.9169,1508.5,0.3563,0.1212,True
2023-01-15,1,2023,演唱会,2023孙燕姿克卜勒巡演,42251,38709,1342.38,51962187.42,25564281.13,1048685.97,8251440.87,1,0.9162,1342.38,0.492,0.1588,True
2023-01-16,1,2023,演唱会,李荣浩纵横四海巡演,62503,55270,666.34,36828611.8,15508803.9,582662.36,5062841.06,1,0.8843,666.34,0.4211,0.1375,False
2023-01-20,1,2023,演唱会,2023Taylor Swift世界巡演北京站,54742,52439,1496.19,78458707.41,38114336.67,1443729.39,13742276.7,1,0.9579,1496.19,0.4858,0.1752,False
2023-01-22,1,2023,演唱会,2023张学友经典世界巡演,38726,35715,1457.23,52044969.45,18670004.76,854113.31,6920775.93,1,0.9222,1457.23,0.3587,0.133,True
2023-01-23,1,2023,商业活动,行业峰会论坛,8412,6497,1587.72,10315416.84,4297520.42,77274.78,3542568.09,1,0.7723,1587.72,0.4166,0.3434,False
2023-01-25,1,2023,体育赛事,2023国际田联钻石联赛,53409,41497,294.4,12216716.8,2612721.77,103099.02,3033133.12,1,0.777,294.4,0.2139,0.2483,False
2023-01-25,1,2023,文化活动,中国传统文化周,42076,35858,484.25,17364236.5,5458906.86,167986.25,2426476.51,1,0.8522,484.25,0.3144,0.1397,False
2023-01-28,1,2023,体育赛事,2023世界斯诺克中国公开赛,57690,36731,541.16,19877347.96,3009623.38,149244.31,4929453.82,1,0.6367,541.16,0.1514,0.248,True
2023-01-28,1,2023,演唱会,华晨宇火星演唱会,60399,54721,755.59,41346640.39,14442197.88,606897.81,5564146.93,1,0.906,755.59,0.3493,0.1346,True
2023-01-31,1,2023,演唱会,2023五月天人生无限公司,59087,55055,783.7,43146603.5,20041217.39,1035377.16,4473936.55,1,0.9318,783.7,0.4645,0.1037,False
2023-01-31,1,2023,体育赛事,2023全国运动会田径项目,57106,44272,645.79,28590414.88,4408398.96,173384.23,7686029.44,1,0.7753,645.79,0.1542,0.2688,False
2023-02-07,1,2023,展览,国际消费电子展,24464,13609,89.38,1216372.42,250911.35,19337.04,291686.5,2,0.5563,89.38,0.2063,0.2398,False
2023-02-07,1,2023,演唱会,2023Taylor Swift世界巡演北京站,55615,52879,826.73,43716655.67,14055754.99,670554.44,5819353.84,2,0.9508,826.73,0.3215,0.1331,False
2023-02-08,1,2023,商业活动,2023企业年会盛典,16609,14409,1436.26,20695070.34,18306761.81,71209.67,6568033.31,2,0.8675,1436.26,0.8846,0.3174,False
2023-02-10,1,2023,演唱会,邓紫棋启示录巡演,36062,30819,774.73,23876403.87,10288302.75,446949.91,4100284.32,2,0.8546,774.73,0.4309,0.1717,False
2023-02-10,1,2023,演唱会,2023孙燕姿克卜勒巡演,45324,42406,873.42,37038248.52,14138800.98,468009.89,4427985.36,2,0.9356,873.42,0.3817,0.1196,False
2023-02-11,1,2023,文化活动,中秋赏月晚会,23260,19044,397.19,7564086.36,1968980.94,52506.7,1385847.28,2,0.8187,397.19,0.2603,0.1832,True
2023-02-11,1,2023,演唱会,2023张杰未LIVE巡演,40488,36028,915.55,32985435.4,13304202.92,508848.78,5148905.47,2,0.8898,915.55,0.4033,0.1561,True
2023-02-12,1,2023,体育赛事,2023意大利超级杯,50767,45475,246.17,11194580.75,1694713.3,77234.34,2045607.7,2,0.8958,246.17,0.1514,0.1827,True
2023-02-18,1,2023,体育赛事,2023国际足球友谊赛,45010,37575,425.44,15985908.0,2970279.08,100407.23,3449928.1,2,0.8348,425.44,0.1858,0.2158,True
2023-02-19,1,2023,演唱会,邓紫棋启示录巡演,43383,37736,661.73,24971043.28,6299965.05,328802.83,2981445.87,2,0.8698,661.73,0.2523,0.1194,True
2023-02-22,1,2023,文化活动,2023央视春晚分会场,40219,33100,416.49,13785819.0,2837676.15,141265.8,2564258.48,2,0.823,416.49,0.2058,0.186,False
2023-02-23,1,2023,体育赛事,全国田径锦标赛,52526,39829,463.66,18467114.14,4638690.06,95446.71,3472612.01,2,0.7583,463.66,0.2512,0.188,False
2023-02-25,1,2023,商业活动,2023电商购物节开幕式,7548,6740,2039.4,13745556.0,11963535.64,72372.0,5557715.19,2,0.893,2039.4,0.8704,0.4043,True
2023-02-26,1,2023,文化活动,2023国潮音乐节,36838,24275,297.1,7212102.5,1834312.52,79123.33,895949.5,2,0.659,297.1,0.2543,0.1242,True
2023-02-26,1,2023,展览,2023未来生活体验展,36163,29827,74.35,2217637.45,324476.14,35582.73,528804.22,2,0.8248,74.35,0.1463,0.2385,True
2023-03-02,1,2023,演唱会,2023华晨宇火星演唱会,52375,45078,1794.12,80875341.36,51210564.43,1585753.62,12545315.31,3,0.8607,1794.12,0.6332,0.1551,False
2023-03-02,1,2023,演唱会,2023Taylor Swift世界巡演北京站,64148,62685,1534.75,96205803.75,41305546.63,2281071.46,8935225.08,3,0.9772,1534.75,0.4293,0.0929,False
2023-03-04,1,2023,体育赛事,2023国际田联钻石联赛,73628,65659,683.2,44858228.8,9849983.3,299583.8,9234694.98,3,0.8918,683.2,0.2196,0.2059,True
2023-03-04,1,2023,演唱会,2023Taylor Swift世界巡演北京站,50377,48355,1923.23,92997786.65,46621616.66,1703244.66,10261390.3,3,0.9599,1923.23,0.5013,0.1103,True
2023-03-08,1,2023,商业活动,2023企业年会盛典,6567,5336,1361.0,7262296.0,3160710.22,24881.14,1883140.22,3,0.8125,1361.0,0.4352,0.2593,False
2023-03-13,1,2023,展览,2023国际设计周,18173,15337,177.99,2729832.63,320998.1,38515.72,615251.27,3,0.8439,177.99,0.1176,0.2254,False
2023-03-13,1,2023,文化活动,2023鸟巢新年音乐会,40257,31245,320.29,10007461.05,2867299.15,139563.73,1274188.43,3,0.7761,320.29,0.2865,0.1273,False
2023-03-14,1,2023,体育赛事,2023世界田径锦标赛,68412,54647,532.23,29084772.81,7540762.38,173416.6,4439586.99,3,0.7988,532.23,0.2593,0.1526,False
2023-03-16,1,2023,演唱会,2023Ed Sheeran中国巡演,36776,32769,1643.85,53867320.65,27106228.04,1214898.77,8528466.61,3,0.891,1643.85,0.5032,0.1583,False
2023-03-17,1,2023,商业活动,2023互联网大会开幕式,15243,11863,587.04,6964055.52,4455874.1,40661.77,2339444.81,3,0.7783,587.04,0.6398,0.3359,False
2023-03-18,1,2023,展览,未来生活体验展,19184,11751,146.13,1717173.63,110781.28,26712.49,242732.72,3,0.6125,146.13,0.0645,0.1414,True
2023-03-18,1,2023,商业活动,2023世界500强企业峰会,8628,6885,1706.78,11751180.3,8734437.55,79779.54,4514069.64,3,0.798,1706.78,0.7433,0.3841,True
2023-03-18,1,2023,体育赛事,世界田径锦标赛,67367,54624,434.42,23729758.08,5061897.91,178963.27,4251142.17,3,0.8108,434.42,0.2133,0.1791,True
2023-03-22,1,2023,演唱会,2023BLACKPINK世界巡演北京站,58573,50184,732.25,36747234.0,15355180.53,761672.5,5996123.78,3,0.8568,732.25,0.4179,0.1632,False
2023-03-23,1,2023,体育赛事,2023中超联赛北京德比,58586,41705,365.39,15238589.95,5972634.98,78912.12,3863028.58,3,0.7119,365.39,0.3919,0.2535,False
2023-03-27,1,2023,商业活动,电商购物节开幕式,18642,17435,2237.54,39011509.9,26185112.12,129613.86,11323475.78,3,0.9353,2237.54,0.6712,0.2903,False
2023-03-29,1,2023,文化活动,北京国际电影节开幕式,36958,31098,293.35,9122598.3,1427382.0,61322.28,1940668.9,3,0.8414,293.35,0.1565,0.2127,False
2023-03-29,1,2023,体育赛事,2023国际马术大师赛,57988,52420,701.38,36766339.6,5159951.64,315715.16,9777353.87,3,0.904,701.38,0.1403,0.2659,False
2023-03-29,1,2023,演唱会,2023张杰未LIVE巡演,41710,37330,656.73,24515730.9,14078725.22,378361.94,2176253.36,3,0.895,656.73,0.5743,0.0888,False
2023-03-31,1,2023,演唱会,2023孙燕姿克卜勒巡演,44379,37953,1340.53,50877135.09,14471941.19,947968.19,8668103.04,3,0.8552,1340.53,0.2844,0.1704,False
2023-04-02,2,2023,文化活动,2023国潮音乐节,37605,26048,614.39,16003630.72,3108044.32,168624.48,2997198.72,4,0.6927,614.39,0.1942,0.1873,True
2023-04-06,2,2023,演唱会,2023毛不易小王巡演,43430,42555,1734.12,73795476.6,20021811.76,1549837.2,11657922.0,4,0.9799,1734.12,0.2713,0.158,False
2023-04-10,2,2023,演唱会,2023毛不易小王巡演,71760,64806,2196.79,142365172.74,63988365.81,2084138.67,12968495.5,4,0.9031,2196.79,0.4495,0.0911,False
2023-04-11,2,2023,体育赛事,2023意大利超级杯,88952,74750,746.22,55779945.0,16475129.7,383405.52,15804847.94,4,0.8403,746.22,0.2954,0.2833,False
2023-04-11,2,2023,展览,中国品牌日展览,39939,23699,230.88,5471625.12,395563.81,44438.81,1104890.98,4,0.5934,230.88,0.0723,0.2019,False
2023-04-16,2,2023,体育赛事,意大利超级杯,80161,64404,360.73,23232454.92,4945983.98,267617.89,4248750.67,4,0.8034,360.73,0.2129,0.1829,True
2023-04-17,2,2023,演唱会,BTS巡演北京站,80694,74195,1253.53,93005658.35,44013836.6,1131982.66,14287878.91,4,0.9195,1253.53,0.4732,0.1536,False
2023-04-18,2,2023,商业活动,2023世界500强企业峰会,6859,5199,1146.64,5961381.36,3381517.03,34848.16,1936947.72,4,0.758,1146.64,0.5672,0.3249,False
2023-04-19,2,2023,演唱会,2023BLACKPINK世界巡演北京站,67843,60376,1243.81,75096272.56,27140898.58,1479525.2,6635714.38,4,0.8899,1243.81,0.3614,0.0884,False
2023-04-20,2,2023,展览,国际汽车展览会,46210,35242,368.37,12982095.54,1485477.45,181411.66,2716575.16,4,0.7626,368.37,0.1144,0.2093,False
2023-04-22,2,2023,体育赛事,2023世界斯诺克中国公开赛,72452,61901,377.74,23382483.74,5950065.35,133331.63,4781716.14,4,0.8544,377.74,0.2545,0.2045,True
2023-04-25,2,2023,展览,2023全球创新科技展,28038,21457,122.79,2634705.03,295658.64,26142.39,470281.0,4,0.7653,122.79,0.1122,0.1785,False
2023-04-27,2,2023,演唱会,薛之谦天外来物巡演,80233,75531,2120.0,160125720.0,64145515.08,3711586.68,18902268.37,4,0.9414,2120.0,0.4006,0.118,False
2023-04-28,2,2023,体育赛事,2023国际田联钻石联赛,65174,46878,425.08,19926900.24,5927415.16,160488.66,4284309.55,4,0.7193,425.08,0.2975,0.215,False
2023-04-29,2,2023,演唱会,2023BTS巡演北京站,57466,56247,2017.95,113503633.65,53748857.88,2043834.67,11178943.31,4,0.9788,2017.95,0.4735,0.0985,True
2023-04-29,2,2023,体育赛事,NBA中国赛北京站,83386,76651,678.87,52036064.37,8430733.99,451761.48,8313068.03,4,0.9192,678.87,0.162,0.1598,True
2023-04-30,2,2023,商业活动,2023品牌周年庆典,20226,16809,2066.43,34734621.87,26917750.02,197901.13,9296612.65,4,0.8311,2066.43,0.775,0.2676,True
2023-05-02,2,2023,商业活动,2023国际商务大会,15548,14768,1774.36,26203748.48,10596809.65,175904.87,10994766.67,5,0.9498,1774.36,0.4044,0.4196,False
2023-05-04,2,2023,文化活动,非遗文化展示周,55365,45295,225.67,10221722.65,1431530.42,91781.25,1896278.07,5,0.8181,225.67,0.14,0.1855,False
2023-05-04,2,2023,体育赛事,2023世界斯诺克中国公开赛,104117,71855,523.74,37633337.7,10519248.16,332502.08,9637963.41,5,0.6901,523.74,0.2795,0.2561,False
2023-05-06,2,2023,演唱会,邓紫棋启示录巡演,79576,68559,1353.9,92822030.1,48229044.21,1434235.45,16309353.24,5,0.8616,1353.9,0.5196,0.1757,True
2023-05-06,2,2023,演唱会,2023毛不易小王巡演,75584,65394,1393.16,91104305.04,34840125.45,1981069.95,14189830.65,5,0.8652,1393.16,0.3824,0.1558,True
2023-05-07,2,2023,演唱会,蔡依林Ugly Beauty巡演,79311,69066,1950.33,134701491.78,59153789.68,1853219.42,15016533.43,5,0.8708,1950.33,0.4391,0.1115,True
2023-05-09,2,2023,展览,2023国际设计周,32233,21411,208.07,4454986.77,342877.51,79950.5,707726.72,5,0.6643,208.07,0.077,0.1589,False
2023-05-10,2,2023,体育赛事,NBA中国赛北京站,69381,57150,499.6,28552140.0,6160895.07,163229.5,7035366.14,5,0.8237,499.6,0.2158,0.2464,False
2023-05-12,2,2023,商业活动,2023世界500强企业峰会,22984,20319,1330.59,27036258.21,12823059.63,180192.56,7266412.41,5,0.884,1330.59,0.4743,0.2688,False
2023-05-12,2,2023,商业活动,创业大赛总决赛,19727,17257,1783.47,30777341.79,23528291.32,205082.62,8375141.03,5,0.8748,1783.47,0.7645,0.2721,False
2023-05-14,2,2023,展览,2023中国品牌日展览,48760,37753,262.69,9917335.57,1617978.53,82173.97,1275179.3,5,0.7743,262.69,0.1631,0.1286,True
2023-05-14,2,2023,体育赛事,2023中超联赛北京德比,86438,58677,652.34,38277354.18,7210716.11,281394.02,7238202.5,5,0.6788,652.34,0.1884,0.1891,True
2023-05-14,2,2023,商业活动,2023行业峰会论坛,20086,18435,2676.66,49344227.1,41420226.41,195303.2,21646125.39,5,0.9178,2676.66,0.8394,0.4387,True
2023-05-16,2,2023,体育赛事,2023法国超级杯北京站,103720,94307,545.88,51480305.16,17467692.5,564371.06,9392478.48,5,0.9092,545.88,0.3393,0.1824,False
2023-05-17,2,2023,文化活动,2023非遗文化展示周,70836,51061,740.63,37817308.43,11585174.51,245250.6,5025327.52,5,0.7208,740.63,0.3063,0.1329,False
2023-05-17,2,2023,展览,国际摄影大展,22990,14411,374.87,5402251.57,870896.98,43326.67,1037835.98,5,0.6268,374.87,0.1612,0.1921,False
2023-05-19,2,2023,文化活动,2023世界文化遗产日庆典,36299,27093,392.49,10633731.57,3339901.17,107910.38,2115903.66,5,0.7464,392.49,0.3141,0.199,False
2023-05-20,2,2023,展览,当代艺术大展,35161,22894,343.67,7867980.98,1206135.12,121852.45,1535675.33,5,0.6511,343.67,0.1533,0.1952,True
2023-05-20,2,2023,展览,国际设计周,26235,16151,257.93,4165827.43,948456.52,58996.53,1002559.99,5,0.6156,257.93,0.2277,0.2407,True
2023-05-20,2,2023,体育赛事,2023世界斯诺克中国公开赛,71415,57496,833.14,47902217.44,13090113.47,550318.53,12531176.26,5,0.8051,833.14,0.2733,0.2616,True
2023-05-22,2,2023,文化活动,2023中秋赏月晚会,36521,28792,365.53,10524339.76,1561125.7,83739.56,1334918.05,5,0.7884,365.53,0.1483,0.1268,False
2023-05-22,2,2023,演唱会,2023BLACKPINK世界巡演北京站,73132,69180,812.29,56194222.2,17407586.69,1368033.44,5537033.45,5,0.946,812.29,0.3098,0.0985,False
2023-05-23,2,2023,演唱会,2023周杰伦巡回演唱会,82049,77731,1729.12,134406226.72,54643134.06,1974206.07,21229306.88,5,0.9474,1729.12,0.4066,0.1579,False
2023-05-24,2,2023,演唱会,李荣浩纵横四海巡演,51669,46912,2147.52,100744458.24,40149269.75,1407599.14,11981170.33,5,0.9079,2147.52,0.3985,0.1189,False
2023-05-24,2,2023,商业活动,2023明星代言签约仪式,27996,21640,2178.71,47147284.4,41124694.4,347501.33,21008827.98,5,0.773,2178.71,0.8723,0.4456,False
2023-05-25,2,2023,体育赛事,亚洲田径锦标赛,100045,80151,801.72,64258659.72,11700743.75,338368.72,14347695.58,5,0.8011,801.72,0.1821,0.2233,False
2023-05-26,2,2023,体育赛事,世界田径锦标赛,73459,49344,383.64,18930332.16,5627185.75,153473.56,5391202.82,5,0.6717,383.64,0.2973,0.2848,False
2023-05-26,2,2023,文化活动,2023国潮音乐节,45127,30082,490.78,14763643.96,2638782.06,184718.3,2064737.56,5,0.6666,490.78,0.1787,0.1399,False
2023-05-27,2,2023,展览,数字艺术沉浸展,31439,24581,111.53,2741518.93,242750.6,22183.69,600600.25,5,0.7819,111.53,0.0885,0.2191,True
2023-05-28,2,2023,演唱会,2023张杰未LIVE巡演,57155,53007,2105.82,111623200.74,36167687.19,1705296.87,19510075.52,5,0.9274,2105.82,0.324,0.1748,True
2023-05-28,2,2023,体育赛事,2023国际田联钻石联赛,71059,46038,812.05,37385157.9,5685799.26,394446.15,6130985.58,5,0.6479,812.05,0.1521,0.164,True
2023-06-01,2,2023,商业活动,电商购物节开幕式,34529,27951,959.73,26825413.23,8965744.04,164950.81,8488522.44,6,0.8095,959.73,0.3342,0.3164,False
2023-06-02,2,2023,展览,全球创新科技展,44959,25592,461.47,11809940.24,1760379.6,138328.15,2445585.65,6,0.5692,461.47,0.1491,0.2071,False
2023-06-02,2,2023,体育赛事,世界斯诺克中国公开赛,104064,74300,776.46,57690978.0,19031143.6,294100.85,12451184.79,6,0.714,776.46,0.3299,0.2158,False
2023-06-03,2,2023,体育赛事,全国田径锦标赛,115292,94628,818.65,77467212.2,15534331.79,623738.42,12626048.53,6,0.8208,818.65,0.2005,0.163,True
2023-06-03,2,2023,体育赛事,法国超级杯北京站,112934,69445,581.44,40378100.8,9836487.35,341584.66,6230215.37,6,0.6149,581.44,0.2436,0.1543,True
2023-06-03,2,2023,文化活动,非遗文化展示周,67059,50221,443.51,22273515.71,6565157.14,286523.78,4490623.86,6,0.7489,443.51,0.2948,0.2016,True
2023-06-04,2,2023,体育赛事,2023中国足协杯决赛,102294,93632,424.43,39740229.76,12089147.02,337942.08,11748289.28,6,0.9153,424.43,0.3042,0.2956,True
2023-06-04,2,2023,演唱会,2023刘德华My Love巡演,82629,75811,1195.03,90596419.33,27361799.73,2125388.27,10357432.84,6,0.9175,1195.03,0.302,0.1143,True
2023-06-05,2,2023,演唱会,陈奕迅Fear and Dreams,67453,62038,1907.93,118364161.34,40809818.93,2474650.84,17805086.24,6,0.9197,1907.93,0.3448,0.1504,False
2023-06-05,2,2023,体育赛事,亚洲田径锦标赛,123006,93483,921.12,86109060.96,17360385.81,641572.86,17064306.32,6,0.76,921.12,0.2016,0.1982,False
2023-06-05,2,2023,演唱会,2023五月天人生无限公司,103547,89903,1801.9,161996215.7,46112620.8,1975770.13,27511380.98,6,0.8682,1801.9,0.2847,0.1698,False
2023-06-06,2,2023,演唱会,2023毛不易小王巡演,102823,92623,2054.15,190261535.45,68235052.96,4406912.09,18204803.17,6,0.9008,2054.15,0.3586,0.0957,False
2023-06-06,2,2023,展览,2023国际航空航天展,33480,19849,414.3,8223440.7,1308028.61,72154.3,999746.24,6,0.5929,414.3,0.1591,0.1216,False
2023-06-10,2,2023,演唱会,2023五月天人生无限公司,107671,96360,2309.64,222556910.4,78445784.81,3045605.52,17850858.89,6,0.8949,2309.64,0.3525,0.0802,True
2023-06-11,2,2023,体育赛事,NFL中国赛,115486,82715,560.36,46350177.4,18175718.25,543960.16,8733881.65,6,0.7162,560.36,0.3921,0.1884,True
2023-06-11,2,2023,展览,2023当代艺术大展,67334,56687,493.92,27998843.04,2264089.81,300129.28,5926053.75,6,0.8419,493.92,0.0809,0.2117,True
2023-06-11,2,2023,商业活动,2023互联网大会开幕式,27411,21947,1436.12,31518525.64,9238515.71,198054.52,11064330.18,6,0.8007,1436.12,0.2931,0.351,True
2023-06-13,2,2023,演唱会,五月天人生无限公司,64940,58962,1617.53,95372803.86,36108764.05,1943527.44,16568063.81,6,0.9079,1617.53,0.3786,0.1737,False
2023-06-13,2,2023,演唱会,2023刘德华My Love巡演,92124,80283,2954.56,237200940.48,87745176.2,5682142.7,31529658.36,6,0.8715,2954.56,0.3699,0.1329,False
2023-06-14,2,2023,演唱会,2023张杰未LIVE巡演,63338,55668,2104.23,117138275.64,44128517.04,2331627.52,10637907.79,6,0.8789,2104.23,0.3767,0.0908,False
2023-06-14,2,2023,文化活动,2023国庆文艺汇演,62800,55358,583.21,32285339.18,6797554.44,317430.65,4124161.01,6,0.8815,583.21,0.2105,0.1277,False
2023-06-16,2,2023,展览,2023北京国际科技博览会,58862,45545,310.86,14158118.7,819400.98,224937.04,3214628.16,6,0.7738,310.86,0.0579,0.2271,False
2023-06-16,2,2023,文化活动,2023春节文化庙会,70765,62436,544.07,33969554.52,8316528.36,277285.04,5997861.03,6,0.8823,544.07,0.2448,0.1766,False
2023-06-17,2,2023,体育赛事,2023国际足球友谊赛,109381,75020,689.16,51700783.2,16589802.85,491097.88,10338475.52,6,0.6859,689.16,0.3209,0.2,True
2023-06-19,2,2023,文化活动,2023非遗文化展示周,76595,51897,424.99,22055706.03,5211648.44,191194.2,2728548.58,6,0.6776,424.99,0.2363,0.1237,False
2023-06-19,2,2023,演唱会,2023Coldplay北京演唱会,59608,55280,1370.73,75773954.4,21176967.92,1154240.2,12285168.98,6,0.9274,1370.73,0.2795,0.1621,False
2023-06-19,2,2023,文化活动,2023鸟巢新年音乐会,77651,67983,402.95,27393749.85,4150820.52,255888.15,4456119.1,6,0.8755,402.95,0.1515,0.1627,False
2023-06-21,2,2023,展览,2023中国品牌日展览,44681,32729,413.35,13528532.15,1696716.03,201225.46,2415817.4,6,0.7325,413.35,0.1254,0.1786,False
2023-06-22,2,2023,展览,2023国际设计周,43432,25684,496.68,12756729.12,1782788.36,197866.2,1644257.72,6,0.5914,496.68,0.1398,0.1289,False
2023-06-23,2,2023,体育赛事,2023国际足球友谊赛,124486,76102,983.1,74815876.2,17628053.6,639767.73,12676282.89,6,0.6113,983.1,0.2356,0.1694,False
2023-06-23,2,2023,展览,2023国际设计周,34458,21083,510.21,10756757.43,2385239.41,117878.05,1520932.07,6,0.6118,510.21,0.2217,0.1414,False
2023-06-23,2,2023,体育赛事,2023世界田径锦标赛,109290,91955,957.07,88007371.85,35777613.7,460025.38,26076159.82,6,0.8414,957.07,0.4065,0.2963,False
2023-06-24,2,2023,展览,2023未来生活体验展,28566,20313,363.17,7377072.21,1981241.67,122283.18,946463.82,6,0.7111,363.17,0.2686,0.1283,True
2023-06-24,2,2023,商业活动,2023品牌周年庆典,26966,20994,1148.79,24117697.26,16826268.47,179580.55,7534073.82,6,0.7785,1148.79,0.6977,0.3124,True
2023-06-26,2,2023,文化活动,冰雪文化节,86310,75133,265.01,19910996.33,5128334.64,257044.34,3172624.02,6,0.8705,265.01,0.2576,0.1593,False
2023-06-26,2,2023,商业活动,行业峰会论坛,17993,15113,3788.12,57249857.56,27285427.64,288500.06,19081267.75,6,0.8399,3788.12,0.4766,0.3333,False
2023-06-27,2,2023,展览,2023全球创新科技展,61499,50496,428.57,21641070.72,2837350.27,251723.85,3072571.48,6,0.8211,428.57,0.1311,0.142,False
2023-06-27,2,2023,体育赛事,国际马术大师赛,104960,82475,645.31,53221942.25,19356893.89,534677.29,15943825.82,6,0.7858,645.31,0.3637,0.2996,False
2023-06-29,2,2023,演唱会,张杰未LIVE巡演,56449,51199,2415.9,123691664.1,74661361.61,2417818.42,10221296.68,6,0.907,2415.9,0.6036,0.0826,False
2023-06-29,2,2023,展览,2023中国品牌日展览,69414,48102,498.8,23993277.6,2194037.93,245774.46,5827691.49,6,0.693,498.8,0.0914,0.2429,False
2023-07-01,3,2023,演唱会,华晨宇火星演唱会,105502,99774,1602.48,159885839.52,76207650.53,2708279.39,14929680.3,7,0.9457,1602.48,0.4766,0.0934,True
2023-07-02,3,2023,体育赛事,2023NBA中国赛北京站,103695,83790,610.68,51168877.2,14793548.16,613036.18,7909751.39,7,0.808,610.68,0.2891,0.1546,True
2023-07-02,3,2023,演唱会,刘德华My Love巡演,111109,97762,1713.65,167529851.3,104559881.18,2377617.15,14477793.31,7,0.8799,1713.65,0.6241,0.0864,True
2023-07-04,3,2023,体育赛事,2023国际马术大师赛,97491,82632,711.48,58791015.36,9920625.02,430137.6,15187020.18,7,0.8476,711.48,0.1687,0.2583,False
2023-07-04,3,2023,展览,2023未来生活体验展,41411,32108,191.1,6135838.8,1154957.23,100139.17,740096.75,7,0.7753,191.1,0.1882,0.1206,False
2023-07-05,3,2023,商业活动,2023科技产品首发仪式,20944,17590,4182.09,73562963.1,44194809.52,445169.13,33043109.46,7,0.8399,4182.09,0.6008,0.4492,False
2023-07-06,3,2023,体育赛事,NFL中国赛,126047,85422,850.03,72611262.66,14248351.33,808414.16,16618769.02,7,0.6777,850.03,0.1962,0.2289,False
2023-07-06,3,2023,展览,2023国际航空航天展,33983,23887,290.83,6947056.21,961758.61,75321.78,1650162.24,7,0.7029,290.83,0.1384,0.2375,False
2023-07-06,3,2023,演唱会,2023Ed Sheeran中国巡演,96813,93321,1328.58,123984414.18,48494201.57,1500898.84,15414453.31,7,0.9639,1328.58,0.3911,0.1243,False
2023-07-07,3,2023,商业活动,2023品牌新品发布会,21835,18364,3722.55,68360908.2,29075165.5,447799.53,29187779.36,7,0.841,3722.55,0.4253,0.427,False
2023-07-08,3,2023,演唱会,蔡依林Ugly Beauty巡演,76938,73425,3113.19,228585975.75,84131275.86,5143608.89,33672880.65,7,0.9543,3113.19,0.3681,0.1473,True
2023-07-08,3,2023,演唱会,2023王力宏龙的传人巡演,78136,67217,1095.39,73628829.63,19279484.2,1205482.73,11581325.57,7,0.8603,1095.39,0.2618,0.1573,True
2023-07-09,3,2023,商业活动,2023行业峰会论坛,20617,15867,4488.9,71225376.3,27370607.37,327387.56,18870158.22,7,0.7696,4488.9,0.3843,0.2649,True
2023-07-09,3,2023,演唱会,2023邓紫棋启示录巡演,112166,99695,2527.86,252015002.7,143964316.63,3478712.49,24982889.92,7,0.8888,2527.86,0.5713,0.0991,True
2023-07-09,3,2023,演唱会,陈奕迅Fear and Dreams,95085,83784,3203.43,268396179.12,164813467.57,4319082.2,32301144.0,7,0.8811,3203.43,0.6141,0.1203,True
2023-07-11,3,2023,文化活动,2023国庆文艺汇演,67693,49614,986.46,48942226.44,12404286.52,449325.42,9066827.11,7,0.7329,986.46,0.2534,0.1853,False
2023-07-11,3,2023,体育赛事,2023中超联赛北京德比,107511,98886,968.21,95742414.06,29923760.35,1045197.2,14500272.94,7,0.9198,968.21,0.3125,0.1515,False
2023-07-13,3,2023,体育赛事,北京马拉松起点仪式,124501,95352,1125.4,107309140.8,40958896.94,579375.23,16723959.29,7,0.7659,1125.4,0.3817,0.1558,False
2023-07-13,3,2023,商业活动,行业峰会论坛,10061,7868,2395.1,18844646.8,7449956.38,109443.67,4712416.63,7,0.782,2395.1,0.3953,0.2501,False
2023-07-13,3,2023,演唱会,刘德华My Love巡演,71321,62772,2036.15,127813207.8,45962369.98,2759929.57,21153862.1,7,0.8801,2036.15,0.3596,0.1655,False
2023-07-14,3,2023,体育赛事,全国田径锦标赛,130715,92566,749.72,69398581.52,9135490.73,437232.81,13826343.61,7,0.7082,749.72,0.1316,0.1992,False
2023-07-15,3,2023,演唱会,陈奕迅Fear and Dreams,108208,96043,2625.59,252169540.37,97211070.76,3794408.2,22794557.01,7,0.8876,2625.59,0.3855,0.0904,True
2023-07-15,3,2023,演唱会,2023王力宏龙的传人巡演,93756,88846,2235.11,198580583.06,67854449.44,4533987.99,33828822.41,7,0.9476,2235.11,0.3417,0.1704,True
2023-07-16,3,2023,演唱会,2023李荣浩纵横四海巡演,125707,113894,2724.89,310348621.66,116043010.61,3960232.44,41773134.01,7,0.906,2724.89,0.3739,0.1346,True
2023-07-16,3,2023,展览,2023当代艺术大展,73759,49018,438.12,21475766.16,2458546.19,188640.64,2635062.15,7,0.6646,438.12,0.1145,0.1227,True
2023-07-16,3,2023,体育赛事,2023NBA中国赛北京站,117843,105343,811.76,85513233.68,12904353.64,701132.2,23097262.55,7,0.8939,811.76,0.1509,0.2701,True
2023-07-18,3,2023,体育赛事,2023国际田联钻石联赛,127842,103399,808.6,83608431.4,16627371.86,715196.28,17645210.74,7,0.8088,808.6,0.1989,0.211,False
2023-07-19,3,2023,演唱会,2023周杰伦巡回演唱会,82845,73705,1279.09,94275328.45,43235609.38,1833089.5,16030366.89,7,0.8897,1279.09,0.4586,0.17,False
2023-07-20,3,2023,体育赛事,国际马术大师赛,117901,96817,650.05,62935890.85,17556062.06,512372.75,17587679.78,7,0.8212,650.05,0.279,0.2795,False
2023-07-21,3,2023,演唱会,2023陈奕迅Fear and Dreams,118597,109905,1597.43,175565544.15,52740979.41,2819787.33,17696170.11,7,0.9267,1597.43,0.3004,0.1008,False
2023-07-21,3,2023,文化活动,2023非遗文化展示周,58362,44183,806.44,35630938.52,5140460.77,519570.75,7175284.51,7,0.7571,806.44,0.1443,0.2014,False
2023-07-21,3,2023,演唱会,2023邓紫棋启示录巡演,93380,90406,1107.32,100108371.92,43233496.45,2018961.31,17836182.83,7,0.9682,1107.32,0.4319,0.1782,False
2023-07-22,3,2023,商业活动,2023电商购物节开幕式,29480,23614,3057.13,72191067.82,50246356.37,338112.86,26987209.29,7,0.801,3057.13,0.696,0.3738,True
2023-07-23,3,2023,体育赛事,2023世界田径锦标赛,124150,94824,783.52,74296500.48,22445188.77,761366.73,15942834.29,7,0.7638,783.52,0.3021,0.2146,True
2023-07-23,3,2023,体育赛事,2023NFL中国赛,104506,80738,682.45,55099648.1,12938966.93,379270.57,14053663.18,7,0.7726,682.45,0.2348,0.2551,True
2023-07-26,3,2023,体育赛事,2023意大利超级杯,113538,86277,912.08,78691526.16,25160216.8,601471.09,16685049.15,7,0.7599,912.08,0.3197,0.212,False
2023-07-26,3,2023,体育赛事,2023世界斯诺克中国公开赛,137759,113353,1251.32,141840875.96,52009913.79,1340418.61,41776750.74,7,0.8228,1251.32,0.3667,0.2945,False
2023-07-29,3,2023,演唱会,2023毛不易小王巡演,83086,75225,1832.26,137831758.5,54238810.76,2282617.56,17028560.85,7,0.9054,1832.26,0.3935,0.1235,True
2023-07-29,3,2023,演唱会,2023林俊杰圣所演唱会,118278,114789,1095.42,125742166.38,73540560.67,2359564.19,14957377.84,7,0.9705,1095.42,0.5849,0.119,True
2023-07-30,3,2023,文化活动,2023鸟巢新年音乐会,78696,55128,801.23,44170207.44,6281393.47,522464.34,9179893.4,7,0.7005,801.23,0.1422,0.2078,True
2023-07-31,3,2023,演唱会,2023毛不易小王巡演,66720,61975,2915.47,180686253.25,69534415.48,4193692.32,20644166.31,7,0.9289,2915.47,0.3848,0.1143,False
2023-08-01,3,2023,体育赛事,国际马术大师赛,116830,83341,1149.04,95762142.64,17572006.17,1139154.56,15431569.48,8,0.7134,1149.04,0.1835,0.1611,False
2023-08-02,3,2023,演唱会,BLACKPINK世界巡演北京站,112423,99222,1805.7,179165165.4,55714721.56,3251083.07,30355038.82,8,0.8826,1805.7,0.311,0.1694,False
2023-08-03,3,2023,文化活动,2023春节文化庙会,94715,77631,871.44,67650758.64,10571051.62,997345.8,9352343.13,8,0.8196,871.44,0.1563,0.1382,False
2023-08-05,3,2023,演唱会,2023张学友经典世界巡演,89146,84876,1501.8,127466776.8,44637226.91,2252177.18,22292623.84,8,0.9521,1501.8,0.3502,0.1749,True
2023-08-06,3,2023,演唱会,邓紫棋启示录巡演,69160,61747,2291.34,141483370.98,63529314.9,1914116.11,19810861.13,8,0.8928,2291.34,0.449,0.14,True
2023-08-06,3,2023,体育赛事,2023全国运动会田径项目,127016,105741,729.46,77133829.86,21366632.3,720615.09,19726799.25,8,0.8325,729.46,0.277,0.2557,True
2023-08-09,3,2023,演唱会,2023林俊杰圣所演唱会,89879,87496,2592.78,226857878.88,55859494.47,4201957.01,39130129.52,8,0.9735,2592.78,0.2462,0.1725,False
2023-08-11,3,2023,演唱会,2023Coldplay北京演唱会,69883,59538,2539.7,151208658.6,35876170.2,3278332.16,16187413.78,8,0.852,2539.7,0.2373,0.1071,False
2023-08-12,3,2023,演唱会,张学友经典世界巡演,105225,100436,3148.74,316246850.64,108143493.04,4585394.18,31019548.46,8,0.9545,3148.74,0.342,0.0981,True
2023-08-12,3,2023,体育赛事,NBA中国赛北京站,124029,88817,486.73,43229898.41,12433766.48,282193.62,12135402.39,8,0.7161,486.73,0.2876,0.2807,True
2023-08-13,3,2023,文化活动,2023央视春晚分会场,66812,53300,914.6,48748180.0,10115883.95,693821.63,5893074.18,8,0.7978,914.6,0.2075,0.1209,True
2023-08-13,3,2023,商业活动,2023行业峰会论坛,31684,25329,3362.96,85180413.84,60786109.22,326966.2,22861819.44,8,0.7994,3362.96,0.7136,0.2684,True
2023-08-14,3,2023,体育赛事,2023世界田径锦标赛,101600,85979,530.57,45617878.03,11832586.99,271297.08,10933525.66,8,0.8462,530.57,0.2594,0.2397,False
2023-08-14,3,2023,展览,2023国际汽车展览会,70053,47236,338.75,16001195.0,1889402.73,238336.06,3798475.26,8,0.6743,338.75,0.1181,0.2374,False
2023-08-14,3,2023,演唱会,2023BLACKPINK世界巡演北京站,76730,66543,3053.06,203159771.58,66645521.45,4703864.77,28531815.85,8,0.8672,3053.06,0.328,0.1404,False
2023-08-16,3,2023,演唱会,2023五月天人生无限公司,114342,104140,2895.73,301561322.2,98653191.51,7129604.0,36965903.95,8,0.9108,2895.73,0.3271,0.1226,False
2023-08-16,3,2023,展览,2023国际摄影大展,61279,48549,201.86,9800101.14,1380963.78,79027.4,1377850.41,8,0.7923,201.86,0.1409,0.1406,False
2023-08-17,3,2023,商业活动,企业年会盛典,18048,15930,2504.55,39897481.5,37191706.72,142942.04,15636363.34,8,0.8826,2504.55,0.9322,0.3919,False
2023-08-17,3,2023,演唱会,2023王力宏龙的传人巡演,84222,72352,1450.03,104912570.56,61047753.14,1644681.17,10390131.18,8,0.8591,1450.03,0.5819,0.099,False
2023-08-19,3,2023,演唱会,李荣浩纵横四海巡演,73739,63708,2752.26,175340980.08,60838068.32,2983174.81,15313902.28,8,0.864,2752.26,0.347,0.0873,True
2023-08-19,3,2023,展览,2023国际消费电子展,53087,30166,240.06,7241649.96,1172339.35,94605.73,1668573.1,8,0.5682,240.06,0.1619,0.2304,True
2023-08-19,3,2023,体育赛事,NBA中国赛北京站,114946,102448,449.63,46063694.24,14430684.52,367502.78,12050818.25,8,0.8913,449.63,0.3133,0.2616,True
2023-08-19,3,2023,商业活动,行业峰会论坛,35177,31089,2342.6,72829091.4,54062797.88,499983.33,31606284.32,8,0.8838,2342.6,0.7423,0.434,True
2023-08-20,3,2023,文化活动,鸟巢新年音乐会,75091,61218,911.74,55814899.32,5780788.98,682675.86,5811435.95,8,0.8153,911.74,0.1036,0.1041,True
2023-08-23,3,2023,文化活动,非遗文化展示周,87521,58731,649.84,38165753.04,4066036.51,401748.19,6104515.21,8,0.6711,649.84,0.1065,0.1599,False
2023-08-24,3,2023,文化活动,2023央视春晚分会场,51605,45753,899.12,41137437.36,5202463.13,482257.22,6559130.02,8,0.8866,899.12,0.1265,0.1594,False
2023-08-24,3,2023,文化活动,国庆文艺汇演,92084,78928,743.24,58662446.72,13553787.43,790577.31,9381170.46,8,0.8571,743.24,0.231,0.1599,False
2023-08-24,3,2023,展览,2023国际航空航天展,45268,31172,151.92,4735650.24,632021.22,83026.18,1161173.55,8,0.6886,151.92,0.1335,0.2452,False
2023-08-25,3,2023,演唱会,孙燕姿克卜勒巡演,77723,72817,1691.52,123171411.84,42817798.05,1974966.15,10630988.91,8,0.9369,1691.52,0.3476,0.0863,False
2023-08-29,3,2023,展览,2023国际汽车展览会,60057,48258,153.92,7427871.36,988941.13,68044.03,1753521.83,8,0.8035,153.92,0.1331,0.2361,False
2023-08-30,3,2023,体育赛事,2023国际足球友谊赛,102935,68027,815.57,55480780.39,12773122.05,394181.97,13428229.42,8,0.6609,815.57,0.2302,0.242,False
2023-08-31,3,2023,演唱会,2023林俊杰圣所演唱会,88565,77678,2355.32,182956546.96,81825201.21,4520827.21,15683518.35,8,0.8771,2355.32,0.4472,0.0857,False
2023-08-31,3,2023,文化活动,中秋赏月晚会,57263,50184,664.25,33334722.0,5753896.33,466467.68,4801658.06,8,0.8764,664.25,0.1726,0.144,False
2023-08-31,3,2023,展览,国际消费电子展,40364,30780,135.32,4165149.6,341378.22,60063.84,860037.5,8,0.7626,135.32,0.082,0.2065,False
2023-09-02,3,2023,展览,2023国际文创博览会,45560,32304,432.28,13964373.12,2267743.55,216328.88,2102512.67,9,0.709,432.28,0.1624,0.1506,True
2023-09-02,3,2023,展览,国际消费电子展,33822,19082,187.79,3583408.78,504882.77,41796.62,781544.44,9,0.5642,187.79,0.1409,0.2181,True
2023-09-03,3,2023,展览,北京国际科技博览会,59632,39939,340.41,13595634.99,1546539.35,133263.52,2314605.05,9,0.6698,340.41,0.1138,0.1702,True
2023-09-03,3,2023,演唱会,2023Ed Sheeran中国巡演,89899,79705,865.78,69006994.9,25916303.32,1578557.05,7557708.19,9,0.8866,865.78,0.3756,0.1095,True
2023-09-03,3,2023,演唱会,2023王力宏龙的传人巡演,90415,83970,1294.03,108659699.1,37656600.54,2445294.0,12897483.37,9,0.9287,1294.03,0.3466,0.1187,True
2023-09-04,3,2023,展览,2023国际航空航天展,49509,31009,417.61,12949668.49,1707491.02,181907.38,2733410.7,9,0.6263,417.61,0.1319,0.2111,False
2023-09-05,3,2023,展览,2023国际文创博览会,38905,26815,220.13,5902785.95,885500.82,82253.92,1473658.8,9,0.6892,220.13,0.15,0.2497,False
2023-09-05,3,2023,展览,当代艺术大展,50346,36858,273.69,10087666.02,1038760.23,162047.39,2209215.06,9,0.7321,273.69,0.103,0.219,False
2023-09-06,3,2023,演唱会,2023BTS巡演北京站,90002,86024,1811.1,155798066.4,70618627.77,2186896.6,23505758.01,9,0.9558,1811.1,0.4533,0.1509,False
2023-09-06,3,2023,体育赛事,世界斯诺克中国公开赛,77163,59145,1076.99,63698573.55,24325355.46,595463.74,14154903.47,9,0.7665,1076.99,0.3819,0.2222,False
2023-09-07,3,2023,展览,北京国际科技博览会,36041,30084,231.68,6969861.12,570504.47,104497.37,952876.72,9,0.8347,231.68,0.0819,0.1367,False
2023-09-07,3,2023,商业活动,2023品牌周年庆典,19134,17022,2058.05,35032127.1,15958977.54,167474.28,10795039.46,9,0.8896,2058.05,0.4556,0.3081,False
2023-09-09,3,2023,文化活动,鸟巢光影秀,53258,45444,461.53,20973769.32,3550972.45,298723.52,4420860.58,9,0.8533,461.53,0.1693,0.2108,True
2023-09-09,3,2023,演唱会,华晨宇火星演唱会,81238,70939,1112.19,78897646.41,27756252.94,1797310.67,6923075.62,9,0.8732,1112.19,0.3518,0.0877,True
2023-09-10,3,2023,演唱会,2023李荣浩纵横四海巡演,92822,84004,1312.1,110221648.4,50983940.94,1786518.22,19726289.8,9,0.905,1312.1,0.4626,0.179,True
2023-09-12,3,2023,演唱会,2023张学友经典世界巡演,85029,75282,851.75,64121443.5,22649739.82,1241559.69,9514500.76,9,0.8854,851.75,0.3532,0.1484,False
2023-09-12,3,2023,演唱会,2023Coldplay北京演唱会,79580,70752,1392.4,98515084.8,38845767.71,1477780.7,16947880.67,9,0.8891,1392.4,0.3943,0.172,False
2023-09-13,3,2023,体育赛事,2023全国田径锦标赛,78842,53087,999.14,53041345.18,12685154.13,348356.52,14075835.96,9,0.6733,999.14,0.2392,0.2654,False
2023-09-13,3,2023,体育赛事,2023国际田联钻石联赛,113425,93798,657.69,61690006.62,17549500.91,557358.9,15789981.71,9,0.827,657.69,0.2845,0.256,False
2023-09-16,3,2023,文化活动,鸟巢光影秀,54211,41524,483.53,20078099.72,3515458.44,299148.26,2473197.28,9,0.766,483.53,0.1751,0.1232,True
2023-09-16,3,2023,展览,2023国际文创博览会,45036,25337,124.39,3151669.43,276760.46,38084.35,570177.91,9,0.5626,124.39,0.0878,0.1809,True
2023-09-17,3,2023,演唱会,2023毛不易小王巡演,82242,75311,1445.25,108843222.75,41578775.07,2437684.82,11034396.69,9,0.9157,1445.25,0.382,0.1014,True
2023-09-17,3,2023,演唱会,2023蔡依林Ugly Beauty巡演,90161,77510,2400.45,186058879.5,46192346.34,4455531.15,30966361.58,9,0.8597,2400.45,0.2483,0.1664,True
2023-09-18,3,2023,体育赛事,2023法国超级杯北京站,96852,62090,611.56,37971760.4,7417784.38,221363.83,7168259.97,9,0.6411,611.56,0.1954,0.1888,False
2023-09-19,3,2023,演唱会,2023周杰伦巡回演唱会,97995,86326,2425.07,209346592.82,97028060.5,4806731.26,22726886.68,9,0.8809,2425.07,0.4635,0.1086,False
2023-09-20,3,2023,展览,2023未来生活体验展,43845,35126,216.4,7601266.4,1021021.64,120479.78,1139078.72,9,0.8011,216.4,0.1343,0.1499,False
2023-09-21,3,2023,演唱会,2023蔡依林Ugly Beauty巡演,99652,89950,886.38,79729881.0,30003164.0,1405503.26,10272951.85,9,0.9026,886.38,0.3763,0.1288,False
2023-09-23,3,2023,展览,2023北京国际科技博览会,58953,36926,109.46,4041919.96,568374.45,44739.74,944220.46,9,0.6264,109.46,0.1406,0.2336,True
2023-09-24,3,2023,文化活动,2023中秋赏月晚会,51019,42985,303.78,13057983.3,3689313.24,93026.84,2836499.22,9,0.8425,303.78,0.2825,0.2172,True
2023-09-24,3,2023,商业活动,2023互联网大会开幕式,12605,10920,1912.11,20880241.2,9148525.22,131951.62,5516197.71,9,0.8663,1912.11,0.4381,0.2642,True
2023-09-27,3,2023,商业活动,品牌新品发布会,21075,19244,729.27,14034071.88,5580445.2,90088.9,4647669.49,9,0.9131,729.27,0.3976,0.3312,False
2023-09-27,3,2023,文化活动,2023世界文化遗产日庆典,56319,47488,471.22,22377295.36,3881658.73,161039.78,2612889.88,9,0.8432,471.22,0.1735,0.1168,False
2023-09-29,3,2023,文化活动,2023央视春晚分会场,51128,40756,306.57,12494566.92,1895566.46,143212.7,2044356.81,9,0.7971,306.57,0.1517,0.1636,False
2023-09-30,3,2023,体育赛事,2023全国田径锦标赛,104524,90278,511.81,46205183.18,8194108.29,377275.06,13064962.93,9,0.8637,511.81,0.1773,0.2828,True
2023-09-30,3,2023,体育赛事,中国足协杯决赛,95265,79780,487.99,38931842.2,9515493.2,412470.07,8578255.19,9,0.8375,487.99,0.2444,0.2203,True
2023-10-01,4,2023,演唱会,2023蔡依林Ugly Beauty巡演,57307,55892,1827.15,102123067.8,42854187.0,1247412.39,9662421.88,10,0.9753,1827.15,0.4196,0.0946,True
2023-10-01,4,2023,展览,2023当代艺术大展,38136,31330,284.97,8928110.1,879067.37,97650.92,2206888.02,10,0.8215,284.97,0.0985,0.2472,True
2023-10-04,4,2023,文化活动,2023国庆文艺汇演,68245,45723,390.86,17871291.78,4316084.96,221853.37,2003013.78,10,0.67,390.86,0.2415,0.1121,False
2023-10-06,4,2023,演唱会,2023毛不易小王巡演,67766,65318,2054.76,134212813.68,48035267.44,1776497.42,16311528.4,10,0.9639,2054.76,0.3579,0.1215,False
2023-10-07,4,2023,演唱会,2023BLACKPINK世界巡演北京站,61724,58989,1951.51,115117623.39,53150379.35,1410517.84,11191009.8,10,0.9557,1951.51,0.4617,0.0972,True
2023-10-08,4,2023,演唱会,2023薛之谦天外来物巡演,85667,82268,2133.53,175521246.04,73804143.02,2965954.61,15405709.96,10,0.9603,2133.53,0.4205,0.0878,True
2023-10-08,4,2023,体育赛事,中国足协杯决赛,86632,68507,337.25,23103985.75,4247384.72,155125.24,4308298.49,10,0.7908,337.25,0.1838,0.1865,True
2023-10-08,4,2023,文化活动,2023国潮音乐节,53392,38375,466.91,17917671.25,3112117.98,241383.34,2964961.32,10,0.7187,466.91,0.1737,0.1655,True
2023-10-10,4,2023,演唱会,2023薛之谦天外来物巡演,56072,48790,1282.51,62573662.9,22625878.52,1239234.01,5854589.67,10,0.8701,1282.51,0.3616,0.0936,False
2023-10-10,4,2023,体育赛事,2023NFL中国赛,83268,73955,646.12,47783804.6,8912154.05,411619.82,7860816.93,10,0.8882,646.12,0.1865,0.1645,False
2023-10-10,4,2023,展览,2023数字艺术沉浸展,38615,21254,279.99,5950907.46,1099221.67,85146.18,717684.29,10,0.5504,279.99,0.1847,0.1206,False
2023-10-10,4,2023,文化活动,2023北京国际电影节开幕式,41512,37202,455.93,16961507.86,4617201.41,173802.39,2610318.81,10,0.8962,455.93,0.2722,0.1539,False
2023-10-12,4,2023,演唱会,2023邓紫棋启示录巡演,44220,41782,1861.64,77783042.48,41646128.8,1844739.86,10550836.61,10,0.9449,1861.64,0.5354,0.1356,False
2023-10-13,4,2023,展览,2023国际汽车展览会,31325,24207,245.08,5932651.56,574088.8,101531.07,1361786.42,10,0.7728,245.08,0.0968,0.2295,False
2023-10-14,4,2023,演唱会,2023BTS巡演北京站,60144,52065,2311.0,120322215.0,59391700.32,2188990.58,17437753.87,10,0.8657,2311.0,0.4936,0.1449,True
2023-10-18,4,2023,体育赛事,2023世界斯诺克中国公开赛,89365,80418,863.4,69432901.2,8563366.41,713921.62,17589712.25,10,0.8999,863.4,0.1233,0.2533,False
2023-10-20,4,2023,演唱会,孙燕姿克卜勒巡演,77632,72202,1225.75,88501601.5,46932960.24,2136489.43,10334992.87,10,0.9301,1225.75,0.5303,0.1168,False
2023-10-21,4,2023,商业活动,2023国际商务大会,23166,17957,1836.26,32973720.82,18224432.69,229058.86,8899803.67,10,0.7751,1836.26,0.5527,0.2699,True
2023-10-21,4,2023,演唱会,蔡依林Ugly Beauty巡演,59489,51638,1827.71,94379288.98,33254346.89,1706549.35,9528815.1,10,0.868,1827.71,0.3523,0.101,True
2023-10-22,4,2023,展览,2023国际文创博览会,36981,30528,334.96,10225658.88,1349195.27,93741.16,1275091.37,10,0.8255,334.96,0.1319,0.1247,True
2023-10-23,4,2023,体育赛事,2023中国足协杯决赛,76632,54415,778.61,42368063.15,8192186.8,472070.87,8241411.12,10,0.7101,778.61,0.1934,0.1945,False
2023-10-24,4,2023,体育赛事,2023中国足协杯决赛,87840,64265,729.76,46898026.4,11328714.9,376009.45,13588839.17,10,0.7316,729.76,0.2416,0.2898,False
2023-10-24,4,2023,体育赛事,2023世界斯诺克中国公开赛,74728,55522,568.28,31552042.16,8774843.12,177544.43,8900604.7,10,0.743,568.28,0.2781,0.2821,False
2023-10-24,4,2023,商业活动,2023创业大赛总决赛,20161,16019,1276.38,20446331.22,9229704.72,154714.45,8135012.9,10,0.7946,1276.38,0.4514,0.3979,False
2023-10-24,4,2023,体育赛事,2023国际足球友谊赛,73784,51697,694.82,35920109.54,10782481.28,401400.39,5604832.48,10,0.7007,694.82,0.3002,0.156,False
2023-10-25,4,2023,商业活动,2023创业大赛总决赛,20073,15761,2955.84,46586994.24,19048454.73,329411.72,12633211.91,10,0.7852,2955.84,0.4089,0.2712,False
2023-10-27,4,2023,演唱会,Taylor Swift世界巡演北京站,77929,75209,1712.69,128809702.21,52725202.64,1848637.15,16202638.21,10,0.9651,1712.69,0.4093,0.1258,False
2023-10-28,4,2023,演唱会,2023Ed Sheeran中国巡演,73602,69448,1616.2,112241857.6,47063370.01,2363439.09,11637685.18,10,0.9436,1616.2,0.4193,0.1037,True
2023-10-30,4,2023,演唱会,2023华晨宇火星演唱会,69007,64341,1872.06,120450212.46,26550158.8,2008300.71,11501308.96,10,0.9324,1872.06,0.2204,0.0955,False
2023-10-30,4,2023,演唱会,2023陈奕迅Fear and Dreams,68144,66719,1957.68,130614451.92,49768678.72,2574047.96,17186277.03,10,0.9791,1957.68,0.381,0.1316,False
2023-10-31,4,2023,展览,2023中国品牌日展览,47749,35273,249.59,8803788.07,2015203.61,153602.34,1418744.57,10,0.7387,249.59,0.2289,0.1612,False
2023-11-02,4,2023,商业活动,2023品牌新品发布会,10650,9512,1504.46,14310423.52,9742087.17,112130.44,5558470.15,11,0.8931,1504.46,0.6808,0.3884,False
2023-11-04,4,2023,体育赛事,2023世界斯诺克中国公开赛,70291,58170,467.73,27207854.1,3744921.65,196036.54,4116599.31,11,0.8276,467.73,0.1376,0.1513,True
2023-11-07,4,2023,演唱会,2023王力宏龙的传人巡演,37537,35628,643.91,22941225.48,7191034.48,520914.15,2554874.6,11,0.9491,643.91,0.3135,0.1114,False
2023-11-10,4,2023,展览,2023中国品牌日展览,20067,16465,113.76,1873058.4,232730.73,31948.45,287029.69,11,0.8205,113.76,0.1243,0.1532,False
2023-11-11,4,2023,体育赛事,2023国际足球友谊赛,73725,47165,745.79,35175185.35,8350475.18,304949.65,6451611.49,11,0.6397,745.79,0.2374,0.1834,True
2023-11-11,4,2023,展览,2023国际文创博览会,40893,24068,141.2,3398401.6,716617.94,54277.19,751221.06,11,0.5886,141.2,0.2109,0.2211,True
2023-11-13,4,2023,商业活动,品牌新品发布会,17368,15035,2613.46,39293371.1,41639188.38,267191.66,12860377.83,11,0.8657,2613.46,1.0597,0.3273,False
2023-11-14,4,2023,体育赛事,亚洲田径锦标赛,71918,57411,706.62,40567760.82,10159937.63,479537.93,7477543.85,11,0.7983,706.62,0.2504,0.1843,False
2023-11-14,4,2023,演唱会,2023Ed Sheeran中国巡演,46417,41746,1400.96,58484476.16,26613816.68,969300.24,6525882.05,11,0.8994,1400.96,0.4551,0.1116,False
2023-11-15,4,2023,演唱会,华晨宇火星演唱会,60388,57418,1444.38,82933410.84,32035689.37,1250522.46,11841769.56,11,0.9508,1444.38,0.3863,0.1428,False
2023-11-16,4,2023,演唱会,张杰未LIVE巡演,72384,69713,1223.37,85284792.81,41502400.79,1239040.41,8528894.05,11,0.9631,1223.37,0.4866,0.1,False
2023-11-16,4,2023,体育赛事,2023国际足球友谊赛,75708,60065,357.43,21469032.95,6004298.61,184102.87,6111076.59,11,0.7934,357.43,0.2797,0.2846,False
2023-11-18,4,2023,文化活动,国潮音乐节,44225,38837,165.49,6427135.13,1057143.37,38935.87,758906.72,11,0.8782,165.49,0.1645,0.1181,True
2023-11-18,4,2023,体育赛事,2023国际马术大师赛,58321,35688,668.95,23873487.6,6177034.05,129142.19,5322370.52,11,0.6119,668.95,0.2587,0.2229,True
2023-11-24,4,2023,体育赛事,2023全国田径锦标赛,59403,54121,572.07,30961000.47,3922684.85,324559.5,5014310.84,11,0.9111,572.07,0.1267,0.162,False
2023-11-26,4,2023,文化活动,2023国潮音乐节,28843,22336,305.12,6815160.32,1085085.59,43033.74,1030930.61,11,0.7744,305.12,0.1592,0.1513,True
2023-11-27,4,2023,演唱会,2023Ed Sheeran中国巡演,37521,32211,703.66,22665592.26,8296084.54,455394.23,2549128.62,11,0.8585,703.66,0.366,0.1125,False
2023-11-30,4,2023,商业活动,企业年会盛典,10847,9029,2493.98,22518145.42,13851566.0,124447.58,9618057.12,11,0.8324,2493.98,0.6151,0.4271,False
2023-12-01,4,2023,体育赛事,意大利超级杯,58864,38349,481.09,18449320.41,2329339.24,212820.4,3626756.99,12,0.6515,481.09,0.1263,0.1966,False
2023-12-03,4,2023,展览,数字艺术沉浸展,20472,14721,79.79,1174588.59,163051.98,10794.78,203479.22,12,0.7191,79.79,0.1388,0.1732,True
2023-12-08,4,2023,体育赛事,2023NBA中国赛北京站,72086,57335,285.02,16341621.7,5911338.08,185299.15,4587915.79,12,0.7954,285.02,0.3617,0.2808,False
2023-12-08,4,2023,体育赛事,NBA中国赛北京站,72099,43916,570.94,25073401.04,5289796.14,154485.63,6240364.29,12,0.6091,570.94,0.211,0.2489,False
2023-12-12,4,2023,体育赛事,北京马拉松起点仪式,58831,42806,642.49,27502426.94,4400076.3,205344.8,6183607.58,12,0.7276,642.49,0.16,0.2248,False
2023-12-12,4,2023,商业活动,国际商务大会,12099,9508,2228.98,21193141.84,11664768.25,126599.3,7481127.7,12,0.7859,2228.98,0.5504,0.353,False
2023-12-14,4,2023,展览,2023国际设计周,20098,13301,295.77,3934036.77,712517.78,58969.37,517016.67,12,0.6618,295.77,0.1811,0.1314,False
2023-12-15,4,2023,体育赛事,2023全国运动会田径项目,53197,37921,255.43,9686161.03,2868121.08,48583.56,1840329.89,12,0.7128,255.43,0.2961,0.19,False
2023-12-15,4,2023,展览,2023国际消费电子展,32345,25996,138.75,3606945.0,812355.8,43103.41,477502.05,12,0.8037,138.75,0.2252,0.1324,False
2023-12-17,4,2023,体育赛事,2023世界斯诺克中国公开赛,64480,45278,600.09,27170875.02,6894636.94,197331.16,5247457.56,12,0.7022,600.09,0.2538,0.1931,True
2023-12-19,4,2023,演唱会,五月天人生无限公司,65993,63123,1249.92,78898700.16,49912199.04,1573109.65,11147585.01,12,0.9565,1249.92,0.6326,0.1413,False
2023-12-20,4,2023,演唱会,2023李荣浩纵横四海巡演,66418,59421,1772.6,105329664.6,43564170.32,2164613.83,17019579.79,12,0.8947,1772.6,0.4136,0.1616,False
2023-12-23,4,2023,演唱会,薛之谦天外来物巡演,52471,45682,912.81,41698986.42,12435940.32,929911.45,4721197.5,12,0.8706,912.81,0.2982,0.1132,True
2023-12-23,4,2023,体育赛事,2023世界斯诺克中国公开赛,67620,58520,722.85,42301182.0,13809574.64,268782.01,10669072.2,12,0.8654,722.85,0.3265,0.2522,True
2023-12-24,4,2023,演唱会,Taylor Swift世界巡演北京站,43426,38079,1773.8,67544530.2,20604942.44,1265026.97,7586947.7,12,0.8769,1773.8,0.3051,0.1123,True
2023-12-25,4,2023,演唱会,李荣浩纵横四海巡演,48000,46182,913.85,42203420.7,20829373.89,861452.44,4492164.66,12,0.9621,913.85,0.4935,0.1064,False
2023-12-25,4,2023,演唱会,邓紫棋启示录巡演,60103,55627,1635.89,90999653.03,36307969.17,1771541.09,7398941.73,12,0.9255,1635.89,0.399,0.0813,False
2023-12-25,4,2023,体育赛事,2023国际足球友谊赛,51950,44993,643.9,28970992.7,7311805.78,272699.48,4408084.4,12,0.8661,643.9,0.2524,0.1522,False
2023-12-26,4,2023,展览,2023国际汽车展览会,34440,28772,204.56,5885600.32,1473568.47,54653.2,944066.13,12,0.8354,204.56,0.2504,0.1604,False
2023-12-26,4,2023,演唱会,2023Ed Sheeran中国巡演,58829,50144,1010.7,50680540.8,18531243.61,688675.46,6805438.24,12,0.8524,1010.7,0.3656,0.1343,False
2023-12-27,4,2023,体育赛事,国际足球友谊赛,54752,49518,324.82,16084436.76,4026270.11,178339.6,3858898.74,12,0.9044,324.82,0.2503,0.2399,False
2023-12-28,4,2023,商业活动,2023国际商务大会,17871,14513,802.13,11641312.69,5261416.24,75742.98,4117202.31,12,0.8121,802.13,0.452,0.3537,False
2023-12-28,4,2023,体育赛事,全国运动会田径项目,60468,46094,345.12,15907961.28,3619501.8,100846.52,2998701.17,12,0.7623,345.12,0.2275,0.1885,False
2023-12-30,4,2023,演唱会,2023张学友经典世界巡演,59176,55840,1383.83,77273067.2,37693566.21,1189254.76,13232059.31,12,0.9436,1383.83,0.4878,0.1712,True
2024-01-02,1,2024,演唱会,2024李荣浩纵横四海巡演,63888,57293,966.14,55353059.02,34759307.38,696684.43,7602465.81,1,0.8968,966.14,0.628,0.1373,False
2024-01-04,1,2024,文化活动,2024鸟巢新年音乐会,50606,40712,160.98,6553817.76,1195220.38,78827.57,1268320.37,1,0.8045,160.98,0.1824,0.1935,False
2024-01-05,1,2024,文化活动,2024中秋赏月晚会,24715,18624,244.46,4552823.04,759372.02,55856.25,516817.93,1,0.7536,244.46,0.1668,0.1135,False
2024-01-05,1,2024,体育赛事,2024中国足协杯决赛,65637,53374,389.37,20782234.38,3766433.98,128773.51,4277790.11,1,0.8132,389.37,0.1812,0.2058,False
2024-01-06,1,2024,演唱会,2024毛不易小王巡演,35493,34652,704.8,24422729.6,8387397.08,491361.96,3289018.45,1,0.9763,704.8,0.3434,0.1347,True
2024-01-08,1,2024,展览,未来生活体验展,20378,16824,88.28,1485222.72,291382.0,12461.85,267907.29,1,0.8256,88.28,0.1962,0.1804,False
2024-01-09,1,2024,展览,2024国际摄影大展,35470,28959,140.74,4075689.66,666768.6,43383.68,685961.34,1,0.8164,140.74,0.1636,0.1683,False
2024-01-09,1,2024,展览,国际设计周,26765,16975,91.16,1547441.0,213861.68,18276.53,336166.82,1,0.6342,91.16,0.1382,0.2172,False
2024-01-14,1,2024,演唱会,2024陈奕迅Fear and Dreams,37856,32272,1303.41,42063647.52,15710441.36,838120.86,5343750.44,1,0.8525,1303.41,0.3735,0.127,True
2024-01-18,1,2024,演唱会,2024林俊杰圣所演唱会,46881,45156,792.22,35773486.32,13905447.38,808470.28,5060263.86,1,0.9632,792.22,0.3887,0.1415,False
2024-01-20,1,2024,演唱会,2024蔡依林Ugly Beauty巡演,63714,60553,1664.33,100780174.49,56087265.78,1308126.19,8556739.59,1,0.9504,1664.33,0.5565,0.0849,True
2024-01-20,1,2024,展览,2024未来生活体验展,25560,16642,184.93,3077605.06,424556.77,46486.8,487143.62,1,0.6511,184.93,0.138,0.1583,True
2024-01-23,1,2024,体育赛事,国际马术大师赛,69517,54412,514.94,28018915.28,5969645.06,310333.54,6402298.02,1,0.7827,514.94,0.2131,0.2285,False
2024-01-23,1,2024,商业活动,2024科技产品首发仪式,10876,9427,1598.44,15068493.88,13096098.7,58665.25,5644938.47,1,0.8668,1598.44,0.8691,0.3746,False
2024-01-26,1,2024,商业活动,2024创业大赛总决赛,6507,5681,1553.02,8822706.62,5066330.55,53949.79,3235280.4,1,0.8731,1553.02,0.5742,0.3667,False
2024-01-26,1,2024,体育赛事,NFL中国赛,60589,36545,671.77,24549834.65,5886294.31,181465.46,4273742.17,1,0.6032,671.77,0.2398,0.1741,False
2024-01-27,1,2024,展览,2024未来生活体验展,21269,13995,174.07,2436109.65,413047.8,32990.16,403592.26,1,0.658,174.07,0.1696,0.1657,True
2024-01-28,1,2024,体育赛事,2024世界田径锦标赛,69166,47670,509.1,24268797.0,5136076.06,208044.59,4251756.35,1,0.6892,509.1,0.2116,0.1752,True
2024-01-29,1,2024,展览,2024国际汽车展览会,36036,23536,162.13,3815891.68,467484.97,45055.26,832528.8,1,0.6531,162.13,0.1225,0.2182,False
2024-02-03,1,2024,展览,2024未来生活体验展,25270,20456,225.77,4618351.12,691814.5,39115.31,1023731.51,2,0.8095,225.77,0.1498,0.2217,True
2024-02-12,1,2024,体育赛事,2024国际田联钻石联赛,50051,37007,622.96,23053880.72,6206602.66,215221.46,3629921.41,2,0.7394,622.96,0.2692,0.1575,False
2024-02-14,1,2024,体育赛事,世界田径锦标赛,45268,31396,372.57,11697207.72,2639193.41,139061.28,2266471.73,2,0.6936,372.57,0.2256,0.1938,False
2024-02-20,1,2024,体育赛事,中国足协杯决赛,65972,44632,335.86,14990103.52,4680658.03,156948.52,2346964.35,2,0.6765,335.86,0.3122,0.1566,False
2024-02-21,1,2024,体育赛事,2024中国足协杯决赛,53965,40917,355.71,14554586.07,5649553.12,118511.01,2209637.82,2,0.7582,355.71,0.3882,0.1518,False
2024-02-23,1,2024,演唱会,2024薛之谦天外来物巡演,45487,41156,739.6,30438977.6,11819099.18,725766.73,4043822.1,2,0.9048,739.6,0.3883,0.1329,False
2024-02-24,1,2024,展览,国际汽车展览会,20810,16664,252.81,4212825.84,448794.01,72754.39,890036.78,2,0.8008,252.81,0.1065,0.2113,True
2024-02-29,1,2024,演唱会,2024林俊杰圣所演唱会,29932,28607,873.07,24975913.49,10552157.43,496552.08,3613471.31,2,0.9557,873.07,0.4225,0.1447,False
2024-03-02,1,2024,体育赛事,世界田径锦标赛,74865,65216,676.05,44089276.8,8897166.0,292714.23,13155027.15,3,0.8711,676.05,0.2018,0.2984,True
2024-03-05,1,2024,体育赛事,2024全国运动会田径项目,83908,68955,471.39,32504697.45,7163993.66,257375.07,8914378.72,3,0.8218,471.39,0.2204,0.2742,False
2024-03-05,1,2024,体育赛事,2024北京马拉松起点仪式,78343,49613,402.43,19965759.59,4850649.83,167957.28,3327464.94,3,0.6333,402.43,0.2429,0.1667,False
2024-03-07,1,2024,文化活动,春节文化庙会,28612,20196,433.97,8764458.12,1823844.7,124999.61,1239699.54,3,0.7059,433.97,0.2081,0.1414,False
2024-03-07,1,2024,体育赛事,2024NBA中国赛北京站,61056,48300,626.29,30249807.0,5553066.92,250483.22,4907067.19,3,0.7911,626.29,0.1836,0.1622,False
2024-03-07,1,2024,文化活动,2024鸟巢新年音乐会,60199,50272,511.32,25705079.04,2810479.32,276458.91,2695743.36,3,0.8351,511.32,0.1093,0.1049,False
2024-03-09,1,2024,演唱会,张学友经典世界巡演,56394,52291,1101.33,57589647.03,21288244.1,1348541.31,10109545.28,3,0.9272,1101.33,0.3697,0.1755,True
2024-03-11,1,2024,体育赛事,2024亚洲田径锦标赛,75851,61357,424.72,26059545.04,4530831.09,275621.61,6200647.95,3,0.8089,424.72,0.1739,0.2379,False
2024-03-13,1,2024,文化活动,2024鸟巢光影秀,32001,27538,409.03,11263868.14,3589644.35,163198.75,1262133.55,3,0.8605,409.03,0.3187,0.1121,False
2024-03-14,1,2024,演唱会,邓紫棋启示录巡演,63849,61624,612.42,37739770.08,19509902.37,555871.21,4867010.69,3,0.9652,612.42,0.517,0.129,False
2024-03-14,1,2024,演唱会,陈奕迅Fear and Dreams,67572,64213,1086.58,69772561.54,22383946.06,1682451.56,9421969.74,3,0.9503,1086.58,0.3208,0.135,False
2024-03-14,1,2024,文化活动,2024国潮音乐节,29873,22539,462.97,10434880.83,1904129.2,127230.42,1833146.91,3,0.7545,462.97,0.1825,0.1757,False
2024-03-17,1,2024,商业活动,2024企业年会盛典,19656,18540,1472.84,27306453.6,25792118.48,175215.33,8152246.44,3,0.9432,1472.84,0.9445,0.2985,True
2024-03-18,1,2024,商业活动,电商购物节开幕式,22373,17384,879.99,15297746.16,9178758.39,92078.45,4717751.51,3,0.777,879.99,0.6,0.3084,False
2024-03-18,1,2024,商业活动,2024品牌新品发布会,10268,8896,2579.98,22951502.08,21614918.25,100551.64,6846706.23,3,0.8664,2579.98,0.9418,0.2983,False
2024-03-18,1,2024,展览,2024未来生活体验展,39300,30797,173.18,5333424.46,678000.18,68110.49,1190460.72,3,0.7836,173.18,0.1271,0.2232,False
2024-03-19,1,2024,文化活动,2024国庆文艺汇演,42822,33225,311.51,10349919.75,1100262.15,123120.8,1891898.15,3,0.7759,311.51,0.1063,0.1828,False
2024-03-21,1,2024,体育赛事,2024NBA中国赛北京站,67880,51284,685.35,35147489.4,5469600.24,303737.19,8059993.86,3,0.7555,685.35,0.1556,0.2293,False
2024-03-22,1,2024,文化活动,2024非遗文化展示周,46023,41366,590.18,24413385.88,4508689.59,232259.95,2650069.34,3,0.8988,590.18,0.1847,0.1085,False
2024-03-22,1,2024,文化活动,2024中秋赏月晚会,41868,34830,226.68,7895264.4,850640.88,110674.12,861563.52,3,0.8319,226.68,0.1077,0.1091,False
2024-03-23,1,2024,体育赛事,国际马术大师赛,76536,57156,491.42,28087601.52,6029694.13,317026.93,6172709.48,3,0.7468,491.42,0.2147,0.2198,True
2024-03-27,1,2024,展览,2024国际航空航天展,23097,14809,304.3,4506378.7,315662.13,75293.81,732009.07,3,0.6412,304.3,0.07,0.1624,False
2024-03-30,1,2024,商业活动,2024互联网大会开幕式,6591,5405,814.25,4401021.25,2719657.43,16739.27,1517177.04,3,0.8201,814.25,0.618,0.3447,True
2024-03-31,1,2024,商业活动,2024创业大赛总决赛,15751,13676,1824.35,24949810.6,16209697.78,79071.49,10282281.82,3,0.8683,1824.35,0.6497,0.4121,True
2024-03-31,1,2024,演唱会,孙燕姿克卜勒巡演,48946,47061,1839.86,86585651.46,37150634.72,1841409.77,12198647.65,3,0.9615,1839.86,0.4291,0.1409,True
2024-04-01,2,2024,体育赛事,2024国际足球友谊赛,92591,64959,874.69,56818987.71,21048447.87,290129.73,16655681.09,4,0.7016,874.69,0.3704,0.2931,False
2024-04-02,2,2024,演唱会,2024BTS巡演北京站,60797,53846,898.13,48360707.98,19530201.72,800855.43,5343219.83,4,0.8857,898.13,0.4038,0.1105,False
2024-04-02,2,2024,展览,北京国际科技博览会,41329,34130,237.31,8099390.3,728604.29,132031.67,1994830.97,4,0.8258,237.31,0.09,0.2463,False
2024-04-05,2,2024,体育赛事,2024NBA中国赛北京站,92993,68007,614.61,41797782.27,7205097.6,222457.68,8063224.45,4,0.7313,614.61,0.1724,0.1929,False
2024-04-07,2,2024,演唱会,2024王力宏龙的传人巡演,51750,46740,933.8,43645812.0,15977108.07,801360.8,4472023.73,4,0.9032,933.8,0.3661,0.1025,True
2024-04-07,2,2024,演唱会,2024王力宏龙的传人巡演,56525,48395,2035.59,98512378.05,39479607.24,1795066.93,11234220.67,4,0.8562,2035.59,0.4008,0.114,True
2024-04-08,2,2024,体育赛事,2024北京马拉松起点仪式,85868,58325,398.82,23261176.5,3789856.31,153786.25,5786821.68,4,0.6792,398.82,0.1629,0.2488,False
2024-04-08,2,2024,演唱会,2024Taylor Swift世界巡演北京站,60810,58556,1641.29,96107377.24,27690134.66,2105892.05,8230773.28,4,0.9629,1641.29,0.2881,0.0856,False
2024-04-11,2,2024,展览,2024国际航空航天展,31282,21240,228.32,4849516.8,721296.91,48343.24,1026868.49,4,0.679,228.32,0.1487,0.2117,False
2024-04-12,2,2024,演唱会,2024孙燕姿克卜勒巡演,42742,41320,1333.96,55119227.2,18635226.38,1134117.26,4656208.95,4,0.9667,1333.96,0.3381,0.0845,False
2024-04-13,2,2024,演唱会,2024周杰伦巡回演唱会,75602,65992,1960.95,129407012.4,55864609.17,2745774.41,20514473.89,4,0.8729,1960.95,0.4317,0.1585,True
2024-04-13,2,2024,演唱会,2024BTS巡演北京站,69033,64204,1248.82,80179239.28,27578667.02,2003978.72,11065251.81,4,0.93,1248.82,0.344,0.138,True
2024-04-15,2,2024,演唱会,2024Ed Sheeran中国巡演,77960,72219,943.58,68144404.02,21553110.2,1305089.07,9886370.66,4,0.9264,943.58,0.3163,0.1451,False
2024-04-16,2,2024,演唱会,2024刘德华My Love巡演,79409,74887,1257.43,94165160.41,39945320.37,1439633.42,12382844.65,4,0.9431,1257.43,0.4242,0.1315,False
2024-04-17,2,2024,体育赛事,2024全国田径锦标赛,90691,78337,727.58,56996434.46,17038177.64,330729.93,15751998.05,4,0.8638,727.58,0.2989,0.2764,False
2024-04-17,2,2024,体育赛事,2024意大利超级杯,87327,61486,714.78,43948963.08,9890528.7,517755.5,8926203.12,4,0.7041,714.78,0.225,0.2031,False
2024-04-17,2,2024,体育赛事,2024亚洲田径锦标赛,75701,53829,800.51,43090652.79,8075341.02,410966.63,9258996.65,4,0.7111,800.51,0.1874,0.2149,False
2024-04-18,2,2024,体育赛事,NFL中国赛,76820,56830,780.81,44373432.3,8182351.47,243763.62,8543301.39,4,0.7398,780.81,0.1844,0.1925,False
2024-04-19,2,2024,演唱会,2024陈奕迅Fear and Dreams,63334,53973,2089.11,112755534.03,44285045.12,1958851.3,17708808.9,4,0.8522,2089.11,0.3928,0.1571,False
2024-04-20,2,2024,商业活动,2024科技产品首发仪式,18899,15245,2018.97,30779197.65,18992188.99,101663.34,13345626.06,4,0.8067,2018.97,0.617,0.4336,True
2024-04-20,2,2024,演唱会,2024Taylor Swift世界巡演北京站,78808,67939,2102.48,142840388.72,52918952.21,1841457.64,16864609.06,4,0.8621,2102.48,0.3705,0.1181,True
2024-04-20,2,2024,体育赛事,2024中超联赛北京德比,82365,69961,849.02,59398288.22,19509179.87,490741.08,14303702.98,4,0.8494,849.02,0.3284,0.2408,True
2024-04-22,2,2024,演唱会,Taylor Swift世界巡演北京站,52038,45218,1257.96,56882435.28,28933104.06,1284089.46,5674272.57,4,0.8689,1257.96,0.5086,0.0998,False
2024-04-24,2,2024,商业活动,品牌周年庆典,9294,8198,1129.25,9257591.5,5622065.95,28039.08,3249186.51,4,0.8821,1129.25,0.6073,0.351,False
2024-04-27,2,2024,商业活动,科技产品首发仪式,8358,6608,1239.81,8192664.48,7886842.38,41220.6,2258240.71,4,0.7906,1239.81,0.9627,0.2756,True
2024-04-29,2,2024,商业活动,2024品牌周年庆典,15932,14825,1979.23,29342084.75,18775844.86,210312.83,8993340.47,4,0.9305,1979.23,0.6399,0.3065,False
2024-05-04,2,2024,展览,2024数字艺术沉浸展,34401,24408,267.78,6535974.24,416204.76,55763.97,1549157.38,5,0.7095,267.78,0.0637,0.237,True
2024-05-04,2,2024,展览,2024国际摄影大展,38675,27839,331.49,9228350.11,1283484.87,147441.96,1239551.74,5,0.7198,331.49,0.1391,0.1343,True
2024-05-04,2,2024,文化活动,2024国潮音乐节,75620,63330,367.41,23268075.3,3878627.92,318047.95,4480605.13,5,0.8375,367.41,0.1667,0.1926,True
2024-05-05,2,2024,商业活动,品牌周年庆典,19141,14926,1361.21,20317420.46,10133286.91,79261.98,8858113.57,5,0.7798,1361.21,0.4987,0.436,True
2024-05-06,2,2024,演唱会,刘德华My Love巡演,92363,86757,2463.16,213696372.12,103268236.54,4424438.27,34450145.92,5,0.9393,2463.16,0.4832,0.1612,False
2024-05-07,2,2024,体育赛事,2024国际田联钻石联赛,72025,58610,763.68,44759284.8,16952922.26,473289.75,12787219.76,5,0.8137,763.68,0.3788,0.2857,False
2024-05-08,2,2024,展览,2024北京国际科技博览会,54898,33994,332.69,11309463.86,1106752.42,176819.02,1602865.24,5,0.6192,332.69,0.0979,0.1417,False
2024-05-10,2,2024,商业活动,2024品牌周年庆典,10196,8268,1847.76,15277279.68,10556259.59,109609.96,5284981.66,5,0.8109,1847.76,0.691,0.3459,False
2024-05-10,2,2024,展览,2024中国品牌日展览,31464,24595,247.31,6082589.45,450296.97,73129.43,1322404.08,5,0.7817,247.31,0.074,0.2174,False
2024-05-12,2,2024,展览,2024国际文创博览会,56820,41662,300.28,12510265.36,1959144.06,187713.52,2991334.53,5,0.7332,300.28,0.1566,0.2391,True
2024-05-12,2,2024,演唱会,2024孙燕姿克卜勒巡演,81080,78808,1311.78,103378758.24,54082857.73,1617092.14,16512685.52,5,0.972,1311.78,0.5232,0.1597,True
2024-05-15,2,2024,体育赛事,2024意大利超级杯,97893,59377,750.28,44549375.56,10065401.77,477952.94,10341745.41,5,0.6066,750.28,0.2259,0.2321,False
2024-05-16,2,2024,展览,2024未来生活体验展,45364,28892,362.35,10469016.2,1797119.81,123001.5,1842096.06,5,0.6369,362.35,0.1717,0.176,False
2024-05-16,2,2024,演唱会,2024张学友经典世界巡演,80044,72966,1672.24,122016663.84,59828408.56,1607545.96,19240489.41,5,0.9116,1672.24,0.4903,0.1577,False
2024-05-17,2,2024,体育赛事,全国运动会田径项目,74521,61018,852.43,52013573.74,10884961.72,416904.29,13717348.83,5,0.8188,852.43,0.2093,0.2637,False
2024-05-18,2,2024,商业活动,2024科技产品首发仪式,19550,18559,1362.29,25282740.11,20091087.54,199212.89,10506511.58,5,0.9493,1362.29,0.7947,0.4156,True
2024-05-19,2,2024,体育赛事,2024国际足球友谊赛,95749,74822,590.91,44213068.02,13945887.08,313681.53,10805685.64,5,0.7814,590.91,0.3154,0.2444,True
2024-05-19,2,2024,文化活动,2024冰雪文化节,45253,30489,244.69,7460353.41,1558925.21,66737.66,1363985.14,5,0.6737,244.69,0.209,0.1828,True
2024-05-21,2,2024,体育赛事,2024全国运动会田径项目,71254,64815,480.53,31145551.95,7835817.05,269492.81,7056422.72,5,0.9096,480.53,0.2516,0.2266,False
2024-05-21,2,2024,体育赛事,2024国际田联钻石联赛,78772,63998,616.57,39459246.86,5923109.56,340033.13,10977660.38,5,0.8124,616.57,0.1501,0.2782,False
2024-05-21,2,2024,展览,国际消费电子展,34582,20227,247.46,5005373.42,1048818.33,77176.96,1045031.44,5,0.5849,247.46,0.2095,0.2088,False
2024-05-21,2,2024,展览,2024国际设计周,54707,32903,209.81,6903378.43,1648783.46,74735.34,1334508.86,5,0.6014,209.81,0.2388,0.1933,False
2024-05-23,2,2024,演唱会,2024Ed Sheeran中国巡演,88300,76838,2201.04,169123511.52,55507682.65,4011401.32,21216605.42,5,0.8702,2201.04,0.3282,0.1255,False
2024-05-26,2,2024,展览,2024当代艺术大展,26256,21765,226.77,4935649.05,744169.78,74787.07,1064321.08,5,0.829,226.77,0.1508,0.2156,True
2024-05-26,2,2024,商业活动,2024明星代言签约仪式,19722,16880,903.42,15249729.6,8301467.95,84053.88,5965926.98,5,0.8559,903.42,0.5444,0.3912,True
2024-05-26,2,2024,文化活动,北京国际电影节开幕式,38634,27479,350.58,9633587.82,1096832.56,108758.66,1631731.94,5,0.7113,350.58,0.1139,0.1694,True
2024-05-27,2,2024,展览,2024北京国际科技博览会,26582,16983,138.18,2346710.94,255330.34,29635.32,349027.2,5,0.6389,138.18,0.1088,0.1487,False
2024-05-28,2,2024,文化活动,冰雪文化节,68142,61284,757.68,46433661.12,10669841.03,419560.84,5025306.0,5,0.8994,757.68,0.2298,0.1082,False
2024-06-01,2,2024,商业活动,2024世界500强企业峰会,27012,24316,4080.67,99225571.72,37781224.8,664301.08,43020775.76,6,0.9002,4080.67,0.3808,0.4336,True
2024-06-01,2,2024,商业活动,2024明星代言签约仪式,26587,23536,2438.94,57402891.84,30488461.31,448256.74,23924942.75,6,0.8852,2438.94,0.5311,0.4168,True
2024-06-01,2,2024,演唱会,2024薛之谦天外来物巡演,74945,70535,2893.2,204071862.0,68379788.04,4883613.57,25963327.61,6,0.9412,2893.2,0.3351,0.1272,True
2024-06-02,2,2024,体育赛事,2024NBA中国赛北京站,99892,83705,554.46,46411074.3,9415923.32,513628.84,8640889.27,6,0.838,554.46,0.2029,0.1862,True
2024-06-04,2,2024,演唱会,2024张杰未LIVE巡演,82808,79622,2143.96,170706383.12,91954975.5,2413789.39,22926280.86,6,0.9615,2143.96,0.5387,0.1343,False
2024-06-04,2,2024,演唱会,2024孙燕姿克卜勒巡演,66367,57227,1930.4,110471000.8,47332015.36,2002162.85,10422670.53,6,0.8623,1930.4,0.4285,0.0943,False
2024-06-05,2,2024,文化活动,冰雪文化节,65363,51238,933.02,47806078.76,6034192.5,515127.1,5175924.16,6,0.7839,933.02,0.1262,0.1083,False
2024-06-05,2,2024,文化活动,2024北京国际电影节开幕式,47976,36784,383.14,14093421.76,1563972.36,147065.51,1811492.48,6,0.7667,383.14,0.111,0.1285,False
2024-06-07,2,2024,体育赛事,2024法国超级杯北京站,110238,91326,411.36,37567863.36,8019672.01,281818.36,10002584.81,6,0.8284,411.36,0.2135,0.2663,False
2024-06-07,2,2024,文化活动,央视春晚分会场,74175,56567,364.98,20645823.66,2970319.7,143967.2,3419548.83,6,0.7626,364.98,0.1439,0.1656,False
2024-06-08,2,2024,体育赛事,2024北京马拉松起点仪式,113589,76210,730.54,55674453.4,8520898.61,400464.4,12410354.47,6,0.6709,730.54,0.153,0.2229,True
2024-06-08,2,2024,文化活动,2024春节文化庙会,68474,59365,936.22,55578700.3,14275231.28,372966.06,10404816.0,6,0.867,936.22,0.2568,0.1872,True
2024-06-08,2,2024,展览,2024国际摄影大展,38835,31689,374.49,11867213.61,3077381.71,95327.17,1609524.63,6,0.816,374.49,0.2593,0.1356,True
2024-06-09,2,2024,演唱会,2024Ed Sheeran中国巡演,77206,74662,2590.24,193392498.88,54593096.62,3168761.57,30656211.88,6,0.967,2590.24,0.2823,0.1585,True
2024-06-09,2,2024,体育赛事,2024国际田联钻石联赛,97603,65624,597.12,39185402.88,6961102.39,272956.99,9492336.82,6,0.6724,597.12,0.1776,0.2422,True
2024-06-09,2,2024,演唱会,2024孙燕姿克卜勒巡演,66694,60992,2329.56,142084523.52,62506588.88,1827738.54,23813186.15,6,0.9145,2329.56,0.4399,0.1676,True
2024-06-09,2,2024,商业活动,2024企业年会盛典,16162,14413,1548.0,22311324.0,15181277.53,177676.36,6989970.36,6,0.8918,1548.0,0.6804,0.3133,True
2024-06-10,2,2024,演唱会,2024华晨宇火星演唱会,69320,61951,2715.95,168255818.45,64333011.82,3438517.16,19312565.2,6,0.8937,2715.95,0.3824,0.1148,False
2024-06-12,2,2024,演唱会,薛之谦天外来物巡演,103833,98672,1556.49,153581981.28,38611998.41,3382448.92,27103346.59,6,0.9503,1556.49,0.2514,0.1765,False
2024-06-14,2,2024,文化活动,2024国潮音乐节,45795,36598,743.15,27197803.7,8828342.18,230801.81,5035659.84,6,0.7992,743.15,0.3246,0.1851,False
2024-06-15,2,2024,演唱会,Coldplay北京演唱会,80337,75054,1103.1,82792067.4,37776606.12,1026477.91,12847191.83,6,0.9342,1103.1,0.4563,0.1552,True
2024-06-15,2,2024,展览,国际航空航天展,64707,52362,423.21,22160122.02,2334081.04,218097.38,3469526.06,6,0.8092,423.21,0.1053,0.1566,True
2024-06-15,2,2024,体育赛事,2024世界田径锦标赛,124535,101052,487.1,49222429.2,14755343.58,323670.98,9521212.54,6,0.8114,487.1,0.2998,0.1934,True
2024-06-15,2,2024,文化活动,鸟巢新年音乐会,55359,46845,547.62,25653258.9,3909106.2,323099.12,2950344.08,6,0.8462,547.62,0.1524,0.115,True
2024-06-16,2,2024,体育赛事,2024世界斯诺克中国公开赛,127222,116937,954.18,111578946.66,32489116.04,1160595.71,29105581.52,6,0.9192,954.18,0.2912,0.2609,True
2024-06-22,2,2024,演唱会,2024李荣浩纵横四海巡演,87832,78348,1942.22,152169052.56,58201877.27,3665440.9,23493123.03,6,0.892,1942.22,0.3825,0.1544,True
2024-06-22,2,2024,演唱会,华晨宇火星演唱会,84731,80822,2933.6,237099419.2,115184373.96,4807044.75,24437745.22,6,0.9539,2933.6,0.4858,0.1031,True
2024-06-23,2,2024,体育赛事,2024亚洲田径锦标赛,88292,77863,504.1,39250738.3,10363020.33,306097.44,10390982.55,6,0.8819,504.1,0.264,0.2647,True
2024-06-23,2,2024,体育赛事,2024全国田径锦标赛,126615,110103,393.88,43367369.64,10809620.65,354810.14,7116785.38,6,0.8696,393.88,0.2493,0.1641,True
2024-06-25,2,2024,文化活动,2024春节文化庙会,68403,56963,261.52,14896963.76,3411496.89,119456.15,1546046.56,6,0.8328,261.52,0.229,0.1038,False
2024-06-26,2,2024,体育赛事,中超联赛北京德比,122602,107943,834.0,90024462.0,13246136.94,997453.86,14800733.46,6,0.8804,834.0,0.1471,0.1644,False
2024-06-28,2,2024,体育赛事,2024全国田径锦标赛,123459,111668,449.32,50174665.76,13758007.78,500472.3,12372043.26,6,0.9045,449.32,0.2742,0.2466,False
2024-06-29,2,2024,演唱会,2024孙燕姿克卜勒巡演,99409,85358,2876.56,245537408.48,78183998.72,3100821.23,35679934.85,6,0.8587,2876.56,0.3184,0.1453,True
2024-06-29,2,2024,展览,2024未来生活体验展,52026,31462,458.47,14424383.14,2220160.49,152996.13,2468283.55,6,0.6047,458.47,0.1539,0.1711,True
2024-06-30,2,2024,演唱会,2024孙燕姿克卜勒巡演,79572,70202,1019.51,71571641.02,29916422.07,1193916.47,8040141.69,6,0.8822,1019.51,0.418,0.1123,True
2024-06-30,2,2024,商业活动,2024国际商务大会,16834,13221,3930.4,51963818.4,31416954.99,341752.27,21210774.31,6,0.7854,3930.4,0.6046,0.4082,True
2024-06-30,2,2024,商业活动,2024科技产品首发仪式,26323,20026,1225.46,24541061.96,11516965.22,111002.36,11031163.97,6,0.7608,1225.46,0.4693,0.4495,True
2024-07-01,3,2024,展览,2024未来生活体验展,52350,31336,208.12,6521648.32,562917.74,107518.4,800263.56,7,0.5986,208.12,0.0863,0.1227,False
2024-07-01,3,2024,演唱会,2024Coldplay北京演唱会,71378,67737,3237.79,219318181.23,90906413.02,3294149.18,29171052.95,7,0.949,3237.79,0.4145,0.133,False
2024-07-05,3,2024,演唱会,BLACKPINK世界巡演北京站,74361,68787,3004.05,206639587.35,51449104.9,4439379.72,16699840.92,7,0.925,3004.05,0.249,0.0808,False
2024-07-06,3,2024,演唱会,Coldplay北京演唱会,115946,100551,3418.17,343700411.67,153626293.08,4973492.76,33954078.43,7,0.8672,3418.17,0.447,0.0988,True
2024-07-07,3,2024,展览,中国品牌日展览,36062,26204,212.14,5558916.56,719424.02,89158.15,898674.76,7,0.7266,212.14,0.1294,0.1617,True
2024-07-08,3,2024,体育赛事,NBA中国赛北京站,144054,130306,454.29,59196712.74,15487335.47,329486.79,10624919.41,7,0.9046,454.29,0.2616,0.1795,False
2024-07-09,3,2024,演唱会,2024Taylor Swift世界巡演北京站,69235,66765,1658.2,110709723.0,25025484.55,2277132.01,19682101.75,7,0.9643,1658.2,0.226,0.1778,False
2024-07-09,3,2024,演唱会,王力宏龙的传人巡演,112519,97368,1629.51,158662129.68,53622525.06,3704981.78,20802036.35,7,0.8653,1629.51,0.338,0.1311,False
2024-07-09,3,2024,演唱会,Taylor Swift世界巡演北京站,100637,92649,3406.99,315654216.51,82822715.12,6297849.91,32313274.15,7,0.9206,3406.99,0.2624,0.1024,False
2024-07-10,3,2024,演唱会,BLACKPINK世界巡演北京站,94612,92086,2053.3,189080183.8,80003008.47,3672313.06,31081984.93,7,0.9733,2053.3,0.4231,0.1644,False
2024-07-10,3,2024,商业活动,2024行业峰会论坛,8156,6530,1866.98,12191379.4,4252886.4,56148.74,5409963.72,7,0.8006,1866.98,0.3488,0.4438,False
2024-07-10,3,2024,文化活动,2024春节文化庙会,96588,83984,796.41,66885697.44,10477090.13,829021.19,8378613.36,7,0.8695,796.41,0.1566,0.1253,False
2024-07-11,3,2024,文化活动,2024北京国际电影节开幕式,64880,52242,600.72,31382814.24,4537349.71,224896.76,3856327.42,7,0.8052,600.72,0.1446,0.1229,False
2024-07-11,3,2024,展览,2024未来生活体验展,37397,26825,503.3,13501022.5,915684.96,218303.7,3018500.35,7,0.7173,503.3,0.0678,0.2236,False
2024-07-12,3,2024,体育赛事,2024法国超级杯北京站,99466,77948,1279.74,99753173.52,35266473.96,610439.87,20326446.51,7,0.7837,1279.74,0.3535,0.2038,False
2024-07-13,3,2024,文化活动,2024北京国际电影节开幕式,57083,40936,331.17,13556775.12,1843330.22,123416.91,1687486.06,7,0.7171,331.17,0.136,0.1245,True
2024-07-15,3,2024,演唱会,2024五月天人生无限公司,81646,72302,1986.47,143625753.94,42949540.02,3295634.99,13235703.09,7,0.8856,1986.47,0.299,0.0922,False
2024-07-15,3,2024,体育赛事,国际足球友谊赛,123709,77416,1154.5,89376772.0,17936093.57,977791.12,20740129.5,7,0.6258,1154.5,0.2007,0.2321,False
2024-07-16,3,2024,演唱会,2024Taylor Swift世界巡演北京站,125632,122606,3278.15,401920858.9,178433521.3,8241118.59,39376454.46,7,0.9759,3278.15,0.444,0.098,False
2024-07-16,3,2024,体育赛事,2024国际田联钻石联赛,105083,78264,914.89,71602950.96,21313491.63,617313.49,13219164.13,7,0.7448,914.89,0.2977,0.1846,False
2024-07-16,3,2024,文化活动,2024鸟巢新年音乐会,74139,60380,1039.54,62767425.2,11112578.95,471245.4,12463987.0,7,0.8144,1039.54,0.177,0.1986,False
2024-07-18,3,2024,展览,2024未来生活体验展,70474,55777,542.43,30255118.11,2372101.92,274542.35,4420166.37,7,0.7915,542.43,0.0784,0.1461,False
2024-07-18,3,2024,商业活动,2024品牌周年庆典,21505,17535,3107.71,54493694.85,41866402.23,364479.06,13832243.98,7,0.8154,3107.71,0.7683,0.2538,False
2024-07-18,3,2024,商业活动,2024电商购物节开幕式,20440,15750,3963.0,62417250.0,50533914.68,218914.92,18879237.82,7,0.7705,3963.0,0.8096,0.3025,False
2024-07-19,3,2024,体育赛事,2024法国超级杯北京站,113135,93144,1202.33,111989825.52,24769214.04,1190517.63,20987251.06,7,0.8233,1202.33,0.2212,0.1874,False
2024-07-24,3,2024,商业活动,2024明星代言签约仪式,22768,19184,4463.86,85634690.24,54434034.33,674054.09,25548154.11,7,0.8426,4463.86,0.6357,0.2983,False
2024-07-25,3,2024,展览,2024中国品牌日展览,60988,50532,258.87,13081218.84,1377829.67,151338.57,2821945.44,7,0.8286,258.87,0.1053,0.2157,False
2024-07-26,3,2024,商业活动,2024互联网大会开幕式,40265,32613,3979.77,129792239.01,49884757.22,737668.79,48769430.0,7,0.81,3979.77,0.3843,0.3757,False
2024-07-26,3,2024,展览,国际汽车展览会,79357,60149,387.56,23311346.44,2092808.17,272541.32,4309304.58,7,0.758,387.56,0.0898,0.1849,False
2024-07-26,3,2024,演唱会,2024五月天人生无限公司,90323,80667,3373.06,272094631.02,115126595.37,5535980.37,37318491.51,7,0.8931,3373.06,0.4231,0.1372,False
2024-07-26,3,2024,体育赛事,亚洲田径锦标赛,120508,94983,835.43,79351647.69,17882489.55,397914.44,23425478.64,7,0.7882,835.43,0.2254,0.2952,False
2024-07-27,3,2024,演唱会,2024BTS巡演北京站,98455,90629,2945.64,266960407.56,111582815.47,4721717.24,46713887.11,7,0.9205,2945.64,0.418,0.175,True
2024-07-28,3,2024,体育赛事,2024世界斯诺克中国公开赛,145820,108481,1229.92,133422951.52,25152318.46,821051.91,24199946.6,7,0.7439,1229.92,0.1885,0.1814,True
2024-07-29,3,2024,演唱会,2024王力宏龙的传人巡演,119517,107617,3227.88,347374761.96,138555277.7,8533764.71,41347283.7,7,0.9004,3227.88,0.3989,0.119,False
2024-07-30,3,2024,演唱会,2024张杰未LIVE巡演,93698,91064,3228.94,294040192.16,94967603.49,5987520.5,38755846.51,7,0.9719,3228.94,0.323,0.1318,False
2024-08-01,3,2024,文化活动,2024北京国际电影节开幕式,95140,69865,668.53,46706848.45,9634930.76,307513.82,7503595.27,8,0.7343,668.53,0.2063,0.1607,False
2024-08-01,3,2024,文化活动,鸟巢新年音乐会,57745,42558,675.79,28760270.82,3923385.82,397586.13,3376630.57,8,0.737,675.79,0.1364,0.1174,False
2024-08-02,3,2024,展览,数字艺术沉浸展,32583,21061,333.53,7024475.33,1094271.35,69861.24,1053534.81,8,0.6464,333.53,0.1558,0.15,False
2024-08-02,3,2024,商业活动,2024品牌周年庆典,31287,25752,1020.14,26270645.28,15454678.91,171119.97,11637896.96,8,0.8231,1020.14,0.5883,0.443,False
2024-08-03,3,2024,演唱会,2024周杰伦巡回演唱会,99006,84411,1261.77,106507267.47,61304231.79,2587935.19,14525188.72,8,0.8526,1261.77,0.5756,0.1364,True
2024-08-03,3,2024,展览,当代艺术大展,51694,43760,421.55,18447028.0,2545179.24,234849.27,2900038.88,8,0.8465,421.55,0.138,0.1572,True
2024-08-04,3,2024,体育赛事,2024国际足球友谊赛,132893,89578,759.65,68047927.7,21180026.79,531782.42,10507714.47,8,0.6741,759.65,0.3113,0.1544,True
2024-08-05,3,2024,演唱会,2024张杰未LIVE巡演,78651,70688,2729.35,192932292.8,65601386.41,4143078.12,27858801.19,8,0.8988,2729.35,0.34,0.1444,False
2024-08-05,3,2024,演唱会,毛不易小王巡演,122629,120069,2383.03,286128029.07,87000418.58,4461987.82,24323899.02,8,0.9791,2383.03,0.3041,0.085,False
2024-08-05,3,2024,体育赛事,2024北京马拉松起点仪式,128259,97390,724.59,70567820.1,22836055.23,383222.86,20875410.91,8,0.7593,724.59,0.3236,0.2958,False
2024-08-05,3,2024,演唱会,2024李荣浩纵横四海巡演,74689,71824,1706.34,122556164.16,54742494.8,2947357.0,21616342.43,8,0.9616,1706.34,0.4467,0.1764,False
2024-08-07,3,2024,演唱会,2024孙燕姿克卜勒巡演,122301,115278,3147.61,362850185.58,181987701.23,5063151.68,36134463.92,8,0.9426,3147.61,0.5016,0.0996,False
2024-08-09,3,2024,体育赛事,2024国际田联钻石联赛,108700,84930,777.81,66059403.3,9470103.82,518994.21,18784332.54,8,0.7813,777.81,0.1434,0.2844,False
2024-08-10,3,2024,展览,2024中国品牌日展览,36933,28799,537.56,15481190.44,3449409.33,187376.19,2820468.47,8,0.7798,537.56,0.2228,0.1822,True
2024-08-11,3,2024,商业活动,2024世界500强企业峰会,36611,31754,3901.84,123899027.36,67999541.1,685385.61,32639092.29,8,0.8673,3901.84,0.5488,0.2634,True
2024-08-11,3,2024,演唱会,2024邓紫棋启示录巡演,91288,83326,2322.5,193524635.0,71304780.31,4339069.67,23039422.48,8,0.9128,2322.5,0.3685,0.1191,True
2024-08-12,3,2024,演唱会,BLACKPINK世界巡演北京站,82437,76601,1857.09,142254951.09,53770484.12,3003415.64,16322878.82,8,0.9292,1857.09,0.378,0.1147,False
2024-08-12,3,2024,体育赛事,2024国际马术大师赛,132613,94947,1106.72,105079743.84,39485935.0,1003773.71,27068718.31,8,0.716,1106.72,0.3758,0.2576,False
2024-08-13,3,2024,演唱会,2024邓紫棋启示录巡演,106636,93307,2893.87,270018328.09,94069850.2,5951320.78,38488207.26,8,0.875,2893.87,0.3484,0.1425,False
2024-08-13,3,2024,体育赛事,意大利超级杯,113471,87476,531.67,46508364.92,11516255.42,357337.79,7457003.66,8,0.7709,531.67,0.2476,0.1603,False
2024-08-14,3,2024,展览,未来生活体验展,75010,48970,255.11,12492736.7,2434738.71,147223.37,2712049.54,8,0.6528,255.11,0.1949,0.2171,False
2024-08-15,3,2024,展览,2024中国品牌日展览,37393,24145,288.33,6961727.85,959151.98,96170.78,1495461.17,8,0.6457,288.33,0.1378,0.2148,False
2024-08-15,3,2024,演唱会,BTS巡演北京站,104654,93704,1943.59,182122157.36,104913537.25,2568719.95,15711246.31,8,0.8954,1943.59,0.5761,0.0863,False
2024-08-17,3,2024,文化活动,2024北京国际电影节开幕式,78648,53852,621.58,33473326.16,7539672.43,486302.62,6658198.27,8,0.6847,621.58,0.2252,0.1989,True
2024-08-18,3,2024,演唱会,2024张学友经典世界巡演,101933,89002,2823.81,251324737.62,70273692.55,4396502.71,22392276.34,8,0.8731,2823.81,0.2796,0.0891,True
2024-08-20,3,2024,展览,2024国际航空航天展,57442,37466,446.64,16733814.24,2961311.74,237278.04,3493813.9,8,0.6522,446.64,0.177,0.2088,False
2024-08-21,3,2024,演唱会,2024陈奕迅Fear and Dreams,69751,64729,1877.25,121512515.25,55995505.14,2514253.47,13466721.59,8,0.928,1877.25,0.4608,0.1108,False
2024-08-23,3,2024,文化活动,2024北京国际电影节开幕式,83991,74153,358.45,26580142.85,2744132.99,192155.84,4335333.56,8,0.8829,358.45,0.1032,0.1631,False
2024-08-24,3,2024,商业活动,国际商务大会,37679,29794,1470.13,43801053.22,14507316.59,136683.74,15320615.32,8,0.7907,1470.13,0.3312,0.3498,True
2024-08-24,3,2024,体育赛事,全国田径锦标赛,112016,99116,888.29,88043751.64,16113806.89,590199.67,14524155.55,8,0.8848,888.29,0.183,0.165,True
2024-08-25,3,2024,演唱会,2024Ed Sheeran中国巡演,66837,61815,2618.47,161860723.05,55400457.37,2628945.63,14108623.88,8,0.9249,2618.47,0.3423,0.0872,True
2024-08-28,3,2024,体育赛事,2024NFL中国赛,136605,120685,1129.49,136312500.65,29102539.78,1165361.13,30712670.54,8,0.8835,1129.49,0.2135,0.2253,False
2024-08-28,3,2024,文化活动,2024央视春晚分会场,89083,72371,598.29,43298845.59,13161913.79,426057.28,6650261.61,8,0.8124,598.29,0.304,0.1536,False
2024-08-28,3,2024,展览,国际航空航天展,62421,38351,565.31,21680203.81,2759180.73,316027.44,3377311.58,8,0.6144,565.31,0.1273,0.1558,False
2024-08-29,3,2024,商业活动,行业峰会论坛,35927,33340,2494.87,83178965.8,25259205.24,431893.09,21459427.04,8,0.928,2494.87,0.3037,0.258,False
2024-08-30,3,2024,演唱会,2024陈奕迅Fear and Dreams,74121,72277,1372.26,99182836.02,47922144.19,1677405.7,10228922.27,8,0.9751,1372.26,0.4832,0.1031,False
2024-08-30,3,2024,文化活动,2024春节文化庙会,59101,52805,697.77,36845744.85,11710115.63,331542.77,6054302.06,8,0.8935,697.77,0.3178,0.1643,False
2024-08-31,3,2024,展览,2024北京国际科技博览会,71955,44271,202.47,8963549.37,1373134.22,88917.0,1516082.21,8,0.6153,202.47,0.1532,0.1691,True
2024-08-31,3,2024,体育赛事,2024中超联赛北京德比,126604,89148,813.28,72502285.44,14615711.62,563600.81,12319872.24,8,0.7041,813.28,0.2016,0.1699,True
2024-09-03,3,2024,演唱会,毛不易小王巡演,55102,50312,2691.15,135397138.8,47798782.57,3381331.96,18034478.63,9,0.9131,2691.15,0.353,0.1332,False
2024-09-07,3,2024,演唱会,2024毛不易小王巡演,94673,86794,1379.4,119723643.6,35043009.76,2756624.22,14132566.47,9,0.9168,1379.4,0.2927,0.118,True
2024-09-09,3,2024,文化活动,2024非遗文化展示周,43068,35819,312.91,11208123.29,2308982.25,117975.35,2421976.5,9,0.8317,312.91,0.206,0.2161,False
2024-09-11,3,2024,文化活动,中国传统文化周,50854,42574,330.1,14053677.4,2809479.83,88779.89,2071588.65,9,0.8372,330.1,0.1999,0.1474,False
2024-09-12,3,2024,演唱会,2024张学友经典世界巡演,69602,59163,2563.3,151652517.9,77591234.03,2074086.12,17867777.51,9,0.85,2563.3,0.5116,0.1178,False
2024-09-13,3,2024,商业活动,2024品牌周年庆典,22688,17227,2544.5,43834101.5,27346470.39,308615.23,15799158.69,9,0.7593,2544.5,0.6239,0.3604,False
2024-09-13,3,2024,演唱会,薛之谦天外来物巡演,98873,87944,2000.94,175970667.36,52245978.65,2913769.66,30194359.27,9,0.8895,2000.94,0.2969,0.1716,False
2024-09-14,3,2024,演唱会,2024陈奕迅Fear and Dreams,83167,72415,2072.12,150052569.8,41920663.37,2853540.47,26848407.32,9,0.8707,2072.12,0.2794,0.1789,True
2024-09-14,3,2024,体育赛事,2024全国田径锦标赛,80804,59472,447.98,26642266.56,5064295.64,269370.95,6869939.11,9,0.736,447.98,0.1901,0.2579,True
2024-09-16,3,2024,演唱会,2024张杰未LIVE巡演,89200,76313,1103.96,84246499.48,27035062.99,1276944.45,8140397.44,9,0.8555,1103.96,0.3209,0.0966,False
2024-09-16,3,2024,文化活动,冰雪文化节,49555,38319,731.41,28026899.79,4852361.89,371168.98,3605749.67,9,0.7733,731.41,0.1731,0.1287,False
2024-09-17,3,2024,演唱会,2024周杰伦巡回演唱会,102719,95435,1856.87,177210388.45,67469326.99,3206262.4,25437002.14,9,0.9291,1856.87,0.3807,0.1435,False
2024-09-17,3,2024,商业活动,2024国际商务大会,28976,24738,1724.53,42661423.14,28351379.13,145356.19,13888930.56,9,0.8537,1724.53,0.6646,0.3256,False
2024-09-18,3,2024,文化活动,2024国庆文艺汇演,78214,53161,405.25,21543495.25,5912211.3,197893.53,2567802.12,9,0.6797,405.25,0.2744,0.1192,False
2024-09-19,3,2024,演唱会,2024张杰未LIVE巡演,90457,82442,2027.7,167167643.4,52945179.9,2166090.44,22481628.4,9,0.9114,2027.7,0.3167,0.1345,False
2024-09-19,3,2024,文化活动,国潮音乐节,55278,37313,415.96,15520715.48,2251755.78,156168.96,1904760.15,9,0.675,415.96,0.1451,0.1227,False
2024-09-20,3,2024,展览,2024数字艺术沉浸展,32442,24352,359.4,8752108.8,703873.17,87507.72,1505109.61,9,0.7506,359.4,0.0804,0.172,False
2024-09-24,3,2024,商业活动,2024电商购物节开幕式,25407,20383,3574.53,72859644.99,36160677.21,341299.87,23296468.55,9,0.8023,3574.53,0.4963,0.3197,False
2024-09-24,3,2024,演唱会,2024张学友经典世界巡演,72145,69775,2428.49,169447889.75,80444374.8,2219843.46,29657186.6,9,0.9671,2428.49,0.4747,0.175,False
2024-09-26,3,2024,体育赛事,2024中国足协杯决赛,79291,66182,951.31,62959598.42,15099309.79,689906.86,11262053.21,9,0.8347,951.31,0.2398,0.1789,False
2024-09-27,3,2024,演唱会,2024张杰未LIVE巡演,77416,74205,1889.0,140173245.0,48404274.76,1952803.88,17529431.89,9,0.9585,1889.0,0.3453,0.1251,False
2024-09-28,3,2024,演唱会,2024刘德华My Love巡演,73766,70349,1167.27,82116277.23,35561530.01,1311062.84,12543545.93,9,0.9537,1167.27,0.4331,0.1528,True
2024-09-29,3,2024,文化活动,2024非遗文化展示周,43380,34264,297.86,10205875.04,1722539.99,90325.53,1736349.43,9,0.7899,297.86,0.1688,0.1701,True
2024-10-01,4,2024,体育赛事,2024国际马术大师赛,77001,55627,529.07,29430576.89,6333634.36,166237.28,7328271.01,10,0.7224,529.07,0.2152,0.249,False
2024-10-02,4,2024,演唱会,王力宏龙的传人巡演,44740,38309,2321.22,88923616.98,20451008.58,1425034.28,12344198.13,10,0.8563,2321.22,0.23,0.1388,False
2024-10-03,4,2024,商业活动,世界500强企业峰会,15504,13591,2258.8,30699350.8,20647412.79,210342.15,10377513.26,10,0.8766,2258.8,0.6726,0.338,False
2024-10-03,4,2024,文化活动,2024北京国际电影节开幕式,56872,42340,688.81,29164215.4,7191591.35,235807.98,3870342.21,10,0.7445,688.81,0.2466,0.1327,False
2024-10-05,4,2024,体育赛事,2024NFL中国赛,95734,63919,717.26,45846541.94,5129507.58,458221.94,7044917.88,10,0.6677,717.26,0.1119,0.1537,True
2024-10-05,4,2024,文化活动,2024国庆文艺汇演,45122,35592,641.39,22828352.88,4755285.75,285657.29,4805457.64,10,0.7888,641.39,0.2083,0.2105,True
2024-10-05,4,2024,体育赛事,中超联赛北京德比,96648,72412,646.25,46796255.0,16189720.19,444496.84,13606702.43,10,0.7492,646.25,0.346,0.2908,True
2024-10-06,4,2024,演唱会,BLACKPINK世界巡演北京站,50773,46056,974.95,44902297.2,26420902.06,580629.58,4709863.54,10,0.9071,974.95,0.5884,0.1049,True
2024-10-06,4,2024,展览,2024国际文创博览会,48205,28476,346.46,9865794.96,1954488.89,143169.23,2102320.95,10,0.5907,346.46,0.1981,0.2131,True
2024-10-06,4,2024,演唱会,Taylor Swift世界巡演北京站,67318,62156,2282.61,141877907.16,61218235.35,3187026.97,21720004.45,10,0.9233,2282.61,0.4315,0.1531,True
2024-10-06,4,2024,展览,数字艺术沉浸展,37536,22729,148.64,3378438.56,272627.86,29579.41,804999.06,10,0.6055,148.64,0.0807,0.2383,True
2024-10-08,4,2024,展览,国际设计周,26527,15696,145.65,2286122.4,402731.7,21651.55,304142.54,10,0.5917,145.65,0.1762,0.133,False
2024-10-08,4,2024,演唱会,2024王力宏龙的传人巡演,77570,70087,1941.24,136055687.88,69784273.43,2671134.15,16336671.47,10,0.9035,1941.24,0.5129,0.1201,False
2024-10-08,4,2024,展览,2024国际设计周,43373,28304,257.99,7302148.96,1010914.82,101031.09,953908.09,10,0.6526,257.99,0.1384,0.1306,False
2024-10-08,4,2024,文化活动,2024非遗文化展示周,50930,42464,398.89,16938464.96,4157935.93,107734.93,1729140.99,10,0.8338,398.89,0.2455,0.1021,False
2024-10-09,4,2024,体育赛事,法国超级杯北京站,75850,54287,859.33,46650447.71,13212120.33,515351.74,8804359.71,10,0.7157,859.33,0.2832,0.1887,False
2024-10-10,4,2024,演唱会,2024Ed Sheeran中国巡演,60412,51909,1870.76,97109280.84,30207938.14,2035348.65,17184326.94,10,0.8592,1870.76,0.3111,0.177,False
2024-10-10,4,2024,展览,未来生活体验展,49218,39858,275.54,10982473.32,1447646.64,121429.26,1658245.18,10,0.8098,275.54,0.1318,0.151,False
2024-10-11,4,2024,体育赛事,2024中超联赛北京德比,76343,61192,318.33,19479249.36,6665717.98,129459.12,5195640.24,10,0.8015,318.33,0.3422,0.2667,False
2024-10-13,4,2024,文化活动,2024央视春晚分会场,51644,42100,207.44,8733224.0,1251559.33,101966.32,1053074.35,10,0.8152,207.44,0.1433,0.1206,True
2024-10-13,4,2024,展览,2024全球创新科技展,43199,33181,342.93,11378760.33,1516319.78,203272.69,2797430.47,10,0.7681,342.93,0.1333,0.2458,True
2024-10-15,4,2024,演唱会,孙燕姿克卜勒巡演,66709,57066,1050.32,59937561.12,27409495.16,1093001.79,8309518.73,10,0.8554,1050.32,0.4573,0.1386,False
2024-10-16,4,2024,展览,2024当代艺术大展,22472,15108,219.47,3315752.76,486620.29,44140.05,456570.77,10,0.6723,219.47,0.1468,0.1377,False
2024-10-17,4,2024,展览,2024未来生活体验展,25449,14316,249.71,3574848.36,262891.34,60657.24,541206.28,10,0.5625,249.71,0.0735,0.1514,False
2024-10-17,4,2024,展览,2024中国品牌日展览,47638,26713,317.32,8476569.16,1926766.45,103753.72,1362789.25,10,0.5607,317.32,0.2273,0.1608,False
2024-10-18,4,2024,演唱会,Taylor Swift世界巡演北京站,70080,64051,1584.62,101496495.62,61617333.31,1816379.5,12745240.16,10,0.914,1584.62,0.6071,0.1256,False
2024-10-18,4,2024,体育赛事,2024亚洲田径锦标赛,74298,51557,607.98,31345624.86,5076749.61,339536.1,7278862.53,10,0.6939,607.98,0.162,0.2322,False
2024-10-19,4,2024,文化活动,2024鸟巢新年音乐会,69166,47627,225.14,10722742.78,1670166.76,154799.88,1085531.96,10,0.6886,225.14,0.1558,0.1012,True
2024-10-19,4,2024,体育赛事,国际马术大师赛,77653,49024,337.13,16527461.12,5098266.63,86817.79,3883873.11,10,0.6313,337.13,0.3085,0.235,True
2024-10-19,4,2024,体育赛事,中国足协杯决赛,76483,60448,536.32,32419471.36,11558447.08,184894.47,7900094.31,10,0.7903,536.32,0.3565,0.2437,True
2024-10-24,4,2024,演唱会,李荣浩纵横四海巡演,80593,75664,1592.81,120518375.84,64320398.47,2051648.93,18912348.3,10,0.9388,1592.81,0.5337,0.1569,False
2024-10-26,4,2024,展览,国际摄影大展,37043,26052,283.08,7374800.16,768067.79,94732.09,1543533.12,10,0.7033,283.08,0.1041,0.2093,True
2024-10-26,4,2024,展览,2024中国品牌日展览,29070,19864,404.08,8026645.12,1233546.31,128187.24,1424519.39,10,0.6833,404.08,0.1537,0.1775,True
2024-10-27,4,2024,文化活动,2024鸟巢新年音乐会,44543,30167,563.87,17010266.29,2423698.85,201260.01,3354931.65,10,0.6773,563.87,0.1425,0.1972,True
2024-10-29,4,2024,体育赛事,2024中国足协杯决赛,85782,71732,814.75,58443647.0,14779323.82,373153.51,10912064.57,10,0.8362,814.75,0.2529,0.1867,False
2024-10-29,4,2024,商业活动,创业大赛总决赛,24984,18864,1777.36,33528119.04,16383549.42,263584.54,12478300.49,10,0.755,1777.36,0.4887,0.3722,False
2024-10-29,4,2024,体育赛事,2024全国运动会田径项目,96402,87432,417.51,36503734.32,6788307.76,310073.11,6162513.46,10,0.907,417.51,0.186,0.1688,False
2024-10-29,4,2024,展览,国际设计周,40396,27670,164.95,4564166.5,587268.37,49469.39,1011549.2,10,0.685,164.95,0.1287,0.2216,False
2024-10-31,4,2024,体育赛事,2024国际田联钻石联赛,100306,79031,499.36,39464920.16,7077866.12,397032.85,10109264.85,10,0.7879,499.36,0.1793,0.2562,False
2024-11-04,4,2024,体育赛事,2024NFL中国赛,67543,52072,773.35,40269881.2,6978957.44,401659.62,10698517.08,11,0.7709,773.35,0.1733,0.2657,False
2024-11-07,4,2024,展览,2024国际航空航天展,31453,23686,217.32,5147441.52,859173.13,75452.37,751279.3,11,0.7531,217.32,0.1669,0.146,False
2024-11-09,4,2024,展览,国际消费电子展,41883,25908,292.18,7569799.44,988873.52,81202.72,1794213.72,11,0.6186,292.18,0.1306,0.237,True
2024-11-12,4,2024,演唱会,2024王力宏龙的传人巡演,58832,53729,1051.25,56482611.25,22739923.74,725730.09,7822474.45,11,0.9133,1051.25,0.4026,0.1385,False
2024-11-15,4,2024,文化活动,2024世界文化遗产日庆典,36783,28281,345.73,9777590.13,1261348.94,106458.65,1331900.94,11,0.7689,345.73,0.129,0.1362,False
2024-11-16,4,2024,体育赛事,2024NBA中国赛北京站,75871,54078,695.29,37599892.62,7253902.45,246629.9,9496994.03,11,0.7128,695.29,0.1929,0.2526,True
2024-11-23,4,2024,演唱会,2024蔡依林Ugly Beauty巡演,69112,58990,616.44,36363795.6,15689171.32,862520.45,4795518.98,11,0.8535,616.44,0.4315,0.1319,True
2024-11-24,4,2024,演唱会,张学友经典世界巡演,62285,56101,1732.56,97198348.56,32324894.95,1337269.07,10597040.66,11,0.9007,1732.56,0.3326,0.109,True
2024-11-25,4,2024,体育赛事,法国超级杯北京站,84223,69786,698.08,48716210.88,6854926.76,263269.9,10022485.9,11,0.8286,698.08,0.1407,0.2057,False
2024-11-26,4,2024,文化活动,北京国际电影节开幕式,39425,27088,232.57,6299856.16,854391.49,50259.17,1251329.67,11,0.6871,232.57,0.1356,0.1986,False
2024-11-28,4,2024,文化活动,世界文化遗产日庆典,57462,46021,270.77,12461106.17,2041718.01,153336.62,2154425.33,11,0.8009,270.77,0.1638,0.1729,False
2024-12-01,4,2024,体育赛事,2024NFL中国赛,58914,44544,354.38,15785502.72,3335141.45,92987.7,2538043.38,12,0.7561,354.38,0.2113,0.1608,True
2024-12-02,4,2024,文化活动,2024冰雪文化节,32041,21161,279.5,5914499.5,1106993.52,81514.01,970376.0,12,0.6604,279.5,0.1872,0.1641,False
2024-12-05,4,2024,展览,2024当代艺术大展,39351,27182,276.13,7505765.66,1478546.92,93457.99,1166002.12,12,0.6908,276.13,0.197,0.1553,False
2024-12-06,4,2024,展览,2024全球创新科技展,26662,22330,76.83,1715613.9,280272.55,29379.46,218414.06,12,0.8375,76.83,0.1634,0.1273,False
2024-12-07,4,2024,体育赛事,北京马拉松起点仪式,70420,51512,616.76,31770541.12,9415119.95,325226.07,8768370.45,12,0.7315,616.76,0.2963,0.276,True
2024-12-08,4,2024,体育赛事,国际马术大师赛,62200,43372,363.15,15750541.8,2825288.49,85842.2,4459054.42,12,0.6973,363.15,0.1794,0.2831,True
2024-12-08,4,2024,演唱会,2024Ed Sheeran中国巡演,52164,47670,1304.73,62196479.1,23818100.96,1152577.19,7057704.83,12,0.9138,1304.73,0.3829,0.1135,True
2024-12-09,4,2024,展览,2024中国品牌日展览,33189,23113,211.33,4884470.29,401963.59,52775.11,640761.42,12,0.6964,211.33,0.0823,0.1312,False
2024-12-09,4,2024,演唱会,2024张杰未LIVE巡演,37927,32537,1342.63,43685152.31,22607152.93,553477.68,4461209.25,12,0.8579,1342.63,0.5175,0.1021,False
2024-12-13,4,2024,文化活动,2024非遗文化展示周,30240,26524,400.4,10620209.6,2456838.48,73021.55,2068298.06,12,0.8771,400.4,0.2313,0.1948,False
2024-12-15,4,2024,演唱会,2024刘德华My Love巡演,61859,54898,998.25,54801928.5,20201706.72,1260913.93,5840748.52,12,0.8875,998.25,0.3686,0.1066,True
2024-12-15,4,2024,演唱会,2024蔡依林Ugly Beauty巡演,63814,62203,1344.24,83615760.72,24779255.37,1081761.17,7994544.67,12,0.9748,1344.24,0.2963,0.0956,True
2024-12-19,4,2024,文化活动,2024中秋赏月晚会,27867,24752,193.79,4796690.08,1176562.74,47360.37,640927.47,12,0.8882,193.79,0.2453,0.1336,False
2024-12-20,4,2024,展览,当代艺术大展,27479,22585,282.87,6388618.95,772737.41,63450.74,1559023.34,12,0.8219,282.87,0.121,0.244,False
2024-12-22,4,2024,商业活动,品牌周年庆典,17355,16315,880.46,14364704.9,6329343.03,109893.49,3618055.37,12,0.9401,880.46,0.4406,0.2519,True
2024-12-23,4,2024,演唱会,张学友经典世界巡演,63002,55799,1833.64,102315278.36,58637744.12,1888633.05,16028600.11,12,0.8857,1833.64,0.5731,0.1567,False
2024-12-27,4,2024,商业活动,2024世界500强企业峰会,20856,15972,1643.16,26244551.52,15691780.74,161523.79,9053857.41,12,0.7658,1643.16,0.5979,0.345,False
2024-12-29,4,2024,展览,全球创新科技展,21885,14374,288.08,4140861.92,564664.14,40545.95,762209.6,12,0.6568,288.08,0.1364,0.1841,True
2024-12-30,4,2024,展览,北京国际科技博览会,29835,24879,208.55,5188515.45,660498.64,48954.66,935912.32,12,0.8339,208.55,0.1273,0.1804,False
2024-12-30,4,2024,商业活动,2024金融峰会,10969,9792,1788.25,17510544.0,6881526.69,98905.99,7342207.07,12,0.8927,1788.25,0.393,0.4193,False
2024-12-31,4,2024,体育赛事,2024意大利超级杯,66302,57689,713.43,41157063.27,12976107.82,414703.26,7806831.01,12,0.8701,713.43,0.3153,0.1897,False
2025-01-01,1,2025,文化活动,2025非遗文化展示周,51167,45108,532.89,24037602.12,2655383.64,151627.54,4976233.97,1,0.8816,532.89,0.1105,0.207,False
2025-01-01,1,2025,展览,国际消费电子展,26557,19570,274.52,5372356.4,1317695.0,68158.04,1150122.52,1,0.7369,274.52,0.2453,0.2141,False
2025-01-02,1,2025,展览,2025国际航空航天展,35742,30047,145.48,4371237.56,382574.64,40400.7,804389.55,1,0.8407,145.48,0.0875,0.184,False
2025-01-04,1,2025,演唱会,五月天人生无限公司,44473,42466,1506.58,63978426.28,25265796.5,1249728.78,6521939.73,1,0.9549,1506.58,0.3949,0.1019,True
2025-01-05,1,2025,体育赛事,2025意大利超级杯,54664,45491,499.58,22726393.78,3168878.84,190958.89,5684691.93,1,0.8322,499.58,0.1394,0.2501,True
2025-01-07,1,2025,演唱会,2025林俊杰圣所演唱会,64241,57172,1521.78,87003206.16,47080164.84,1584239.33,13700454.63,1,0.89,1521.78,0.5411,0.1575,False
2025-01-08,1,2025,展览,2025当代艺术大展,37203,29440,212.09,6243929.6,773765.57,52409.17,1397140.52,1,0.7913,212.09,0.1239,0.2238,False
2025-01-09,1,2025,演唱会,刘德华My Love巡演,41023,36878,1195.79,44098343.62,12528551.45,975093.3,7772957.77,1,0.899,1195.79,0.2841,0.1763,False
2025-01-11,1,2025,商业活动,2025互联网大会开幕式,16471,14151,899.16,12724013.16,5618635.48,60659.65,3564334.1,1,0.8591,899.16,0.4416,0.2801,True
2025-01-12,1,2025,演唱会,孙燕姿克卜勒巡演,53595,47721,1075.05,51302461.05,20490697.77,929167.45,9046976.93,1,0.8904,1075.05,0.3994,0.1763,True
2025-01-14,1,2025,体育赛事,2025国际田联钻石联赛,74300,61349,346.05,21229821.45,3247242.71,208130.0,4835417.76,1,0.8257,346.05,0.153,0.2278,False
2025-01-18,1,2025,商业活动,2025科技产品首发仪式,7579,6190,1720.61,10650575.9,6711685.98,79865.53,3130652.57,1,0.8167,1720.61,0.6302,0.2939,True
2025-01-18,1,2025,展览,数字艺术沉浸展,21034,15508,133.93,2076986.44,235737.77,31051.66,315676.26,1,0.7373,133.93,0.1135,0.152,True
2025-01-20,1,2025,商业活动,2025创业大赛总决赛,5278,4194,1273.82,5342401.08,3318608.37,34875.59,1386063.14,1,0.7946,1273.82,0.6212,0.2594,False
2025-01-20,1,2025,演唱会,2025华晨宇火星演唱会,34401,32577,811.35,26431348.95,13378065.9,470537.08,4177576.97,1,0.947,811.35,0.5061,0.1581,False
2025-01-21,1,2025,商业活动,2025品牌周年庆典,13012,11338,1757.03,19921206.14,7788693.3,133097.7,5633015.82,1,0.8713,1757.03,0.391,0.2828,False
2025-01-23,1,2025,体育赛事,2025世界斯诺克中国公开赛,51293,32424,487.81,15816751.44,2775711.49,130706.45,3953784.71,1,0.6321,487.81,0.1755,0.25,False
2025-01-23,1,2025,体育赛事,2025NBA中国赛北京站,55415,46669,603.97,28186675.93,8098547.44,174382.48,7781261.46,1,0.8422,603.97,0.2873,0.2761,False
2025-01-25,1,2025,体育赛事,2025国际足球友谊赛,67297,44384,237.77,10553183.68,3192630.74,72258.22,2472093.24,1,0.6595,237.77,0.3025,0.2343,True
2025-01-25,1,2025,体育赛事,2025国际田联钻石联赛,63920,58728,345.18,20271731.04,6699921.54,184300.23,3337159.8,1,0.9188,345.18,0.3305,0.1646,True
2025-01-26,1,2025,文化活动,2025中国传统文化周,44651,39863,211.24,8420660.12,1915211.18,77839.62,1368194.77,1,0.8928,211.24,0.2274,0.1625,True
2025-01-26,1,2025,演唱会,2025张杰未LIVE巡演,34120,30838,1530.58,47200026.04,18741218.56,695167.9,5742004.23,1,0.9038,1530.58,0.3971,0.1217,True
2025-01-27,1,2025,商业活动,2025行业峰会论坛,18910,14194,2257.4,32041535.6,9970653.39,104998.28,10246346.04,1,0.7506,2257.4,0.3112,0.3198,False
2025-01-28,1,2025,演唱会,2025李荣浩纵横四海巡演,58011,51418,804.73,41377607.14,12590011.23,818827.4,5261268.2,1,0.8863,804.73,0.3043,0.1272,False
2025-02-01,1,2025,展览,数字艺术沉浸展,37944,29479,209.28,6169365.12,806604.99,64980.13,768782.13,2,0.7769,209.28,0.1307,0.1246,True
2025-02-02,1,2025,展览,2025国际设计周,26362,19468,83.26,1620905.68,246202.97,23385.46,313608.45,2,0.7385,83.26,0.1519,0.1935,True
2025-02-02,1,2025,体育赛事,2025北京马拉松起点仪式,65977,46310,393.28,18212796.8,4305882.69,200640.42,3581974.63,2,0.7019,393.28,0.2364,0.1967,True
2025-02-07,1,2025,商业活动,2025明星代言签约仪式,16603,12861,1171.61,15068076.21,9459464.45,70398.65,5028425.44,2,0.7746,1171.61,0.6278,0.3337,False
2025-02-18,1,2025,展览,国际文创博览会,33776,22977,134.03,3079607.31,532594.91,30833.07,443790.08,2,0.6803,134.03,0.1729,0.1441,False
2025-02-19,1,2025,体育赛事,2025全国运动会田径项目,52476,37372,214.88,8030495.36,1316744.05,78478.55,1602361.6,2,0.7122,214.88,0.164,0.1995,False
2025-02-20,1,2025,体育赛事,2025国际足球友谊赛,54769,34643,462.67,16028276.81,5011030.05,151615.33,3606902.71,2,0.6325,462.67,0.3126,0.225,False
2025-02-22,1,2025,文化活动,冰雪文化节,35507,25527,453.64,11580068.28,1828639.98,111671.6,1541316.79,2,0.7189,453.64,0.1579,0.1331,True
2025-02-27,1,2025,文化活动,2025中秋赏月晚会,43663,29192,249.38,7279900.96,1057255.38,76601.44,975227.59,2,0.6686,249.38,0.1452,0.134,False
2025-03-02,1,2025,演唱会,华晨宇火星演唱会,49171,48095,1761.97,84741947.15,45577122.56,1466013.82,15081440.47,3,0.9781,1761.97,0.5378,0.178,True
2025-03-02,1,2025,体育赛事,2025世界斯诺克中国公开赛,76140,67678,320.06,21661020.68,3422774.14,170075.47,6211058.89,3,0.8889,320.06,0.158,0.2867,True
2025-03-03,1,2025,商业活动,品牌周年庆典,17214,13092,507.37,6642488.04,3439397.95,50060.37,1775491.85,3,0.7605,507.37,0.5178,0.2673,False
2025-03-03,1,2025,体育赛事,2025国际足球友谊赛,74421,63214,672.4,42505093.6,7357075.64,354891.04,6497152.0,3,0.8494,672.4,0.1731,0.1529,False
2025-03-08,1,2025,展览,北京国际科技博览会,32732,25988,179.58,4666925.04,356076.3,69092.49,1009410.82,3,0.794,179.58,0.0763,0.2163,True
2025-03-11,1,2025,商业活动,2025国际商务大会,20248,18845,527.45,9939795.25,3212019.95,42901.7,3363412.99,3,0.9307,527.45,0.3231,0.3384,False
2025-03-12,1,2025,商业活动,2025世界500强企业峰会,15242,12467,2181.61,27198131.87,24330177.55,150781.93,9725031.29,3,0.8179,2181.61,0.8946,0.3576,False
2025-03-16,1,2025,体育赛事,全国田径锦标赛,81225,56451,795.21,44890399.71,10499201.35,374040.21,9877352.86,3,0.695,795.21,0.2339,0.22,True
2025-03-20,1,2025,展览,国际摄影大展,27563,22208,189.28,4203530.24,702725.46,53105.26,904677.65,3,0.8057,189.28,0.1672,0.2152,False
2025-03-24,1,2025,演唱会,2025张学友经典世界巡演,57287,50748,894.71,45404743.08,20864250.63,901374.33,7061013.23,3,0.8859,894.71,0.4595,0.1555,False
2025-03-24,1,2025,展览,2025国际摄影大展,38633,27860,85.68,2387044.8,269452.69,24656.38,594569.52,3,0.7211,85.68,0.1129,0.2491,False
2025-03-25,1,2025,商业活动,科技产品首发仪式,11872,11027,932.59,10283669.93,5216915.26,71336.96,2674014.22,3,0.9288,932.59,0.5073,0.26,False
2025-03-28,1,2025,演唱会,张学友经典世界巡演,46967,43923,1279.46,56197721.58,25428776.38,1008039.79,6454245.06,3,0.9352,1279.46,0.4525,0.1148,False
2025-03-28,1,2025,商业活动,行业峰会论坛,16520,15205,735.97,11190423.85,6980887.9,53093.48,4163977.56,3,0.9204,735.97,0.6238,0.3721,False
2025-03-29,1,2025,展览,未来生活体验展,25438,14227,142.18,2022794.86,205580.51,34790.8,303883.02,3,0.5593,142.18,0.1016,0.1502,True
2025-03-30,1,2025,体育赛事,2025中超联赛北京德比,67792,50303,712.88,35860002.64,5796954.73,408050.08,7462522.53,3,0.742,712.88,0.1617,0.2081,True
2025-03-30,1,2025,体育赛事,2025中国足协杯决赛,73868,61232,710.59,43510846.88,9521769.19,421814.38,9772419.58,3,0.8289,710.59,0.2188,0.2246,True
2025-03-31,1,2025,展览,国际汽车展览会,46133,25599,300.64,7696083.36,676560.4,124868.37,1129563.23,3,0.5549,300.64,0.0879,0.1468,False
2025-04-01,2,2025,体育赛事,2025法国超级杯北京站,93108,70921,678.76,48138337.96,10234701.95,351115.25,9703825.52,4,0.7617,678.76,0.2126,0.2016,False
2025-04-02,2,2025,演唱会,2025华晨宇火星演唱会,86139,74871,1646.16,123249645.36,67813114.85,2890451.04,14005285.13,4,0.8692,1646.16,0.5502,0.1136,False
2025-04-04,2,2025,展览,2025中国品牌日展览,51508,41673,90.53,3772656.69,389749.08,59969.21,604205.04,4,0.8091,90.53,0.1033,0.1602,False
2025-04-05,2,2025,演唱会,2025张杰未LIVE巡演,49283,44430,814.07,36169130.1,16345972.1,766426.72,4058879.61,4,0.9015,814.07,0.4519,0.1122,True
2025-04-05,2,2025,展览,2025当代艺术大展,24142,17002,322.72,5486885.44,614841.9,97246.19,871176.29,4,0.7042,322.72,0.1121,0.1588,True
2025-04-05,2,2025,演唱会,2025蔡依林Ugly Beauty巡演,76268,68727,1404.38,96518824.26,37281100.63,2305750.26,15937689.84,4,0.9011,1404.38,0.3863,0.1651,True
2025-04-05,2,2025,体育赛事,2025北京马拉松起点仪式,67004,48657,813.3,39572738.1,7821003.34,474265.53,11118702.1,4,0.7262,813.3,0.1976,0.281,True
2025-04-06,2,2025,演唱会,2025孙燕姿克卜勒巡演,74641,65278,1925.79,125711719.62,46705078.94,2504063.78,17717353.57,4,0.8746,1925.79,0.3715,0.1409,True
2025-04-07,2,2025,演唱会,2025五月天人生无限公司,60316,55739,1172.4,65348403.6,19948193.5,1475551.55,8014926.42,4,0.9241,1172.4,0.3053,0.1226,False
2025-04-11,2,2025,演唱会,BTS巡演北京站,57106,51104,2049.85,104755534.4,32007366.63,1435890.57,17004082.29,4,0.8949,2049.85,0.3055,0.1623,False
2025-04-12,2,2025,文化活动,2025世界文化遗产日庆典,59124,50805,688.78,34993467.9,3020005.35,382682.44,4608951.7,4,0.8593,688.78,0.0863,0.1317,True
2025-04-12,2,2025,体育赛事,2025国际足球友谊赛,72606,45829,687.7,31516603.3,4680885.83,251031.06,7315971.5,4,0.6312,687.7,0.1485,0.2321,True
2025-04-13,2,2025,体育赛事,全国田径锦标赛,97105,66214,876.43,58031936.02,14029498.64,559981.28,16202082.16,4,0.6819,876.43,0.2418,0.2792,True
2025-04-14,2,2025,展览,2025国际消费电子展,45408,37280,100.34,3740675.2,571325.9,51744.6,534062.19,4,0.821,100.34,0.1527,0.1428,False
2025-04-14,2,2025,体育赛事,2025世界斯诺克中国公开赛,95136,68913,685.51,47240550.63,6702211.82,429894.66,7423024.42,4,0.7244,685.51,0.1419,0.1571,False
2025-04-15,2,2025,体育赛事,法国超级杯北京站,89571,64580,884.3,57108094.0,15384180.0,398533.62,11128272.09,4,0.721,884.3,0.2694,0.1949,False
2025-04-16,2,2025,商业活动,2025世界500强企业峰会,6372,5084,2067.4,10510661.6,4495184.16,79876.93,4648277.86,4,0.7979,2067.4,0.4277,0.4422,False
2025-04-16,2,2025,展览,2025国际汽车展览会,23744,19068,194.34,3705675.12,567136.15,33002.85,615297.92,4,0.8031,194.34,0.153,0.166,False
2025-04-17,2,2025,演唱会,2025BLACKPINK世界巡演北京站,46682,44325,1327.77,58853405.25,27941709.77,1251890.84,5073127.97,4,0.9495,1327.77,0.4748,0.0862,False
2025-04-17,2,2025,演唱会,2025孙燕姿克卜勒巡演,52838,47889,2260.38,108247337.82,43167112.3,2460569.32,18308437.14,4,0.9063,2260.38,0.3988,0.1691,False
2025-04-17,2,2025,商业活动,2025科技产品首发仪式,5979,4592,928.75,4264820.0,1550732.32,22477.85,1383265.62,4,0.768,928.75,0.3636,0.3243,False
2025-04-18,2,2025,体育赛事,2025北京马拉松起点仪式,92365,78450,682.28,53524866.0,8018640.06,362285.1,12121452.81,4,0.8493,682.28,0.1498,0.2265,False
2025-04-18,2,2025,商业活动,2025品牌新品发布会,13729,12033,1916.69,23063530.77,12605253.36,129333.71,5874718.17,4,0.8765,1916.69,0.5465,0.2547,False
2025-04-19,2,2025,演唱会,王力宏龙的传人巡演,46226,41382,2257.46,93418209.72,33484021.08,1914151.66,13531606.67,4,0.8952,2257.46,0.3584,0.1448,True
2025-04-20,2,2025,文化活动,2025国庆文艺汇演,53625,40251,322.34,12974507.34,4318127.53,126434.64,1910487.51,4,0.7506,322.34,0.3328,0.1472,True
2025-04-20,2,2025,体育赛事,2025法国超级杯北京站,67765,59163,625.72,37019472.36,7634068.01,210862.4,10865412.21,4,0.8731,625.72,0.2062,0.2935,True
2025-04-20,2,2025,展览,数字艺术沉浸展,31354,24581,247.43,6082076.83,1226847.17,89829.72,1132919.63,4,0.784,247.43,0.2017,0.1863,True
2025-04-20,2,2025,商业活动,2025国际商务大会,7913,6907,1556.13,10748189.91,6785770.77,62796.26,4004351.76,4,0.8729,1556.13,0.6313,0.3726,True
2025-04-21,2,2025,商业活动,2025金融峰会,14295,12838,715.01,9179298.38,2741739.27,48125.64,2682707.67,4,0.8981,715.01,0.2987,0.2923,False
2025-04-21,2,2025,演唱会,2025Taylor Swift世界巡演北京站,55120,47774,1100.32,52566687.68,27461126.53,1028885.97,9039479.58,4,0.8667,1100.32,0.5224,0.172,False
2025-04-22,2,2025,演唱会,2025张学友经典世界巡演,52792,45690,1501.17,68588457.3,31775434.08,1459586.35,5876324.19,4,0.8655,1501.17,0.4633,0.0857,False
2025-04-25,2,2025,演唱会,邓紫棋启示录巡演,57102,52531,2249.09,118146946.79,37499724.94,1673955.87,11496167.75,4,0.92,2249.09,0.3174,0.0973,False
2025-04-25,2,2025,演唱会,薛之谦天外来物巡演,86247,79170,1569.47,124254939.9,50642336.1,2252609.41,14029144.21,4,0.9179,1569.47,0.4076,0.1129,False
2025-04-27,2,2025,体育赛事,意大利超级杯,78794,72098,653.79,47136951.42,18985989.33,461719.81,9387067.89,4,0.915,653.79,0.4028,0.1991,True
2025-05-01,2,2025,商业活动,国际商务大会,19831,15834,3022.31,47855256.54,31177193.54,333570.77,20532922.38,5,0.7984,3022.31,0.6515,0.4291,False
2025-05-02,2,2025,展览,2025当代艺术大展,57477,35902,176.75,6345678.5,1029148.01,79145.89,1284402.65,5,0.6246,176.75,0.1622,0.2024,False
2025-05-03,2,2025,展览,国际航空航天展,57945,44084,189.14,8338047.76,902017.97,72963.86,1801793.84,5,0.7608,189.14,0.1082,0.2161,True
2025-05-05,2,2025,展览,2025未来生活体验展,48626,36395,134.05,4878749.75,519073.24,66962.15,1070792.03,5,0.7485,134.05,0.1064,0.2195,False
2025-05-05,2,2025,文化活动,2025中秋赏月晚会,77348,68783,707.61,48671538.63,6350744.76,324909.82,9838624.29,5,0.8893,707.61,0.1305,0.2021,False
2025-05-07,2,2025,展览,2025数字艺术沉浸展,53717,40749,95.21,3879712.29,362102.03,57167.56,954266.85,5,0.7586,95.21,0.0933,0.246,False
2025-05-08,2,2025,体育赛事,2025NFL中国赛,98417,71374,584.35,41707396.9,10927843.18,378163.75,9479212.19,5,0.7252,584.35,0.262,0.2273,False
2025-05-09,2,2025,展览,当代艺术大展,53477,30519,126.12,3849056.28,354803.81,49102.41,661875.5,5,0.5707,126.12,0.0922,0.172,False
2025-05-10,2,2025,商业活动,2025电商购物节开幕式,24339,18560,2814.98,52246028.8,40375890.37,245143.31,14783558.75,5,0.7626,2814.98,0.7728,0.283,True
2025-05-10,2,2025,演唱会,李荣浩纵横四海巡演,68111,60051,1337.9,80342232.9,26874620.63,1720936.53,10378021.45,5,0.8817,1337.9,0.3345,0.1292,True
2025-05-10,2,2025,演唱会,蔡依林Ugly Beauty巡演,54118,46248,1279.0,59151192.0,26831934.98,1220181.18,5431847.4,5,0.8546,1279.0,0.4536,0.0918,True
2025-05-11,2,2025,展览,北京国际科技博览会,45601,35206,246.94,8693769.64,1350068.07,131013.75,1335230.78,5,0.772,246.94,0.1553,0.1536,True
2025-05-11,2,2025,展览,2025国际消费电子展,36402,26611,169.7,4515886.7,466806.2,54609.39,715080.32,5,0.731,169.7,0.1034,0.1583,True
2025-05-13,2,2025,展览,国际设计周,24456,19274,256.47,4943202.78,960593.95,80640.33,916911.97,5,0.7881,256.47,0.1943,0.1855,False
2025-05-15,2,2025,文化活动,2025冰雪文化节,54463,46553,612.01,28490901.53,3673516.88,357760.31,4740731.71,5,0.8548,612.01,0.1289,0.1664,False
2025-05-16,2,2025,展览,2025国际文创博览会,38322,24878,381.78,9497922.84,1520756.16,105870.67,2158546.65,5,0.6492,381.78,0.1601,0.2273,False
2025-05-23,2,2025,演唱会,2025毛不易小王巡演,52435,49837,1203.32,59969858.84,28635956.07,871294.71,5255792.77,5,0.9505,1203.32,0.4775,0.0876,False
2025-05-23,2,2025,文化活动,2025北京国际电影节开幕式,54063,45140,600.21,27093479.4,3501479.76,287681.36,4783118.12,5,0.835,600.21,0.1292,0.1765,False
2025-05-23,2,2025,体育赛事,2025全国运动会田径项目,83653,51220,428.54,21949818.8,3227718.95,203473.4,3445025.9,5,0.6123,428.54,0.147,0.157,False
2025-05-24,2,2025,商业活动,世界500强企业峰会,15567,12002,863.88,10368287.76,7611907.89,72637.05,3157737.67,5,0.771,863.88,0.7342,0.3046,True
2025-05-27,2,2025,体育赛事,2025意大利超级杯,89157,80729,429.08,34639199.32,9447170.3,399650.95,6376113.24,5,0.9055,429.08,0.2727,0.1841,False
2025-05-27,2,2025,展览,2025国际消费电子展,45829,34841,410.11,14288642.51,1069395.38,215619.36,3494795.82,5,0.7602,410.11,0.0748,0.2446,False
2025-05-28,2,2025,演唱会,2025李荣浩纵横四海巡演,65753,61564,1233.96,75967513.44,27666770.63,1227680.28,11497396.27,5,0.9363,1233.96,0.3642,0.1513,False
2025-05-28,2,2025,体育赛事,2025中国足协杯决赛,72549,66181,569.95,37719860.95,6164118.77,230532.9,11311075.88,5,0.9122,569.95,0.1634,0.2999,False
2025-05-31,2,2025,商业活动,电商购物节开幕式,14050,11324,2768.03,31345171.72,16751398.01,120760.19,10156007.18,5,0.806,2768.03,0.5344,0.324,True
2025-05-31,2,2025,演唱会,2025Coldplay北京演唱会,71251,62069,873.84,54238374.96,22886918.34,1246892.39,6726500.7,5,0.8711,873.84,0.422,0.124,True
2025-06-01,2,2025,商业活动,电商购物节开幕式,31147,29226,2071.82,60551011.32,42094056.74,333716.89,25267650.99,6,0.9383,2071.82,0.6952,0.4173,True
2025-06-01,2,2025,演唱会,2025五月天人生无限公司,96340,93979,2459.42,231133832.18,107564456.37,3971638.57,37887265.73,6,0.9755,2459.42,0.4654,0.1639,True
2025-06-03,2,2025,演唱会,刘德华My Love巡演,60015,56125,2248.91,126220073.75,28386834.54,2474055.08,21606696.35,6,0.9352,2248.91,0.2249,0.1712,False
2025-06-04,2,2025,体育赛事,NBA中国赛北京站,89133,80625,818.34,65978662.5,20119489.03,463792.23,13183587.12,6,0.9045,818.34,0.3049,0.1998,False
2025-06-05,2,2025,展览,2025北京国际科技博览会,49688,41157,437.84,18020180.88,2654754.41,286853.65,3176727.94,6,0.8283,437.84,0.1473,0.1763,False
2025-06-05,2,2025,演唱会,李荣浩纵横四海巡演,85548,79814,2841.17,226765142.38,130440589.31,4502872.71,37763625.66,6,0.933,2841.17,0.5752,0.1665,False
2025-06-07,2,2025,展览,2025国际摄影大展,42750,30527,167.25,5105640.75,470661.45,88273.38,663233.89,6,0.7141,167.25,0.0922,0.1299,True
2025-06-07,2,2025,体育赛事,2025中国足协杯决赛,122181,91151,1016.95,92696009.45,13901260.73,528275.0,25933710.62,6,0.746,1016.95,0.15,0.2798,True
2025-06-08,2,2025,展览,2025国际航空航天展,42796,29265,395.31,11568747.15,1955155.22,134814.41,2464892.16,6,0.6838,395.31,0.169,0.2131,True
2025-06-11,2,2025,体育赛事,2025中国足协杯决赛,121014,104723,483.1,50591681.3,10592600.64,358358.43,12320835.54,6,0.8654,483.1,0.2094,0.2435,False
2025-06-12,2,2025,体育赛事,2025国际马术大师赛,118187,85556,1221.63,104517776.28,21232975.69,1142431.42,28251508.9,6,0.7239,1221.63,0.2032,0.2703,False
2025-06-14,2,2025,体育赛事,2025NFL中国赛,95154,60397,524.15,31657087.55,4401976.38,363565.67,6263750.84,6,0.6347,524.15,0.1391,0.1979,True
2025-06-16,2,2025,展览,2025全球创新科技展,55645,46639,486.8,22703865.2,1676621.67,370778.96,5157407.71,6,0.8382,486.8,0.0738,0.2272,False
2025-06-16,2,2025,演唱会,2025Coldplay北京演唱会,86083,75424,2860.8,215772979.2,78045110.92,4566280.67,33259974.59,6,0.8762,2860.8,0.3617,0.1541,False
2025-06-17,2,2025,商业活动,2025品牌周年庆典,16072,13445,3316.22,44586577.9,28382077.51,143267.49,14963991.06,6,0.8365,3316.22,0.6366,0.3356,False
2025-06-18,2,2025,商业活动,2025行业峰会论坛,35551,26917,3100.03,83443507.51,36165532.45,409269.62,22459076.39,6,0.7571,3100.03,0.4334,0.2692,False
2025-06-19,2,2025,文化活动,2025北京国际电影节开幕式,64236,57698,290.16,16741651.68,3914582.64,165738.1,2015963.66,6,0.8982,290.16,0.2338,0.1204,False
2025-06-20,2,2025,文化活动,世界文化遗产日庆典,45127,29953,565.22,16930034.66,1987556.62,201947.38,2152373.36,6,0.6637,565.22,0.1174,0.1271,False
2025-06-22,2,2025,体育赛事,2025亚洲田径锦标赛,112121,97803,1076.98,105331874.94,32008054.44,981746.34,21533701.1,6,0.8723,1076.98,0.3039,0.2044,True
2025-06-23,2,2025,演唱会,2025李荣浩纵横四海巡演,68222,60310,2695.9,162589729.0,64394686.51,3453101.94,22793859.81,6,0.884,2695.9,0.3961,0.1402,False
2025-06-23,2,2025,商业活动,企业年会盛典,15475,11782,1389.75,16374034.5,7700338.8,79362.98,7122849.99,6,0.7614,1389.75,0.4703,0.435,False
2025-06-25,2,2025,体育赛事,2025世界斯诺克中国公开赛,122927,91492,1225.6,112132595.2,17329125.95,898191.35,25931375.1,6,0.7443,1225.6,0.1545,0.2313,False
2025-06-25,2,2025,体育赛事,2025世界田径锦标赛,116625,72754,822.64,59850350.56,20268687.91,705957.69,9201239.8,6,0.6238,822.64,0.3387,0.1537,False
2025-06-27,2,2025,演唱会,Coldplay北京演唱会,58469,56937,1796.39,102281057.43,45953457.95,1311737.4,16083896.8,6,0.9738,1796.39,0.4493,0.1573,False
2025-06-28,2,2025,文化活动,2025鸟巢新年音乐会,57822,49838,554.29,27624705.02,6741289.22,175802.33,5484606.75,6,0.8619,554.29,0.244,0.1985,True
2025-06-28,2,2025,演唱会,2025BTS巡演北京站,99489,92982,1152.89,107198017.98,36070359.02,1637935.11,13498495.33,6,0.9346,1152.89,0.3365,0.1259,True
2025-06-30,2,2025,展览,2025国际设计周,47991,38979,517.38,20166955.02,1877507.08,173438.0,4047389.32,6,0.8122,517.38,0.0931,0.2007,False
2025-07-01,3,2025,展览,当代艺术大展,67488,46065,533.43,24572452.95,2272986.85,333572.27,3351238.01,7,0.6826,533.43,0.0925,0.1364,False
2025-07-02,3,2025,演唱会,华晨宇火星演唱会,74413,64405,3489.22,224723214.1,89358105.49,5591589.56,26602391.84,7,0.8655,3489.22,0.3976,0.1184,False
2025-07-03,3,2025,演唱会,2025李荣浩纵横四海巡演,130994,113441,3263.97,370268020.77,203458213.23,8851111.62,62626134.46,7,0.866,3263.97,0.5495,0.1691,False
2025-07-03,3,2025,商业活动,2025明星代言签约仪式,18075,13823,2709.98,37460053.54,18081997.19,236932.11,10937032.29,7,0.7648,2709.98,0.4827,0.292,False
2025-07-04,3,2025,文化活动,非遗文化展示周,78055,64777,723.19,46846078.63,9813499.88,309238.67,9019357.55,7,0.8299,723.19,0.2095,0.1925,False
2025-07-06,3,2025,文化活动,2025鸟巢新年音乐会,52353,41842,798.78,33422552.76,7635508.77,390454.89,3865266.96,7,0.7992,798.78,0.2285,0.1156,True
2025-07-06,3,2025,演唱会,刘德华My Love巡演,124743,108682,3227.59,350780936.38,167674182.12,6479076.22,38653026.36,7,0.8712,3227.59,0.478,0.1102,True
2025-07-07,3,2025,商业活动,品牌周年庆典,33952,27842,1702.43,47399056.06,28550505.02,200614.73,15934912.74,7,0.82,1702.43,0.6023,0.3362,False
2025-07-07,3,2025,体育赛事,2025全国田径锦标赛,115352,97961,523.17,51250256.37,8871460.83,576163.42,12109099.65,7,0.8492,523.17,0.1731,0.2363,False
2025-07-07,3,2025,展览,2025当代艺术大展,60311,35180,514.18,18088852.4,3776648.82,179157.32,2809383.59,7,0.5833,514.18,0.2088,0.1553,False
2025-07-09,3,2025,体育赛事,2025意大利超级杯,140126,101909,703.85,71728649.65,17474922.39,527458.54,21294431.67,7,0.7273,703.85,0.2436,0.2969,False
2025-07-11,3,2025,展览,国际汽车展览会,39681,31318,236.65,7411404.7,728004.56,65004.1,932629.2,7,0.7892,236.65,0.0982,0.1258,False
2025-07-11,3,2025,演唱会,2025Ed Sheeran中国巡演,127986,116805,1806.16,210968518.8,111535085.18,4768112.55,17533252.05,7,0.9126,1806.16,0.5287,0.0831,False
2025-07-13,3,2025,展览,2025国际航空航天展,49332,30301,573.35,17373078.35,2781299.52,200163.56,3806458.86,7,0.6142,573.35,0.1601,0.2191,True
2025-07-15,3,2025,展览,国际航空航天展,58927,44889,415.14,18635219.46,2890013.98,244864.31,4585826.78,7,0.7618,415.14,0.1551,0.2461,False
2025-07-15,3,2025,文化活动,世界文化遗产日庆典,90833,78616,813.07,63920311.12,8495612.25,804895.76,9294918.19,7,0.8655,813.07,0.1329,0.1454,False
2025-07-17,3,2025,演唱会,2025Taylor Swift世界巡演北京站,101725,90778,1902.57,172711499.46,60468753.72,2689432.14,16460055.13,7,0.8924,1902.57,0.3501,0.0953,False
2025-07-17,3,2025,商业活动,2025金融峰会,24330,21202,4484.72,95085033.44,58532431.96,742142.89,26668956.94,7,0.8714,4484.72,0.6156,0.2805,False
2025-07-18,3,2025,演唱会,2025BTS巡演北京站,92973,84867,3337.1,283209665.7,148839273.19,3826016.01,28148248.75,7,0.9128,3337.1,0.5255,0.0994,False
2025-07-18,3,2025,体育赛事,全国运动会田径项目,124082,92026,652.33,60031320.58,15443508.66,421452.25,10926535.99,7,0.7417,652.33,0.2573,0.182,False
2025-07-19,3,2025,演唱会,2025华晨宇火星演唱会,68399,60625,1942.32,117753150.0,41476599.51,2710929.22,12381754.56,7,0.8863,1942.32,0.3522,0.1052,True
2025-07-19,3,2025,展览,2025国际消费电子展,67545,43023,160.97,6925412.31,939876.71,64970.96,1272696.41,7,0.637,160.97,0.1357,0.1838,True
2025-07-19,3,2025,商业活动,2025科技产品首发仪式,32129,27698,3995.48,110666805.04,64164979.41,702718.36,32563573.35,7,0.8621,3995.48,0.5798,0.2942,True
2025-07-20,3,2025,体育赛事,2025全国运动会田径项目,100334,70432,520.66,36671125.12,13859630.0,327829.2,6268379.6,7,0.702,520.66,0.3779,0.1709,True
2025-07-20,3,2025,文化活动,2025北京国际电影节开幕式,92390,66501,345.36,22966785.36,3793755.03,264614.71,4302780.22,7,0.7198,345.36,0.1652,0.1873,True
2025-07-21,3,2025,演唱会,2025Coldplay北京演唱会,108796,100402,2309.3,231858338.6,116683981.13,4453303.38,40303596.84,7,0.9228,2309.3,0.5033,0.1738,False
2025-07-21,3,2025,商业活动,2025行业峰会论坛,39277,30512,3688.09,112531002.08,95453619.94,894219.11,37342472.54,7,0.7768,3688.09,0.8482,0.3318,False
2025-07-22,3,2025,体育赛事,全国运动会田径项目,123538,96474,1022.89,98682289.86,36271206.96,1036567.82,23415506.65,7,0.7809,1022.89,0.3676,0.2373,False
2025-07-23,3,2025,演唱会,2025薛之谦天外来物巡演,108050,95306,1649.15,157173889.9,57939259.82,2892658.71,25802230.86,7,0.8821,1649.15,0.3686,0.1642,False
2025-07-24,3,2025,演唱会,2025邓紫棋启示录巡演,102778,95737,1251.95,119857937.15,39179556.44,2054876.51,19163013.08,7,0.9315,1251.95,0.3269,0.1599,False
2025-07-24,3,2025,体育赛事,2025亚洲田径锦标赛,137222,87596,1189.82,104223472.72,25028710.8,1011025.48,28040169.31,7,0.6384,1189.82,0.2401,0.269,False
2025-07-25,3,2025,体育赛事,2025全国田径锦标赛,112153,82369,633.85,52209590.65,9291645.28,441288.91,10765563.3,7,0.7344,633.85,0.178,0.2062,False
2025-07-27,3,2025,体育赛事,中国足协杯决赛,139005,86683,961.88,83378644.04,20453279.25,680312.91,23743694.96,7,0.6236,961.88,0.2453,0.2848,True
2025-07-29,3,2025,文化活动,2025北京国际电影节开幕式,73034,50708,913.61,46327335.88,5826564.17,303576.78,8531857.76,7,0.6943,913.61,0.1258,0.1842,False
2025-07-29,3,2025,演唱会,2025BLACKPINK世界巡演北京站,126788,109599,2512.68,275387215.32,95300698.42,3385610.69,34814337.93,7,0.8644,2512.68,0.3461,0.1264,False
2025-07-30,3,2025,展览,2025国际设计周,68554,58118,344.05,19995497.9,2026780.6,315481.02,4616332.3,7,0.8478,344.05,0.1014,0.2309,False
2025-08-01,3,2025,文化活动,世界文化遗产日庆典,55069,40240,577.05,23220492.0,5884610.11,243037.25,3006357.2,8,0.7307,577.05,0.2534,0.1295,False
2025-08-01,3,2025,演唱会,2025华晨宇火星演唱会,65626,61502,1912.97,117651480.94,43046870.79,2165707.9,17199872.75,8,0.9372,1912.97,0.3659,0.1462,False
2025-08-01,3,2025,展览,2025中国品牌日展览,35577,22091,196.03,4330498.73,697429.89,36394.99,850472.44,8,0.6209,196.03,0.1611,0.1964,False
2025-08-02,3,2025,演唱会,2025Taylor Swift世界巡演北京站,86627,75565,2422.51,183056968.15,76937109.04,2258224.62,18568273.45,8,0.8723,2422.51,0.4203,0.1014,True
2025-08-03,3,2025,体育赛事,2025世界田径锦标赛,127630,113220,1147.54,129924478.8,38782301.51,1545836.47,29098547.78,8,0.8871,1147.54,0.2985,0.224,True
2025-08-03,3,2025,展览,2025国际汽车展览会,35690,26028,525.68,13682399.04,1144771.2,222241.82,3396275.36,8,0.7293,525.68,0.0837,0.2482,True
2025-08-04,3,2025,文化活动,国庆文艺汇演,93291,83656,630.77,52767695.12,10610501.76,554273.77,9901458.46,8,0.8967,630.77,0.2011,0.1876,False
2025-08-05,3,2025,文化活动,2025春节文化庙会,86239,56581,376.88,21324247.28,1993975.13,150342.68,4485972.77,8,0.6561,376.88,0.0935,0.2104,False
2025-08-06,3,2025,展览,2025北京国际科技博览会,78528,60941,574.49,35009995.09,3853283.34,316334.88,6092044.8,8,0.776,574.49,0.1101,0.174,False
2025-08-08,3,2025,文化活动,2025央视春晚分会场,101525,90365,444.91,40204292.15,5366139.71,353471.74,5494871.68,8,0.8901,444.91,0.1335,0.1367,False
2025-08-08,3,2025,文化活动,2025冰雪文化节,58097,41476,683.84,28362947.84,4473754.47,350853.28,5335850.62,8,0.7139,683.84,0.1577,0.1881,False
2025-08-08,3,2025,演唱会,2025Taylor Swift世界巡演北京站,64262,55114,2545.4,140287175.6,41857949.88,1764413.59,13459128.35,8,0.8576,2545.4,0.2984,0.0959,False
2025-08-08,3,2025,商业活动,2025品牌周年庆典,28609,25675,2016.31,51768759.25,39036067.62,383035.3,20700847.04,8,0.8974,2016.31,0.754,0.3999,False
2025-08-09,3,2025,演唱会,2025华晨宇火星演唱会,78542,76176,1167.4,88927862.4,42674293.17,1577005.79,9251351.88,8,0.9699,1167.4,0.4799,0.104,True
2025-08-09,3,2025,体育赛事,中国足协杯决赛,104394,81133,1243.75,100909168.75,30185879.37,1146582.5,26479956.83,8,0.7772,1243.75,0.2991,0.2624,True
2025-08-09,3,2025,展览,2025当代艺术大展,58714,35396,351.57,12444171.72,2553682.96,131300.49,1543743.21,8,0.6029,351.57,0.2052,0.1241,True
2025-08-10,3,2025,演唱会,华晨宇火星演唱会,106653,100445,3015.94,302936093.3,135245651.51,4434873.69,46553979.51,8,0.9418,3015.94,0.4464,0.1537,True
2025-08-11,3,2025,体育赛事,中国足协杯决赛,127786,102616,1135.7,116540991.2,16387217.93,1113056.69,19871360.58,8,0.803,1135.7,0.1406,0.1705,False
2025-08-11,3,2025,文化活动,中国传统文化周,51722,35064,892.07,31279542.48,6338279.54,401175.63,5384416.48,8,0.6779,892.07,0.2026,0.1721,False
2025-08-12,3,2025,演唱会,2025薛之谦天外来物巡演,82277,70034,1499.16,104992171.44,28882876.07,2387146.4,15239925.36,8,0.8512,1499.16,0.2751,0.1452,False
2025-08-14,3,2025,体育赛事,NFL中国赛,119063,101595,1136.78,115491164.1,39128821.41,718923.08,28617632.2,8,0.8533,1136.78,0.3388,0.2478,False
2025-08-14,3,2025,文化活动,2025鸟巢光影秀,94993,84824,785.09,66594474.16,14007464.69,983969.63,6927209.14,8,0.893,785.09,0.2103,0.104,False
2025-08-15,3,2025,展览,国际消费电子展,47660,35163,486.98,17123677.74,2623453.78,273954.57,3232087.99,8,0.7378,486.98,0.1532,0.1887,False
2025-08-16,3,2025,演唱会,2025毛不易小王巡演,89647,80254,3325.34,266871836.36,171819139.56,3696144.77,45134747.71,8,0.8952,3325.34,0.6438,0.1691,True
2025-08-16,3,2025,体育赛事,2025国际田联钻石联赛,126048,100801,772.74,77892964.74,12688975.87,715893.54,20143513.22,8,0.7997,772.74,0.1629,0.2586,True
2025-08-16,3,2025,展览,数字艺术沉浸展,58672,42232,222.62,9401687.84,1305314.43,135319.9,1483923.04,8,0.7198,222.62,0.1388,0.1578,True
2025-08-17,3,2025,体育赛事,2025亚洲田径锦标赛,105716,83861,1305.75,109501500.75,28771674.52,661546.11,31801305.74,8,0.7933,1305.75,0.2628,0.2904,True
2025-08-17,3,2025,体育赛事,2025全国田径锦标赛,103199,63946,1179.5,75424307.0,14317314.4,633301.63,21734108.49,8,0.6196,1179.5,0.1898,0.2882,True
2025-08-17,3,2025,文化活动,2025鸟巢光影秀,87068,72201,455.71,32902717.71,5723738.66,409489.36,3693242.29,8,0.8292,455.71,0.174,0.1122,True
2025-08-17,3,2025,展览,2025国际航空航天展,64642,36258,225.16,8163851.28,1529197.41,96423.87,1254285.88,8,0.5609,225.16,0.1873,0.1536,True
2025-08-18,3,2025,体育赛事,2025法国超级杯北京站,97012,65131,842.78,54891104.18,13208897.45,649570.46,10856567.81,8,0.6714,842.78,0.2406,0.1978,False
2025-08-19,3,2025,商业活动,创业大赛总决赛,37567,30548,3415.4,104333639.2,92579039.01,791674.67,44117996.0,8,0.8132,3415.4,0.8873,0.4229,False
2025-08-20,3,2025,体育赛事,2025NFL中国赛,134972,115526,584.79,67558449.54,16176844.05,547815.71,15399888.07,8,0.8559,584.79,0.2394,0.2279,False
2025-08-22,3,2025,体育赛事,2025世界田径锦标赛,108851,85161,1085.88,92474626.68,28421707.95,946477.85,18057284.15,8,0.7824,1085.88,0.3073,0.1953,False
2025-08-22,3,2025,演唱会,2025张杰未LIVE巡演,108381,97351,2190.98,213294093.98,90181472.67,4758487.77,19543686.48,8,0.8982,2190.98,0.4228,0.0916,False
2025-08-23,3,2025,商业活动,互联网大会开幕式,12457,9660,4436.95,42860937.0,23838054.64,285844.28,11121962.9,8,0.7755,4436.95,0.5562,0.2595,True
2025-08-24,3,2025,展览,北京国际科技博览会,42213,25444,322.24,8199074.56,854129.79,133884.61,1530422.91,8,0.6028,322.24,0.1042,0.1867,True
2025-08-29,3,2025,体育赛事,2025中超联赛北京德比,123859,85703,1076.26,92238710.78,15934485.27,614367.52,22728733.75,8,0.6919,1076.26,0.1728,0.2464,False
2025-08-29,3,2025,演唱会,2025刘德华My Love巡演,79086,73145,2668.67,195199867.15,76883412.38,3213168.29,28010559.02,8,0.9249,2668.67,0.3939,0.1435,False
2025-08-29,3,2025,文化活动,2025春节文化庙会,68319,51547,433.69,22355418.43,2947609.25,320855.53,3287058.8,8,0.7545,433.69,0.1319,0.147,False
2025-08-31,3,2025,演唱会,2025孙燕姿克卜勒巡演,115495,107000,1791.82,191724740.0,53611285.79,4626876.59,27572690.24,8,0.9264,1791.82,0.2796,0.1438,True
2025-09-02,3,2025,商业活动,2025电商购物节开幕式,13336,10756,3308.26,35583644.56,34724696.81,133040.63,16007428.01,9,0.8065,3308.26,0.9759,0.4499,False
2025-09-03,3,2025,商业活动,2025创业大赛总决赛,10368,9544,731.51,6981531.44,2201747.8,39379.58,2611251.95,9,0.9205,731.51,0.3154,0.374,False
2025-09-06,3,2025,演唱会,2025张学友经典世界巡演,82406,73623,1479.1,108895779.3,32093809.36,2508496.96,18770247.1,9,0.8934,1479.1,0.2947,0.1724,True
2025-09-07,3,2025,展览,2025中国品牌日展览,49457,40261,420.79,16941426.19,1145091.93,160140.71,3862667.86,9,0.8141,420.79,0.0676,0.228,True
2025-09-08,3,2025,演唱会,BTS巡演北京站,53605,47284,1284.29,60726368.36,19837057.16,789491.62,7585082.14,9,0.8821,1284.29,0.3267,0.1249,False
2025-09-08,3,2025,体育赛事,2025国际马术大师赛,89195,75509,896.94,67727042.46,13118656.74,339224.45,10804686.04,9,0.8466,896.94,0.1937,0.1595,False
2025-09-09,3,2025,体育赛事,2025中国足协杯决赛,85724,76865,815.78,62704929.7,24634055.58,558059.41,15820522.15,9,0.8967,815.78,0.3929,0.2523,False
2025-09-10,3,2025,体育赛事,2025国际田联钻石联赛,82349,64173,943.08,60520272.84,15576751.14,683433.49,10876396.95,9,0.7793,943.08,0.2574,0.1797,False
2025-09-12,3,2025,展览,2025中国品牌日展览,31976,20133,113.02,2275431.66,283825.5,39727.81,427541.7,9,0.6296,113.02,0.1247,0.1879,False
2025-09-12,3,2025,展览,当代艺术大展,45588,35584,435.62,15501102.08,2728737.58,237232.97,2440273.41,9,0.7806,435.62,0.176,0.1574,False
2025-09-12,3,2025,演唱会,2025陈奕迅Fear and Dreams,62196,54136,1403.23,75965259.28,35930058.24,1000003.9,13029880.66,9,0.8704,1403.23,0.473,0.1715,False
2025-09-13,3,2025,文化活动,2025非遗文化展示周,80704,66956,247.03,16540140.68,3008803.66,118448.25,3244026.76,9,0.8296,247.03,0.1819,0.1961,True
2025-09-13,3,2025,商业活动,2025创业大赛总决赛,9012,8501,1495.2,12710695.2,6941405.75,96167.15,4679446.13,9,0.9433,1495.2,0.5461,0.3682,True
2025-09-13,3,2025,文化活动,2025冰雪文化节,76120,67870,803.03,54501646.1,14781014.68,608641.68,6238970.14,9,0.8916,803.03,0.2712,0.1145,True
2025-09-13,3,2025,演唱会,2025邓紫棋启示录巡演,103987,101818,1985.89,202199348.02,75737612.56,2807840.19,19322054.97,9,0.9791,1985.89,0.3746,0.0956,True
2025-09-15,3,2025,展览,2025数字艺术沉浸展,44223,37585,301.26,11322857.1,1091279.89,116195.81,2295377.17,9,0.8499,301.26,0.0964,0.2027,False
2025-09-16,3,2025,演唱会,刘德华My Love巡演,75141,65522,1579.26,103476273.72,53447884.23,1647875.61,11193346.03,9,0.872,1579.26,0.5165,0.1082,False
2025-09-16,3,2025,展览,2025国际摄影大展,38644,28610,443.74,12695401.4,1936301.82,120099.81,3000502.63,9,0.7403,443.74,0.1525,0.2363,False
2025-09-20,3,2025,商业活动,科技产品首发仪式,9708,8386,3076.76,25801709.36,13787766.7,159019.29,9058594.65,9,0.8638,3076.76,0.5344,0.3511,True
2025-09-23,3,2025,展览,国际设计周,62478,51031,308.16,15725712.96,1734916.47,213537.24,2342886.49,9,0.8168,308.16,0.1103,0.149,False
2025-09-23,3,2025,文化活动,2025冰雪文化节,82538,55155,718.0,39601290.0,4827970.13,451854.74,7313261.86,9,0.6682,718.0,0.1219,0.1847,False
2025-09-26,3,2025,体育赛事,NFL中国赛,85115,54342,737.42,40072877.64,9440244.61,453558.99,9733951.4,9,0.6385,737.42,0.2356,0.2429,False
2025-09-26,3,2025,演唱会,2025Coldplay北京演唱会,100839,98688,1864.06,183960353.28,91288244.0,3370871.36,24608606.76,9,0.9787,1864.06,0.4962,0.1338,False
2025-09-27,3,2025,展览,2025中国品牌日展览,55191,45125,230.96,10422070.0,2490383.81,150982.38,2295839.15,9,0.8176,230.96,0.239,0.2203,True
2025-09-28,3,2025,体育赛事,2025国际田联钻石联赛,103416,89376,712.86,63712575.36,17681877.52,575170.21,11549236.95,9,0.8642,712.86,0.2775,0.1813,True
2025-09-28,3,2025,体育赛事,2025世界田径锦标赛,104720,91191,539.1,49161068.1,12861458.66,567436.94,9807436.47,9,0.8708,539.1,0.2616,0.1995,True
2025-10-03,4,2025,演唱会,刘德华My Love巡演,86515,78142,1778.38,138966169.96,36083991.64,3110745.47,17088701.77,10,0.9032,1778.38,0.2597,0.123,False
2025-10-03,4,2025,商业活动,2025品牌新品发布会,13909,11768,3044.29,35825204.72,23577091.5,165654.86,11485264.91,10,0.8461,3044.29,0.6581,0.3206,False
2025-10-04,4,2025,演唱会,2025李荣浩纵横四海巡演,74660,69349,1555.48,107870982.52,40131401.95,2293091.39,13050661.53,10,0.9289,1555.48,0.372,0.121,True
2025-10-04,4,2025,展览,全球创新科技展,32644,19806,143.43,2840774.58,415861.92,36212.42,432106.16,10,0.6067,143.43,0.1464,0.1521,True
2025-10-04,4,2025,文化活动,央视春晚分会场,43341,30270,612.86,18551272.2,2817106.68,154183.83,2977279.14,10,0.6984,612.86,0.1519,0.1605,True
2025-10-07,4,2025,文化活动,2025鸟巢新年音乐会,63489,45382,662.47,30064213.54,8166964.64,386168.28,4899919.71,10,0.7148,662.47,0.2717,0.163,False
2025-10-11,4,2025,文化活动,2025鸟巢光影秀,68281,60018,260.66,15644291.88,3964848.87,112836.96,2339496.29,10,0.879,260.66,0.2534,0.1495,True
2025-10-14,4,2025,文化活动,中国传统文化周,43174,34278,403.83,13842484.74,1829687.34,131269.83,2604352.94,10,0.794,403.83,0.1322,0.1881,False
2025-10-16,4,2025,体育赛事,2025世界斯诺克中国公开赛,81953,67995,403.84,27459100.8,11089035.38,166247.98,7984230.31,10,0.8297,403.84,0.4038,0.2908,False
2025-10-17,4,2025,展览,2025中国品牌日展览,51836,39607,181.86,7202929.02,1064596.03,58098.12,1620594.54,10,0.7641,181.86,0.1478,0.225,False
2025-10-19,4,2025,体育赛事,世界田径锦标赛,96396,85467,952.98,81448341.66,19210540.37,590811.22,16847223.92,10,0.8866,952.98,0.2359,0.2068,True
2025-10-20,4,2025,文化活动,2025春节文化庙会,39461,34679,522.35,18114575.65,2515929.54,158891.48,2789590.22,10,0.8788,522.35,0.1389,0.154,False
2025-10-22,4,2025,演唱会,2025孙燕姿克卜勒巡演,87941,80705,1884.93,152123275.65,40597305.28,3321917.25,25402467.16,10,0.9177,1884.93,0.2669,0.167,False
2025-10-26,4,2025,演唱会,BTS巡演北京站,78439,76453,1273.79,97385066.87,40330593.79,2247896.95,10986597.8,10,0.9747,1273.79,0.4141,0.1128,True
2025-10-28,4,2025,文化活动,2025鸟巢新年音乐会,58767,45747,524.75,24005738.25,2887407.55,358371.33,2655359.63,10,0.7784,524.75,0.1203,0.1106,False
2025-10-28,4,2025,体育赛事,法国超级杯北京站,69352,47281,551.58,26079253.98,8788824.12,231976.96,7354853.33,10,0.6818,551.58,0.337,0.282,False
2025-10-28,4,2025,商业活动,2025金融峰会,11787,8865,978.0,8669970.0,6746607.59,30727.41,2373419.55,10,0.7521,978.0,0.7782,0.2738,False
2025-10-31,4,2025,体育赛事,2025全国田径锦标赛,91367,62641,877.51,54968103.91,14249379.71,456301.76,8330888.87,10,0.6856,877.51,0.2592,0.1516,False
2025-11-04,4,2025,展览,2025数字艺术沉浸展,41510,24000,342.21,8213040.0,819538.08,95947.21,1909401.13,11,0.5782,342.21,0.0998,0.2325,False
2025-11-08,4,2025,文化活动,鸟巢光影秀,34168,30659,373.35,11446537.65,1216934.65,96324.13,1846441.81,11,0.8973,373.35,0.1063,0.1613,True
2025-11-08,4,2025,体育赛事,国际马术大师赛,70787,54320,431.05,23414636.0,7016753.35,199046.97,6430795.75,11,0.7674,431.05,0.2997,0.2746,True
2025-11-10,4,2025,文化活动,2025国庆文艺汇演,35185,26403,452.12,11937324.36,2086376.1,112318.6,1696341.05,11,0.7504,452.12,0.1748,0.1421,False
2025-11-13,4,2025,文化活动,2025鸟巢新年音乐会,50763,34297,543.38,18636303.86,3175205.03,158302.09,3503787.51,11,0.6756,543.38,0.1704,0.188,False
2025-11-14,4,2025,演唱会,2025林俊杰圣所演唱会,65079,60734,1561.39,94829460.26,51085796.79,1634832.83,14659060.24,11,0.9332,1561.39,0.5387,0.1546,False
2025-11-16,4,2025,体育赛事,2025全国运动会田径项目,57682,45592,581.59,26515851.28,6651785.29,212053.98,6669171.27,11,0.7904,581.59,0.2509,0.2515,True
2025-11-19,4,2025,商业活动,品牌周年庆典,13592,11938,1698.23,20273469.74,9235201.63,150685.47,6765326.69,11,0.8783,1698.23,0.4555,0.3337,False
2025-11-20,4,2025,体育赛事,意大利超级杯,74517,56784,640.25,36355956.0,7006054.67,187216.0,8780743.46,11,0.762,640.25,0.1927,0.2415,False
2025-11-22,4,2025,演唱会,陈奕迅Fear and Dreams,61321,58590,951.64,55756587.6,20101166.62,1229331.14,5803882.77,11,0.9555,951.64,0.3605,0.1041,True
2025-11-22,4,2025,商业活动,电商购物节开幕式,22923,19952,1924.41,38395828.32,27645002.33,116323.53,14197883.84,11,0.8704,1924.41,0.72,0.3698,True
2025-11-23,4,2025,演唱会,2025陈奕迅Fear and Dreams,56812,49516,1240.17,61408257.72,22894033.22,868414.97,9688395.5,11,0.8716,1240.17,0.3728,0.1578,True
2025-11-27,4,2025,商业活动,2025互联网大会开幕式,18545,14024,686.54,9628036.96,3829930.09,76426.86,3524655.28,11,0.7562,686.54,0.3978,0.3661,False
2025-11-29,4,2025,演唱会,2025BLACKPINK世界巡演北京站,59562,52907,1047.22,55405268.54,19015937.34,1324147.72,4664871.91,11,0.8883,1047.22,0.3432,0.0842,True
2025-11-29,4,2025,演唱会,2025张学友经典世界巡演,47451,45700,1534.21,70113397.0,23614979.33,1223695.83,9289383.62,11,0.9631,1534.21,0.3368,0.1325,True
2025-11-29,4,2025,演唱会,2025五月天人生无限公司,51950,46507,1278.31,59450363.17,29777498.97,965972.9,8241915.77,11,0.8952,1278.31,0.5009,0.1386,True
2025-11-29,4,2025,体育赛事,NFL中国赛,77535,62744,556.04,34888173.76,8965295.11,347762.5,6654183.65,11,0.8092,556.04,0.257,0.1907,True
2025-11-30,4,2025,体育赛事,2025北京马拉松起点仪式,76939,61958,780.4,48352023.2,12693334.03,553656.1,10817841.02,11,0.8053,780.4,0.2625,0.2237,True
2025-12-01,4,2025,演唱会,2025毛不易小王巡演,56662,53107,913.03,48488284.21,27209398.17,1059617.39,4287493.15,12,0.9373,913.03,0.5612,0.0884,False
2025-12-14,4,2025,展览,2025国际设计周,34011,19425,85.31,1657146.75,272303.21,18136.85,364228.4,12,0.5711,85.31,0.1643,0.2198,True
2025-12-14,4,2025,体育赛事,2025国际马术大师赛,75432,55434,554.75,30752011.5,7120136.03,167201.3,6338125.36,12,0.7349,554.75,0.2315,0.2061,True
2025-12-15,4,2025,体育赛事,2025NBA中国赛北京站,60772,37630,448.91,16892483.3,2511800.54,196424.42,4680271.78,12,0.6192,448.91,0.1487,0.2771,False
2025-12-15,4,2025,文化活动,央视春晚分会场,44450,34817,489.11,17029342.87,4108581.13,133794.0,2526063.82,12,0.7833,489.11,0.2413,0.1483,False
2025-12-15,4,2025,体育赛事,2025亚洲田径锦标赛,74761,61846,345.88,21391294.48,3600697.11,136741.34,3481220.51,12,0.8272,345.88,0.1683,0.1627,False
2025-12-18,4,2025,商业活动,2025电商购物节开幕式,6387,4856,1284.49,6237483.44,1941639.89,31042.35,2186666.41,12,0.7603,1284.49,0.3113,0.3506,False
2025-12-20,4,2025,演唱会,2025Taylor Swift世界巡演北京站,56420,53669,1637.27,87870643.63,43550844.49,1256775.83,8332182.23,12,0.9512,1637.27,0.4956,0.0948,True
2025-12-21,4,2025,文化活动,2025国庆文艺汇演,28629,22865,441.29,10090095.85,2079161.68,133235.73,2130172.26,12,0.7987,441.29,0.2061,0.2111,True
2025-12-24,4,2025,体育赛事,2025北京马拉松起点仪式,70500,53229,330.92,17614540.68,4732187.48,189239.24,4258163.01,12,0.755,330.92,0.2687,0.2417,False
2025-12-28,4,2025,体育赛事,亚洲田径锦标赛,64456,56426,669.33,37767614.58,11604924.27,226626.8,9393878.75,12,0.8754,669.33,0.3073,0.2487,True
2025-12-28,4,2025,演唱会,张杰未LIVE巡演,60437,58168,1635.52,95134927.36,33329182.04,1257928.52,10893231.0,12,0.9625,1635.52,0.3503,0.1145,True
2025-12-29,4,2025,展览,2025中国品牌日展览,43971,34639,230.53,7985328.67,704633.05,73187.74,1716947.42,12,0.7878,230.53,0.0882,0.215,False
2025-12-29,4,2025,体育赛事,2025世界斯诺克中国公开赛,67980,51241,655.26,33576177.66,9013319.12,191539.84,8241159.4,12,0.7538,655.26,0.2684,0.2454,False
2025-12-30,4,2025,文化活动,2025鸟巢新年音乐会,56226,49582,434.89,21562715.98,4059672.39,290182.65,3793149.12,12,0.8818,434.89,0.1883,0.1759,False
2025-12-30,4,2025,展览,2025国际汽车展览会,40152,26573,260.31,6917217.63,1072742.35,92051.7,1517854.86,12,0.6618,260.31,0.1551,0.2194,False
